RowNumber,CustomerId,Surname,CreditScore,Geography,Gender,Age,Tenure,Balance,NumOfProducts,HasCrCard,IsActiveMember,EstimatedSalary,Exited
1,15414799,Dubois,663,France,Female,43,3,67146.18,1,0,0,107688.2,1
2,15445942,Meyer,556,Spain,Female,37,2,24173.05,3,1,0,182209.78,1
3,15222121,Oliveira,574,Germany,Female,32,1,0.0,1,1,0,199763.28,1
4,15415413,Ferreira,405,Germany,Male,46,7,0.0,1,1,1,152155.0,0
5,15139093,Robert,599,France,Male,46,2,27786.54,1,1,1,151296.95,0
6,15754020,Schmidt,632,France,Male,46,1,0.0,2,1,1,158913.79,0
7,15150453,Gomes,757,France,Female,77,5,21393.39,2,1,0,42693.28,1
8,15552647,Meyer,833,Spain,Male,30,4,94815.75,2,1,0,89798.31,0
9,15384159,Meyer,576,Germany,Male,41,5,0.0,1,0,0,155972.69,0
10,15345872,Bernard,664,Germany,Male,36,4,0.0,1,1,0,181708.04,0
11,15861425,Dubois,579,France,Male,32,2,175879.07,1,1,1,186433.86,0
12,15928422,Ferreira,764,Spain,Male,30,0,78153.26,2,1,1,11888.17,0
13,15719440,Dubois,663,Spain,Male,26,0,195008.24,1,1,0,185501.95,0
14,15973309,Souza,698,France,Female,34,8,53069.29,2,1,0,190097.91,0
15,15319775,Lima,734,France,Male,31,4,96585.01,1,1,0,11961.47,0
16,15125556,Oliveira,825,France,Female,60,3,17214.06,2,1,1,13834.02,0
17,15771706,Bernard,449,France,Female,45,4,0.0,1,0,0,62531.22,1
18,15212260,Gomes,590,Germany,Female,70,5,16782.38,3,0,1,22510.73,1
19,15449882,Dubois,687,France,Female,43,3,85716.18,2,1,0,128490.05,0
20,15692264,Martin,542,France,Female,35,6,0.0,1,1,1,95558.74,0
21,15574879,Dubois,725,Germany,Female,40,3,86334.02,2,0,0,55779.55,0
22,15489095,Martin,585,France,Female,34,3,0.0,2,0,1,160599.08,0
23,15999156,Fischer,653,France,Male,37,8,0.0,2,1,0,43959.13,0
24,15734913,Gomes,767,France,Female,45,3,247922.36,1,1,1,155942.39,0
25,15003341,Souza,488,France,Male,46,5,0.0,2,1,1,194907.72,0
26,15978292,Meyer,755,Spain,Female,38,3,85262.3,1,1,1,121139.89,0
27,15676371,Bernard,469,France,Male,23,4,80034.26,1,0,1,167082.33,0
28,15882423,Müller,706,Germany,Male,24,0,0.0,1,1,1,30315.63,0
29,15217908,Bernard,678,Germany,Male,36,2,91954.28,1,1,0,68954.64,0
30,15177041,Meyer,557,France,Male,23,1,155180.69,1,1,1,141643.7,0
31,15908394,Ferreira,745,Germany,Female,54,6,88975.52,2,1,1,143530.63,0
32,15765501,Meyer,505,France,Male,23,8,0.0,1,1,0,33538.01,0
33,15413510,Martin,751,France,Male,47,1,0.0,2,1,0,184322.5,0
34,15894061,Müller,630,Spain,Male,35,1,119447.95,1,1,1,190479.91,0
35,15767889,Bernard,557,Spain,Male,26,4,5953.82,1,1,1,17556.23,0
36,15688663,Oliveira,733,Spain,Female,57,4,0.0,1,1,0,164336.97,1
37,15999064,Fischer,627,France,Male,48,5,0.0,2,0,1,37531.46,0
38,15704881,Schmidt,582,France,Female,32,6,93239.77,2,1,1,34595.69,0
39,15188274,Dubois,695,Germany,Male,52,6,192707.27,2,0,0,143522.15,1
40,15321171,Dubois,663,France,Female,26,2,63509.66,2,1,0,26812.26,0
41,15839143,Alves,746,France,Male,31,0,183620.16,1,1,1,96041.55,0
42,15103465,Oliveira,521,France,Female,41,7,39369.63,1,1,1,83993.15,0
43,15168752,Costa,650,France,Female,46,4,42776.93,1,0,0,139522.38,1
44,15012788,Souza,802,Spain,Male,34,8,15322.59,2,1,0,161611.69,0
45,15442507,Robert,809,France,Male,18,4,0.0,1,0,0,51297.85,0
46,15362013,Souza,726,Germany,Male,60,4,88998.55,2,1,0,46353.23,0
47,15586804,Schmidt,627,France,Female,38,5,70286.65,2,1,0,182378.19,0
48,15910158,Müller,836,Germany,Female,40,2,108613.31,2,1,1,12693.68,0
49,15550193,Thomas,468,Germany,Male,44,2,0.0,2,1,0,117369.97,0
50,15885752,Bernard,614,France,Male,57,7,94847.7,2,0,0,123293.71,0
51,15738262,Thomas,672,Spain,Male,20,2,0.0,2,0,0,165856.56,0
52,15719812,Oliveira,628,Spain,Male,53,2,142483.03,2,1,0,52540.1,0
53,15794446,Müller,676,Spain,Male,41,4,0.0,1,1,0,190456.35,0
54,15343706,Ferreira,673,Spain,Female,35,5,226449.98,2,1,1,24584.52,0
55,15114122,Silva,644,Germany,Male,42,0,164090.69,1,0,0,68835.47,1
56,15383276,Gomes,666,Spain,Male,63,4,0.0,2,0,0,57853.24,0
57,15664807,Alves,731,France,Female,37,3,0.0,1,0,0,52424.79,0
58,15804612,Weber,639,France,Male,26,6,0.0,2,1,1,43073.05,0
59,15408931,Lima,690,France,Male,56,6,216891.79,2,1,0,46617.83,0
60,15273330,Fischer,525,France,Female,41,7,89177.02,2,0,0,157570.65,0
61,15733418,Costa,759,France,Female,39,6,162395.86,1,1,0,193438.34,1
62,15496522,Gomes,732,France,Female,48,6,57936.24,1,1,1,157146.34,0
63,15225430,Müller,600,Spain,Male,45,6,0.0,1,1,1,58726.07,0
64,15750520,Ferreira,720,France,Female,56,2,0.0,2,1,1,58702.58,0
65,15037047,Ferreira,714,France,Female,51,3,0.0,2,1,1,149569.91,0
66,15393830,Fischer,664,Germany,Male,37,5,32331.25,1,0,1,73776.26,0
67,15232673,Dubois,669,France,Male,32,7,0.0,2,1,1,162030.6,0
68,15319276,Santos,736,Spain,Male,47,5,62096.77,1,0,1,14319.31,0
69,15852452,Silva,671,France,Male,31,2,0.0,2,1,1,82278.08,0
70,15178474,Silva,475,Spain,Male,48,8,9763.15,1,1,1,83913.56,0
71,15907769,Ferreira,786,Spain,Male,35,6,0.0,1,0,1,73489.26,0
72,15685723,Martin,541,France,Male,27,6,56989.54,1,1,1,146759.84,0
73,15685935,Weber,537,France,Male,36,6,98733.83,1,1,0,138709.96,0
74,15488205,Robert,676,Spain,Female,50,5,196772.38,2,1,0,199108.14,0
75,15605181,Meyer,704,Germany,Male,58,0,0.0,2,0,1,127226.84,0
76,15831848,Oliveira,637,Germany,Female,50,2,149535.64,2,0,1,168788.99,0
77,15431232,Souza,610,Spain,Female,20,8,195316.92,2,1,1,56539.67,0
78,15328796,Thomas,786,France,Female,40,3,0.0,1,0,0,134552.67,0
79,15647680,Lima,644,France,Female,57,6,130488.85,1,0,1,102733.51,1
80,15808964,Martin,762,France,Male,34,4,0.0,1,1,1,172483.91,0
81,15415537,Thomas,784,Spain,Male,46,7,0.0,1,1,0,177658.68,0
82,15296044,Oliveira,645,Germany,Male,43,4,226197.86,2,1,1,59424.08,0
83,15176077,Martin,443,France,Male,33,5,144263.87,2,1,0,22826.62,0
84,15560461,Silva,831,France,Male,56,2,30229.03,2,0,1,113137.49,0
85,15632783,Silva,695,France,Female,18,1,0.0,1,1,0,74909.99,0
86,15544928,Martin,645,France,Male,43,6,35045.99,1,1,0,145529.99,0
87,15356007,Thomas,641,Germany,Male,36,1,221869.34,2,1,1,12687.98,0
88,15348965,Alves,640,Germany,Female,27,6,77020.85,1,1,0,141277.0,1
89,15747396,Ferreira,563,Spain,Male,42,4,0.0,1,1,0,113113.19,0
90,15258264,Müller,742,France,Female,42,6,1324.01,2,1,1,72567.98,0
91,15038338,Müller,803,France,Female,46,2,69988.64,2,0,0,119656.26,0
92,15316507,Weber,491,Germany,Female,43,4,243712.22,2,0,1,187639.49,0
93,15906666,Müller,579,Spain,Female,50,5,183674.4,4,1,0,178507.41,1
94,15229381,Gomes,744,Germany,Male,35,1,133090.67,2,1,1,176068.03,0
95,15213158,Robert,663,Spain,Male,48,6,184805.68,1,1,0,56214.63,0
96,15785075,Oliveira,777,France,Female,45,3,0.0,2,1,1,87641.4,0
97,15333060,Alves,752,Germany,Male,39,2,123933.32,2,0,0,25264.95,0
98,15899050,Lima,760,France,Male,46,3,197259.86,2,1,1,36113.06,0
99,15503479,Lima,686,France,Female,78,1,55840.06,1,1,0,56161.78,1
100,15639280,Santos,729,France,Female,37,7,90918.0,1,0,1,178086.52,0
101,15123205,Santos,694,France,Male,59,4,135941.03,1,1,1,34189.82,0
102,15586695,Santos,762,Germany,Male,22,2,80574.34,2,0,0,77706.07,0
103,15998828,Gomes,667,France,Male,36,2,102658.06,2,1,0,17193.95,0
104,15886303,Robert,751,Germany,Female,34,6,19092.37,1,0,0,61059.94,1
105,15107577,Martin,522,Spain,Male,48,6,0.0,1,1,1,161945.45,0
106,15142656,Müller,768,France,Female,21,0,108470.32,1,1,1,185962.43,0
107,15759070,Fischer,678,France,Female,59,1,131799.59,2,1,0,89384.45,1
108,15111311,Lima,668,Spain,Male,59,7,240880.59,1,0,0,64277.58,1
109,15968496,Ferreira,740,France,Female,48,3,196866.26,1,1,1,119813.58,0
110,15002279,Weber,644,France,Female,40,2,86424.39,2,1,1,16791.17,0
111,15591781,Weber,753,France,Female,65,2,97803.41,1,1,0,74389.37,1
112,15177515,Thomas,532,France,Female,54,4,249005.49,1,1,0,159682.33,1
113,15131904,Fischer,600,Spain,Male,49,6,0.0,2,1,0,15305.29,0
114,15044355,Costa,581,Spain,Male,45,4,0.0,2,1,1,63524.87,0
115,15298711,Meyer,574,Germany,Female,42,0,0.0,2,1,1,48124.02,0
116,15077654,Ferreira,698,Spain,Female,47,4,0.0,1,1,0,77979.92,0
117,15490456,Thomas,530,Spain,Female,31,3,5471.54,2,0,1,25209.4,0
118,15980646,Fischer,527,France,Male,31,5,8010.19,2,1,1,92066.49,0
119,15366875,Dubois,586,Spain,Female,27,4,46014.47,1,0,1,100224.77,0
120,15873021,Silva,657,Germany,Male,34,8,169131.22,1,0,1,29690.49,0
121,15298057,Souza,732,Spain,Female,50,5,0.0,2,1,1,166265.36,0
122,15092804,Silva,689,Spain,Female,79,5,187162.58,2,1,0,148690.72,1
123,15873777,Santos,729,France,Male,61,4,182236.83,2,1,0,60914.0,1
124,15206821,Silva,585,France,Male,44,3,79298.54,1,1,1,38699.51,0
125,15198058,Oliveira,566,France,Female,42,5,0.0,2,1,0,199662.61,0
126,15472876,Alves,632,France,Male,31,3,0.0,2,1,1,16574.0,0
127,15709106,Thomas,659,Spain,Male,50,6,217507.71,2,1,0,109287.64,0
128,15301724,Dubois,567,Spain,Male,21,2,0.0,2,1,1,150195.55,0
129,15529030,Santos,374,France,Male,34,3,27365.25,1,1,0,188279.14,0
130,15619309,Santos,416,Germany,Male,46,5,193682.24,2,1,0,109965.93,0
131,15533948,Bernard,669,France,Male,35,5,54923.15,2,0,1,120238.04,0
132,15028832,Alves,741,France,Female,24,5,66050.12,1,0,1,179518.93,0
133,15531226,Gomes,542,France,Male,57,5,87349.89,1,1,0,88436.56,1
134,15478858,Robert,643,France,Male,34,3,79814.58,2,0,1,81910.01,0
135,15364454,Dubois,819,Spain,Female,29,7,209507.06,1,0,1,179418.01,0
136,15369798,Silva,727,France,Female,18,0,90688.71,1,0,0,148520.88,0
137,15052525,Alves,640,Germany,Female,35,2,0.0,2,1,0,137167.47,0
138,15872179,Costa,670,Germany,Male,22,1,0.0,1,0,0,42454.04,0
139,15086404,Lima,671,France,Male,58,5,0.0,3,0,0,92043.19,1
140,15111195,Costa,646,Spain,Male,36,3,122762.61,1,1,0,86446.44,0
141,15570468,Martin,504,Spain,Female,55,2,65805.09,1,1,0,183857.32,1
142,15595230,Meyer,636,France,Male,29,4,218244.08,1,1,1,20528.99,0
143,15049379,Costa,624,France,Male,41,5,92963.37,1,0,0,197073.07,0
144,15574686,Thomas,673,France,Female,45,5,53240.44,1,1,0,183712.19,1
145,15815304,Alves,692,France,Male,44,4,126527.45,2,1,1,131470.52,0
146,15605049,Schmidt,603,France,Male,41,9,138979.6,1,1,1,91708.81,0
147,15460739,Schmidt,716,Germany,Male,53,6,63617.73,2,0,1,156695.73,0
148,15777217,Silva,713,Germany,Male,37,2,75420.84,2,1,0,168780.18,0
149,15530043,Oliveira,717,France,Male,49,6,89810.0,2,1,1,44179.36,0
150,15396624,Alves,558,France,Female,59,5,0.0,2,0,1,176571.42,0
151,15039868,Ferreira,815,Spain,Male,25,1,232126.46,2,1,0,39209.83,0
152,15043503,Oliveira,539,France,Female,19,0,127249.3,1,1,1,87943.25,0
153,15424172,Thomas,795,France,Female,36,6,60253.56,1,1,1,49935.38,0
154,15583552,Thomas,702,France,Female,45,4,0.0,2,0,0,113355.91,0
155,15409139,Costa,764,Spain,Male,38,5,204044.38,2,0,1,187047.93,0
156,15916435,Souza,629,France,Female,40,3,105297.73,1,1,0,76486.13,1
157,15535624,Costa,498,Germany,Female,32,8,238890.7,1,1,0,165722.11,1
158,15876005,Ferreira,566,Spain,Female,44,5,0.0,2,1,1,108191.32,0
159,15490003,Pereira,649,France,Male,36,8,0.0,1,1,0,165004.54,0
160,15332067,Dubois,687,Germany,Male,31,1,32368.0,4,1,0,181233.14,1
161,15363082,Lima,730,France,Male,48,5,0.0,1,0,0,93412.71,0
162,15813415,Alves,452,Germany,Male,71,5,73333.35,1,1,0,86042.53,1
163,15388401,Santos,656,Germany,Male,44,2,75806.05,1,0,0,51583.09,1
164,15682449,Alves,781,Germany,Female,54,3,193020.38,2,1,0,179421.6,1
165,15947901,Silva,850,France,Male,38,2,28947.7,2,1,0,151890.7,0
166,15366845,Weber,850,Spain,Female,37,9,238362.11,2,1,0,98539.2,0
167,15179219,Souza,842,France,Female,35,4,82258.87,2,1,1,85207.61,0
168,15973179,Oliveira,639,France,Female,58,3,0.0,1,0,0,30858.09,1
169,15399691,Dubois,689,France,Male,34,5,201913.98,1,0,1,49276.32,0
170,15819947,Alves,759,Germany,Male,59,5,0.0,2,1,0,64918.38,0
171,15079380,Lima,751,Germany,Male,69,3,0.0,1,1,0,178288.68,1
172,15903803,Dubois,590,France,Female,23,9,0.0,1,0,1,137357.5,0
173,15896146,Robert,625,Germany,Male,21,6,229316.48,1,1,1,46396.18,0
174,15466851,Alves,567,France,Female,28,3,0.0,1,1,0,77861.84,0
175,15314671,Oliveira,705,Germany,Female,33,5,28040.82,1,1,0,46934.93,1
176,15685223,Costa,732,France,Female,27,5,55335.82,2,1,1,66515.86,0
177,15509630,Müller,640,Germany,Male,54,2,0.0,2,0,1,40956.82,0
178,15102873,Oliveira,686,France,Female,22,7,65509.71,3,1,1,166093.76,1
179,15372175,Gomes,769,Spain,Male,39,6,10855.58,2,1,1,22528.69,0
180,15520919,Costa,705,France,Male,34,6,80562.93,2,0,1,95731.81,0
181,15364106,Fischer,461,France,Male,60,2,0.0,1,1,0,65458.37,1
182,15428612,Lima,658,France,Male,44,2,0.0,2,0,0,87835.98,0
183,15268911,Thomas,622,Spain,Female,53,2,92652.94,2,1,1,180028.6,0
184,15622880,Ferreira,611,Spain,Female,79,1,67686.42,1,1,0,97867.49,1
185,15378177,Robert,613,France,Male,48,8,0.0,1,1,1,93622.8,0
186,15449657,Gomes,419,Germany,Male,33,6,0.0,1,0,1,90694.08,0
187,15294030,Schmidt,773,Spain,Male,34,1,16549.56,1,0,1,38860.69,0
188,15448544,Oliveira,683,Germany,Male,35,5,72607.41,1,0,1,116845.45,0
189,15215971,Costa,813,Germany,Female,46,2,95783.44,2,0,1,64571.9,0
190,15347627,Alves,497,France,Female,29,0,0.0,2,0,1,126964.3,0
191,15760538,Santos,586,France,Male,30,3,0.0,2,0,0,136451.25,0
192,15816358,Pereira,586,Spain,Female,48,4,46111.73,2,0,0,165051.66,0
193,15516499,Dubois,657,Spain,Female,44,0,31005.19,1,1,1,144406.34,0
194,15033764,Müller,605,Germany,Male,44,3,0.0,2,0,1,127646.45,0
195,15293410,Fischer,699,France,Female,34,5,54870.71,2,0,1,156585.77,0
196,15938592,Thomas,850,France,Male,53,2,153142.55,1,1,0,136229.45,1
197,15305408,Thomas,646,Germany,Male,41,4,55601.16,2,0,0,76285.46,0
198,15579048,Schmidt,723,Spain,Male,25,7,0.0,1,0,0,32941.71,0
199,15223979,Thomas,600,Spain,Female,58,0,0.0,2,1,1,153554.08,0
200,15119775,Gomes,769,Spain,Female,71,6,61683.0,1,1,0,52503.83,1
201,15787861,Alves,715,Germany,Male,25,3,0.0,2,0,1,173996.17,0
202,15064026,Bernard,703,France,Female,39,4,24876.02,1,0,0,143241.62,1
203,15193716,Souza,644,France,Female,48,2,59443.63,2,1,1,96047.21,0
204,15419605,Martin,752,Spain,Female,25,5,77051.27,1,0,1,193045.97,0
205,15850341,Müller,715,Germany,Female,51,6,0.0,2,1,1,153078.84,0
206,15460552,Santos,791,France,Female,33,2,18949.83,1,0,0,102347.84,1
207,15557609,Weber,553,France,Male,54,3,35806.68,1,1,1,68082.53,0
208,15613321,Martin,671,Germany,Female,50,5,0.0,2,1,1,61492.54,0
209,15284119,Dubois,656,France,Female,43,4,69125.11,2,1,0,60686.83,0
210,15504278,Costa,618,France,Male,40,3,108836.79,2,0,0,98403.47,0
211,15448247,Weber,675,Germany,Male,32,4,115948.98,2,1,1,47573.38,0
212,15547452,Oliveira,723,Germany,Female,22,3,0.0,2,1,1,146187.24,0
213,15680741,Dubois,713,Germany,Female,32,3,98518.42,2,1,1,168736.77,0
214,15743732,Gomes,689,France,Male,40,5,110089.74,1,1,1,26733.46,0
215,15375348,Fischer,565,Germany,Male,59,4,172014.06,1,0,1,151834.59,1
216,15791596,Fischer,687,France,Male,33,5,98929.4,1,1,1,107043.61,0
217,15581409,Santos,524,France,Male,41,6,0.0,1,0,1,26960.72,0
218,15292916,Silva,676,Germany,Female,33,8,0.0,1,0,0,68755.21,1
219,15199542,Santos,601,Germany,Male,51,2,0.0,2,1,0,178296.5,0
220,15142417,Thomas,763,Spain,Female,79,5,209717.71,2,0,0,146623.07,1
221,15010226,Souza,642,Germany,Male,33,5,79918.88,1,1,0,86732.67,0
222,15665679,Martin,554,Germany,Male,58,6,0.0,1,0,1,145779.18,0
223,15009378,Souza,719,France,Male,42,7,244821.91,1,1,1,60758.11,0
224,15484273,Bernard,648,France,Female,51,6,196097.6,3,1,1,46391.82,1
225,15675886,Costa,631,France,Female,41,5,232645.33,2,1,0,184703.37,0
226,15896654,Costa,619,France,Male,31,2,118821.63,1,1,0,73535.78,0
227,15750462,Martin,592,Spain,Male,31,3,0.0,2,1,0,51510.46,0
228,15824859,Souza,727,France,Male,22,5,156625.35,1,1,0,125231.2,0
229,15684467,Oliveira,628,Spain,Female,48,2,0.0,1,1,0,177626.06,0
230,15076014,Pereira,709,Germany,Female,73,2,133069.91,2,1,1,154621.19,1
231,15360030,Schmidt,697,Spain,Male,43,7,246964.39,2,0,0,94690.49,0
232,15014000,Lima,750,Germany,Female,38,8,76556.27,1,1,1,131427.76,0
233,15627977,Silva,658,Germany,Male,57,0,54394.01,1,1,0,49595.68,1
234,15250754,Schmidt,475,France,Male,53,6,0.0,1,0,1,107764.04,0
235,15081678,Ferreira,725,France,Male,34,8,0.0,2,0,1,169585.77,0
236,15790036,Silva,628,Germany,Male,21,4,62157.81,2,1,1,187502.52,0
237,15562355,Santos,621,France,Male,19,4,68873.38,2,1,1,149454.3,0
238,15126082,Costa,850,France,Female,54,7,0.0,2,1,1,85379.56,0
239,15536412,Meyer,758,Germany,Male,53,0,184419.26,1,1,0,61919.13,1
240,15053728,Pereira,685,France,Female,37,6,0.0,2,0,1,72079.17,0
241,15150629,Müller,623,Spain,Male,34,3,10777.23,1,0,1,152918.59,0
242,15052065,Costa,666,Spain,Female,53,5,0.0,2,1,1,48074.97,0
243,15075867,Martin,427,Spain,Male,71,3,178126.94,1,0,0,87374.4,1
244,15540380,Dubois,754,France,Female,60,4,0.0,2,1,1,193226.9,0
245,15254127,Alves,564,France,Female,45,6,19156.96,1,0,1,184398.47,0
246,15662396,Gomes,514,Spain,Male,31,2,0.0,1,0,0,184814.43,0
247,15989949,Alves,546,France,Female,47,5,245854.48,2,0,1,21788.98,0
248,15137205,Ferreira,601,Spain,Male,32,7,56828.62,2,0,0,187626.09,0
249,15283239,Thomas,690,Spain,Male,54,7,110185.51,2,0,0,46666.97,0
250,15357319,Martin,651,Spain,Female,32,7,0.0,1,1,1,153579.76,0
251,15752455,Silva,560,France,Male,51,4,89043.46,2,0,0,47659.15,0
252,15190396,Müller,582,France,Female,35,6,249119.21,1,1,0,84837.1,1
253,15163871,Souza,528,Spain,Female,58,4,0.0,1,1,0,89542.32,1
254,15326712,Weber,726,France,Female,37,4,162855.44,1,1,1,106000.74,0
255,15320071,Costa,731,France,Male,40,3,111425.86,2,0,0,179790.04,0
256,15940781,Souza,795,Germany,Female,42,3,27108.23,1,1,1,131325.97,0
257,15818791,Dubois,640,Spain,Male,24,0,0.0,2,1,1,48512.0,0
258,15012087,Schmidt,665,Germany,Male,66,4,0.0,2,0,0,92576.64,1
259,15703024,Robert,693,Germany,Male,47,3,179743.67,1,1,1,38838.14,0
260,15839666,Souza,724,France,Female,41,2,61892.63,4,0,0,75360.62,1
261,15860958,Fischer,473,Germany,Male,53,2,0.0,3,1,0,91649.31,1
262,15332067,Dubois,599,Spain,Male,55,3,123856.76,2,1,0,70508.8,0
263,15933804,Schmidt,614,France,Male,45,7,0.0,1,1,1,157022.02,0
264,15731730,Ferreira,494,Germany,Male,52,4,63798.07,1,0,1,14360.2,1
265,15953174,Schmidt,761,Spain,Male,27,4,0.0,1,1,1,187459.67,0
266,15178174,Oliveira,488,Germany,Female,23,1,73949.9,1,0,1,110086.69,0
267,15186843,Souza,509,Germany,Male,44,4,63416.96,2,1,1,162711.49,0
268,15217979,Santos,600,Germany,Female,37,5,5709.6,2,1,0,47053.14,0
269,15361920,Silva,623,France,Female,31,2,0.0,2,1,1,77649.11,0
270,15397829,Meyer,788,France,Female,39,8,60549.29,1,1,0,193961.72,1
271,15005055,Oliveira,850,Spain,Female,39,7,215137.58,1,1,1,113150.45,0
272,15351201,Weber,668,Spain,Female,51,9,240676.7,3,1,0,79235.09,1
273,15602894,Weber,580,Spain,Male,50,3,54137.85,2,1,1,199727.9,0
274,15764510,Fischer,531,Spain,Female,66,6,0.0,2,1,0,141442.8,1
275,15984420,Oliveira,712,Germany,Male,52,3,51255.87,1,1,0,163900.07,1
276,15057358,Costa,530,Germany,Male,34,6,0.0,2,1,0,48132.55,0
277,15345257,Costa,621,Spain,Male,36,8,197492.35,2,0,1,14158.86,0
278,15508168,Meyer,756,Germany,Male,40,2,0.0,1,1,1,183924.34,0
279,15555754,Ferreira,706,Germany,Female,51,2,19173.02,2,0,1,68804.94,0
280,15845797,Silva,579,Spain,Female,19,1,0.0,2,1,0,155605.61,0
281,15170049,Robert,722,Spain,Female,32,6,0.0,1,1,1,92560.89,0
282,15052041,Martin,581,France,Female,56,5,13907.77,2,1,0,177899.65,0
283,15726894,Thomas,781,France,Male,46,4,0.0,2,1,0,60404.54,0
284,15020924,Costa,577,France,Male,38,6,0.0,2,0,0,111391.97,0
285,15176700,Müller,768,Germany,Female,35,6,60500.49,2,1,0,80451.76,0
286,15272932,Weber,568,France,Female,59,8,214652.38,1,0,1,140726.24,1
287,15170266,Fischer,735,France,Female,54,2,59173.25,1,0,0,112728.32,1
288,15197230,Fischer,710,Germany,Female,38,4,244519.7,2,1,1,150274.76,0
289,15662300,Alves,580,France,Male,37,7,0.0,1,0,1,93951.46,0
290,15731967,Dubois,836,Germany,Female,57,4,0.0,4,0,1,158461.64,1
291,15781665,Pereira,512,France,Male,60,4,151451.0,2,1,1,107278.84,0
292,15752241,Dubois,617,France,Female,55,8,0.0,1,0,0,33312.96,1
293,15151947,Lima,550,Spain,Female,43,6,81865.67,1,0,1,149461.34,0
294,15482143,Weber,679,France,Male,51,4,14763.7,1,1,1,92575.38,0
295,15602841,Schmidt,680,France,Male,32,3,66976.07,2,1,0,159273.35,0
296,15119342,Pereira,546,Germany,Male,24,7,141388.16,1,0,1,182307.91,0
297,15562185,Oliveira,644,Spain,Male,44,0,150962.24,1,1,1,182209.87,0
298,15328685,Martin,797,France,Female,41,3,171797.13,2,1,1,159089.76,0
299,15542219,Ferreira,702,Germany,Female,59,8,0.0,1,1,0,33769.33,1
300,15891703,Souza,812,France,Male,26,4,41864.84,2,1,1,192955.66,0
301,15811558,Oliveira,689,France,Male,54,5,0.0,1,1,0,110311.29,1
302,15853824,Dubois,501,Germany,Male,35,4,93827.34,2,1,1,183799.49,0
303,15945543,Schmidt,559,Germany,Female,43,3,0.0,1,1,1,140801.56,0
304,15461046,Santos,652,Germany,Male,19,5,118879.71,1,1,1,51304.61,0
305,15543664,Fischer,553,Germany,Female,44,6,79054.31,2,1,0,130233.9,0
306,15725156,Gomes,661,Spain,Male,49,3,78374.54,1,1,0,81157.5,0
307,15111948,Thomas,755,Germany,Male,36,5,146816.1,1,1,1,14812.17,0
308,15896907,Bernard,782,France,Female,35,1,249858.77,2,1,1,170980.89,0
309,15234766,Ferreira,644,Spain,Male,47,4,94257.7,1,1,1,196354.23,0
310,15907421,Müller,575,France,Female,51,6,228323.52,1,1,0,110614.0,1
311,15699394,Fischer,740,France,Male,35,5,0.0,1,0,1,71473.72,0
312,15463843,Ferreira,713,France,Female,35,7,0.0,1,1,0,51818.07,0
313,15938814,Bernard,646,France,Male,33,3,68136.75,2,1,0,59459.68,0
314,15739168,Souza,596,Spain,Female,66,4,0.0,1,0,1,169390.1,1
315,15065970,Weber,463,Spain,Male,32,1,73335.1,1,0,1,40913.71,0
316,15241363,Dubois,681,Germany,Male,29,5,52989.33,1,1,1,186884.32,0
317,15387207,Schmidt,689,France,Male,53,4,69666.74,1,1,0,91837.61,1
318,15857401,Schmidt,850,France,Female,49,4,0.0,1,1,1,135258.81,0
319,15340894,Silva,612,France,Male,28,2,58603.39,1,1,1,91328.45,0
320,15750421,Pereira,682,France,Female,71,9,0.0,1,1,0,199458.41,1
321,15332301,Dubois,679,Germany,Male,41,6,216807.02,1,1,1,81778.49,0
322,15955958,Lima,748,Germany,Female,50,3,249159.39,2,1,0,82568.53,1
323,15025301,Gomes,735,Germany,Male,32,5,58083.96,2,1,0,175777.09,0
324,15091495,Martin,797,France,Female,59,5,54959.06,2,1,1,33449.97,0
325,15176294,Pereira,699,Spain,Female,38,8,0.0,1,1,0,45064.29,0
326,15869086,Müller,704,Germany,Female,34,6,35060.99,1,1,1,195461.23,0
327,15168940,Bernard,768,Germany,Female,24,3,0.0,1,1,1,29267.98,0
328,15289071,Robert,674,Germany,Female,49,8,51032.56,1,0,0,19800.21,1
329,15692861,Souza,651,France,Male,46,3,66325.64,2,1,1,154263.76,0
330,15912826,Müller,799,France,Male,42,5,0.0,4,1,0,99379.15,1
331,15633737,Weber,764,France,Male,36,5,168121.0,2,0,1,111356.51,0
332,15075758,Schmidt,605,Spain,Male,49,3,114987.56,2,1,0,108743.41,0
333,15373676,Gomes,635,France,Female,51,8,0.0,1,1,0,177326.85,1
334,15532148,Gomes,659,France,Male,40,2,0.0,1,1,0,83009.08,0
335,15757890,Fischer,728,France,Female,58,4,107331.05,1,1,0,162936.77,1
336,15218851,Müller,595,France,Male,37,2,44689.76,2,1,0,119559.31,0
337,15172771,Ferreira,474,Spain,Female,46,7,0.0,2,1,1,39954.17,0
338,15573746,Robert,731,Germany,Female,19,2,130460.17,2,1,1,147417.44,0
339,15455428,Bernard,626,France,Female,48,0,93044.2,2,1,0,29425.52,0
340,15884924,Silva,531,France,Male,71,0,0.0,2,1,0,58606.15,0
341,15531320,Meyer,503,France,Female,65,4,39616.3,1,1,0,116329.35,1
342,15996293,Schmidt,777,France,Male,36,4,210879.49,1,0,0,95959.92,0
343,15952739,Schmidt,773,France,Female,33,0,22567.69,1,1,0,108908.53,1
344,15472202,Silva,689,France,Male,26,1,0.0,1,1,1,106650.84,0
345,15837315,Souza,606,France,Male,53,1,0.0,1,0,0,115633.9,1
346,15408423,Oliveira,625,Germany,Female,46,5,183797.29,2,1,0,66771.57,1
347,15503268,Ferreira,594,Germany,Male,40,3,63879.14,2,1,0,88839.33,0
348,15685666,Weber,582,France,Male,21,5,0.0,2,1,0,151510.68,0
349,15935545,Santos,624,France,Male,61,1,181826.26,2,1,0,175065.9,1
350,15091027,Silva,549,Germany,Male,49,7,0.0,1,0,1,17055.01,0
351,15731254,Lima,545,Germany,Male,33,3,0.0,2,1,1,85820.29,0
352,15504932,Meyer,494,Spain,Male,32,6,48127.02,2,0,1,83238.66,0
353,15573500,Costa,520,Germany,Female,40,6,0.0,1,1,0,112480.05,1
354,15458994,Dubois,577,France,Male,45,9,157587.04,1,1,0,11836.99,0
355,15130978,Costa,522,France,Female,51,6,13016.16,2,1,1,67907.29,0
356,15830857,Gomes,719,Germany,Female,52,4,61947.73,2,1,0,128253.3,1
357,15110325,Müller,630,France,Male,38,2,0.0,1,1,0,54914.06,0
358,15932412,Müller,697,Germany,Female,54,0,231965.63,2,0,1,22053.97,0
359,15416455,Gomes,624,Spain,Female,36,7,232702.63,1,1,0,55545.65,1
360,15366460,Ferreira,595,Germany,Male,31,4,140889.68,2,1,1,170577.65,0
361,15598668,Lima,750,France,Male,68,6,93167.84,2,1,1,62727.39,0
362,15611692,Costa,591,Germany,Male,32,4,119989.25,1,1,0,98596.83,1
363,15000686,Martin,585,France,Male,31,7,155337.59,1,1,0,33507.22,0
364,15669731,Lima,706,Germany,Male,77,6,0.0,1,1,1,149358.66,1
365,15659997,Lima,628,Spain,Female,22,1,0.0,1,1,1,92085.73,0
366,15728864,Robert,713,France,Female,48,6,0.0,2,0,0,46911.83,0
367,15630457,Lima,613,Spain,Male,74,3,177384.17,1,1,1,193850.16,1
368,15774708,Bernard,478,Spain,Female,44,6,0.0,2,0,0,169615.16,0
369,15968600,Schmidt,602,France,Male,20,8,0.0,2,1,1,81812.39,0
370,15854390,Santos,732,France,Male,40,8,230494.64,1,1,0,34608.48,0
371,15478735,Dubois,514,France,Female,18,2,0.0,1,0,0,127966.78,0
372,15232067,Fischer,627,France,Male,37,1,0.0,2,1,0,158767.74,0
373,15151139,Ferreira,471,France,Male,58,6,199028.45,2,1,0,176732.71,0
374,15118222,Oliveira,647,Germany,Male,40,5,214577.51,1,0,0,90991.68,1
375,15186610,Robert,684,France,Male,31,2,59346.58,2,1,1,51352.31,0
376,15288482,Dubois,580,France,Male,46,5,0.0,1,0,1,51887.4,0
377,15847939,Ferreira,698,Spain,Female,45,0,0.0,2,1,0,14963.28,0
378,15951197,Oliveira,433,France,Male,55,5,0.0,2,1,0,160280.76,0
379,15597892,Robert,850,Spain,Male,39,6,223251.43,2,1,1,106979.0,0
380,15997527,Santos,777,France,Male,53,5,0.0,1,1,0,185870.57,1
381,15942015,Meyer,725,France,Male,41,1,68483.09,1,1,1,43889.16,0
382,15947848,Meyer,744,Germany,Male,34,9,121827.99,1,1,1,70298.43,0
383,15069134,Schmidt,720,Germany,Female,34,3,116992.17,1,0,0,173135.14,1
384,15320762,Souza,708,Spain,Male,35,3,92390.95,2,1,1,127762.6,0
385,15457946,Pereira,779,Germany,Male,47,1,0.0,1,0,0,78470.7,0
386,15812704,Martin,603,Spain,Female,33,2,0.0,2,0,1,62037.78,0
387,15922814,Martin,542,France,Female,54,3,0.0,2,0,0,121624.72,0
388,15091187,Oliveira,468,France,Male,50,6,64670.56,1,0,0,84203.64,0
389,15649467,Costa,678,Germany,Male,55,5,1590.55,2,0,0,61486.74,0
390,15755121,Bernard,716,Spain,Male,29,5,68577.56,2,1,1,82625.83,0
391,15628000,Robert,728,Spain,Male,35,6,0.0,1,0,0,144677.5,0
392,15142623,Martin,530,France,Male,28,9,143312.39,1,0,1,90645.2,0
393,15119165,Costa,602,France,Male,36,3,78165.75,1,0,0,101056.21,0
394,15845508,Santos,581,Spain,Male,53,3,96542.01,2,1,1,137233.81,0
395,15714890,Costa,665,France,Female,24,6,0.0,1,1,0,102869.69,0
396,15528239,Silva,611,Spain,Male,36,5,90747.36,2,1,1,191030.72,0
397,15440479,Bernard,606,Spain,Male,30,0,0.0,2,1,1,24764.88,0
398,15400390,Costa,689,France,Male,31,5,117979.2,1,1,1,138717.77,0
399,15750678,Müller,674,Germany,Male,58,6,22495.39,2,0,0,174054.0,0
400,15083488,Costa,699,Spain,Male,41,9,0.0,2,1,0,62594.19,0
401,15504827,Thomas,674,France,Female,49,5,132219.91,1,1,1,89381.21,0
402,15824505,Oliveira,524,Spain,Female,31,5,0.0,1,1,0,83626.58,0
403,15275646,Lima,509,Germany,Female,67,6,92026.46,1,1,0,183247.49,1
404,15605515,Silva,726,Spain,Female,42,1,0.0,1,0,1,71293.78,0
405,15451091,Martin,654,France,Male,40,6,0.0,2,1,1,114446.49,0
406,15173022,Weber,768,Spain,Female,32,4,0.0,2,1,1,42430.08,0
407,15263136,Lima,747,France,Female,58,1,0.0,2,1,1,19596.48,0
408,15116421,Fischer,666,France,Male,42,5,69176.55,1,1,0,136648.46,0
409,15041287,Robert,751,Spain,Male,44,2,6614.83,1,0,1,114846.13,0
410,15887285,Ferreira,825,France,Female,37,4,171682.0,2,1,1,27797.02,0
411,15505986,Bernard,661,France,Male,38,3,69175.53,2,1,0,191852.72,0
412,15222582,Bernard,544,Spain,Male,49,1,221822.75,2,0,0,92629.75,0
413,15527064,Oliveira,669,Spain,Female,45,2,0.0,1,0,0,101991.13,0
414,15695131,Meyer,726,Germany,Female,45,4,0.0,1,1,0,100686.26,1
415,15873294,Oliveira,732,Germany,Male,47,4,28035.84,1,1,0,107750.84,1
416,15631670,Lima,596,France,Male,34,2,230450.95,1,1,0,102473.63,0
417,15261158,Souza,570,France,Male,57,3,5159.23,2,0,0,169114.98,0
418,15101690,Silva,637,France,Female,71,6,88424.32,1,1,1,100050.58,1
419,15885768,Ferreira,810,Germany,Female,57,7,0.0,2,0,1,116363.31,0
420,15176106,Costa,639,Spain,Male,40,4,60359.5,2,0,1,69485.16,0
421,15033441,Martin,673,Spain,Female,38,4,89616.37,1,1,0,113228.39,0
422,15386014,Costa,710,Spain,Female,51,5,40245.32,1,0,0,125799.42,1
423,15569893,Schmidt,699,France,Male,44,2,74246.6,2,1,0,150751.36,0
424,15212590,Bernard,716,France,Female,45,9,45676.87,1,0,0,170582.63,1
425,15377782,Alves,644,France,Male,60,6,176952.76,1,1,1,132902.64,0
426,15532575,Weber,638,Germany,Male,45,2,0.0,1,0,0,37961.3,0
427,15886760,Weber,597,France,Female,45,3,0.0,2,1,1,29594.07,0
428,15039437,Alves,687,Spain,Male,19,5,218066.72,2,1,1,122635.46,0
429,15860069,Dubois,846,France,Female,18,3,5783.46,1,1,1,60109.86,0
430,15691535,Thomas,752,France,Male,19,3,36058.72,2,0,1,160650.67,0
431,15701449,Lima,561,France,Female,53,6,7719.93,2,1,0,186609.04,0
432,15541887,Robert,698,Spain,Female,33,3,0.0,2,1,1,91895.74,0
433,15176657,Fischer,615,Germany,Male,32,5,99496.8,1,1,1,127413.01,0
434,15206143,Müller,623,France,Male,54,8,0.0,1,1,0,141666.61,1
435,15824761,Pereira,686,France,Male,48,2,44849.32,2,1,1,157403.58,0
436,15552602,Weber,613,Germany,Female,43,2,107887.67,2,0,0,103140.53,1
437,15029183,Alves,626,France,Female,32,8,0.0,2,1,0,21826.62,0
438,15790894,Weber,557,Spain,Male,58,2,75831.28,2,0,1,46522.41,0
439,15852064,Oliveira,646,Germany,Male,28,0,138716.52,3,0,1,20975.17,1
440,15096548,Alves,656,France,Female,27,6,42279.96,1,0,1,108643.45,0
441,15540051,Müller,716,France,Male,35,3,52922.05,2,1,0,121082.73,0
442,15244610,Silva,475,Spain,Male,34,3,0.0,1,1,1,15928.84,0
443,15595668,Martin,677,France,Male,32,2,77173.8,1,0,0,67828.44,0
444,15575947,Müller,550,France,Male,45,7,11016.38,1,0,0,185253.36,0
445,15577840,Santos,431,Spain,Female,32,6,195779.66,2,1,0,21277.61,0
446,15267399,Robert,758,Spain,Male,41,5,0.0,2,1,0,102731.75,0
447,15844388,Dubois,690,Spain,Female,20,4,0.0,1,0,1,137988.59,0
448,15408543,Gomes,834,Spain,Male,30,2,0.0,2,0,0,66588.8,0
449,15006855,Santos,698,France,Male,41,7,0.0,2,0,1,180947.99,0
450,15707179,Santos,723,France,Male,52,6,172816.49,1,0,0,39269.75,1
451,15472066,Lima,474,Spain,Male,56,3,163953.0,2,0,0,142169.05,0
452,15266838,Thomas,727,Germany,Male,79,8,212777.56,2,0,0,89868.74,1
453,15188723,Alves,641,France,Male,45,8,0.0,2,1,0,59396.29,0
454,15892106,Dubois,620,Spain,Male,47,5,0.0,1,1,0,96038.9,0
455,15808509,Fischer,685,France,Male,43,9,241648.38,2,0,1,114646.77,0
456,15427861,Martin,674,France,Male,43,2,0.0,1,0,1,55784.67,0
457,15402869,Silva,612,France,Female,24,6,67474.39,1,1,0,184286.05,0
458,15081393,Oliveira,750,France,Female,48,2,87013.56,1,0,1,31648.55,0
459,15120301,Meyer,627,France,Female,34,5,0.0,1,1,0,117122.19,0
460,15365318,Oliveira,848,France,Male,34,7,114430.49,1,1,0,102248.88,0
461,15931011,Robert,635,France,Male,47,4,201503.94,1,1,1,174245.31,0
462,15054417,Martin,659,Germany,Male,24,6,13769.12,1,0,0,96513.38,0
463,15954671,Gomes,675,Germany,Male,36,2,65329.04,2,1,0,123843.46,0
464,15818487,Silva,599,Germany,Male,22,5,70756.86,2,1,0,185835.82,0
465,15665260,Gomes,746,Spain,Female,72,1,77478.08,2,1,1,20883.79,0
466,15494299,Thomas,737,France,Female,29,0,16746.43,1,0,1,109620.45,0
467,15043231,Schmidt,473,France,Female,37,5,0.0,1,0,1,185666.46,0
468,15131981,Müller,508,Spain,Female,60,5,0.0,1,1,0,30092.46,1
469,15843140,Silva,445,France,Male,41,3,0.0,1,0,0,178137.48,0
470,15297452,Bernard,559,Spain,Male,29,4,144381.98,2,1,1,15430.07,0
471,15279659,Schmidt,517,France,Male,37,5,43050.14,1,0,0,166576.36,0
472,15240295,Dubois,627,Spain,Male,21,5,207575.27,2,1,0,175848.8,0
473,15953489,Oliveira,702,France,Male,32,1,0.0,2,0,1,13476.03,0
474,15845212,Souza,850,Spain,Female,23,5,57312.48,2,1,0,53872.4,0
475,15024528,Dubois,547,Germany,Male,35,5,4296.11,3,1,1,91165.92,1
476,15226926,Martin,703,Spain,Female,51,5,0.0,2,0,0,97380.85,0
477,15704767,Weber,810,France,Female,49,6,5534.39,2,1,0,129895.63,0
478,15508820,Bernard,590,Germany,Female,41,5,23172.59,1,1,0,26026.68,1
479,15404961,Ferreira,850,Spain,Male,33,8,0.0,1,1,1,15111.64,0
480,15601236,Ferreira,745,Germany,Female,39,8,0.0,2,0,0,47991.63,0
481,15317171,Alves,568,Germany,Female,56,6,158208.8,1,1,1,160041.19,1
482,15507432,Meyer,616,Germany,Male,20,3,84757.33,1,1,1,71695.36,0
483,15709473,Weber,767,France,Male,58,2,67509.19,2,1,1,146652.59,0
484,15642229,Lima,552,Germany,Female,44,6,130656.23,1,1,1,86952.9,1
485,15297983,Dubois,525,Germany,Female,52,2,0.0,2,1,0,137673.45,1
486,15876926,Martin,605,Spain,Male,32,2,68410.86,2,1,1,13509.62,0
487,15446918,Schmidt,563,France,Female,40,7,238667.44,2,0,1,20751.65,0
488,15085009,Costa,821,France,Male,49,5,26572.55,2,1,1,149199.23,0
489,15174865,Meyer,616,Spain,Male,59,3,35805.97,1,0,1,187898.93,0
490,15772086,Müller,572,Spain,Female,37,8,0.0,2,1,0,36205.5,0
491,15046397,Robert,495,France,Female,73,5,55214.79,1,0,1,80355.99,1
492,15888442,Weber,500,Germany,Female,29,4,228034.25,2,1,1,161131.59,0
493,15005964,Souza,480,France,Female,19,3,0.0,2,0,1,33857.61,0
494,15448742,Weber,843,France,Female,47,5,65399.93,1,0,0,68845.59,1
495,15514524,Oliveira,721,France,Male,43,6,34717.78,2,1,0,57410.18,0
496,15195366,Souza,789,France,Female,71,5,70803.66,2,1,0,106953.48,1
497,15163352,Bernard,809,Germany,Male,34,2,64004.97,2,1,0,39666.59,0
498,15402413,Gomes,664,France,Male,24,5,0.0,1,1,0,107723.28,0
499,15371249,Silva,616,Spain,Female,45,5,0.0,2,1,1,136196.62,0
500,15767121,Müller,789,Spain,Female,40,6,167451.42,2,1,1,103596.03,0
501,15983271,Dubois,776,Germany,Female,35,5,0.0,1,1,0,33644.34,1
502,15775095,Meyer,676,Germany,Female,49,2,81591.23,2,0,0,17502.27,0
503,15851909,Souza,519,France,Male,21,3,224415.91,1,0,0,197096.95,0
504,15879112,Gomes,672,Spain,Female,50,6,61128.26,2,1,1,144270.99,0
505,15127691,Oliveira,610,Germany,Male,35,6,143110.07,1,1,1,175905.21,0
506,15679800,Silva,434,France,Female,41,2,99300.86,1,0,0,12243.86,1
507,15586196,Gomes,631,Spain,Female,44,3,189944.52,1,0,1,163317.77,0
508,15079494,Ferreira,527,Spain,Male,38,0,90511.43,1,1,1,187607.32,0
509,15719374,Schmidt,486,Spain,Male,40,3,0.0,2,0,0,51966.84,0
510,15999727,Alves,614,Germany,Female,35,0,68625.05,2,1,1,65455.03,0
511,15856147,Thomas,629,Germany,Female,18,7,95341.34,2,0,1,123794.84,0
512,15885534,Thomas,629,France,Male,43,5,114531.35,1,1,0,43211.06,0
513,15041749,Costa,696,Spain,Female,64,8,0.0,1,1,1,17317.31,1
514,15011541,Pereira,701,Spain,Female,45,7,186546.87,2,0,0,157899.37,0
515,15342856,Gomes,657,France,Male,50,5,0.0,1,1,1,165357.81,0
516,15392571,Gomes,637,France,Male,34,4,72480.09,1,1,1,125596.91,0
517,15220333,Müller,786,France,Male,38,7,0.0,2,1,0,97733.49,0
518,15932573,Gomes,552,Spain,Male,59,3,20166.66,2,1,1,121389.36,0
519,15636313,Thomas,488,Spain,Male,66,2,0.0,2,1,1,86972.59,0
520,15481404,Weber,674,France,Male,47,4,0.0,2,1,1,60443.95,0
521,15909906,Lima,492,Germany,Male,36,0,72156.91,1,1,1,29306.93,0
522,15677329,Santos,648,France,Male,59,3,20225.83,1,0,1,64322.15,0
523,15152661,Thomas,731,Spain,Male,24,1,0.0,2,0,1,115322.17,0
524,15742540,Martin,616,Spain,Female,53,0,180607.76,2,1,0,16413.7,1
525,15406409,Lima,624,Spain,Female,57,4,0.0,1,0,0,171917.29,1
526,15213320,Müller,780,France,Male,27,5,120963.09,2,1,0,106910.16,0
527,15440899,Meyer,618,France,Male,79,4,160721.2,1,1,0,119414.87,1
528,15822489,Weber,619,France,Female,67,1,110195.64,2,0,0,58982.37,1
529,15988048,Robert,642,France,Male,75,3,50720.27,1,1,0,198478.81,1
530,15099021,Weber,850,Spain,Female,43,2,0.0,1,0,0,93693.49,0
531,15435286,Müller,570,Spain,Male,35,5,54470.41,2,1,0,50150.11,0
532,15717460,Costa,656,Spain,Male,47,6,0.0,1,1,1,191296.07,0
533,15748901,Schmidt,500,Spain,Male,37,2,15862.1,1,1,0,13620.97,0
534,15866499,Dubois,510,Germany,Female,38,1,183908.81,1,0,1,192791.73,1
535,15010024,Fischer,740,Spain,Male,37,4,0.0,2,1,1,71374.31,0
536,15528731,Souza,568,Spain,Female,45,3,98372.24,2,1,1,151719.58,0
537,15264362,Müller,682,Spain,Female,25,3,0.0,1,1,1,73000.74,0
538,15197208,Lima,608,France,Female,35,2,0.0,2,1,1,126001.06,0
539,15011202,Gomes,850,France,Male,26,3,0.0,1,1,0,118343.3,0
540,15553799,Ferreira,735,France,Male,45,8,15395.23,2,1,0,167224.3,0
541,15237657,Ferreira,659,Spain,Female,41,6,177932.98,1,0,1,123944.59,0
542,15642466,Robert,689,Germany,Male,26,5,56004.13,1,0,0,178124.91,0
543,15259700,Ferreira,518,France,Male,62,6,0.0,2,0,1,168646.08,0
544,15377706,Meyer,676,Germany,Male,25,0,0.0,1,1,0,91956.99,0
545,15085499,Dubois,609,Germany,Male,46,2,0.0,2,1,0,119108.9,0
546,15530636,Costa,794,France,Female,56,3,148164.24,1,0,1,166791.23,1
547,15731911,Costa,646,France,Male,57,5,0.0,1,0,1,180646.27,0
548,15132619,Silva,567,Germany,Male,20,7,0.0,2,0,1,28367.71,0
549,15125056,Oliveira,801,Germany,Female,56,2,52987.57,1,1,1,163904.73,1
550,15908096,Thomas,586,Spain,Female,56,2,39003.96,2,1,1,113004.61,0
551,15149158,Martin,540,Germany,Female,41,6,0.0,1,1,1,127046.23,0
552,15925146,Robert,672,Spain,Female,48,4,0.0,2,1,0,84271.78,0
553,15320220,Souza,617,Germany,Male,18,5,148023.46,1,1,0,25278.0,1
554,15247700,Ferreira,620,Germany,Male,43,4,0.0,1,1,1,189750.46,0
555,15781799,Thomas,526,Spain,Male,36,2,185102.07,1,1,1,188016.1,0
556,15236649,Ferreira,557,France,Male,56,5,0.0,1,0,0,48532.15,1
557,15630124,Oliveira,615,France,Female,37,4,173094.34,2,1,0,84359.74,0
558,15016270,Martin,485,France,Male,42,3,84275.41,2,1,1,123232.69,0
559,15449723,Silva,598,Spain,Female,23,7,0.0,1,1,0,117457.71,0
560,15731912,Ferreira,741,Germany,Male,20,0,65144.55,1,0,0,34797.99,0
561,15630103,Lima,619,Germany,Female,27,4,228995.42,1,1,0,13656.89,1
562,15812797,Lima,465,France,Male,23,3,0.0,1,1,1,196246.04,0
563,15051449,Gomes,743,France,Female,44,1,22681.73,1,0,0,196898.33,1
564,15032700,Dubois,492,France,Female,51,1,54870.15,1,1,0,115531.6,1
565,15415141,Weber,706,France,Female,50,2,0.0,2,0,0,94728.5,0
566,15763626,Ferreira,688,Germany,Male,41,4,0.0,2,1,1,192193.9,0
567,15665419,Ferreira,501,France,Male,50,3,0.0,2,0,0,100265.99,0
568,15441940,Weber,604,France,Female,33,6,64730.24,2,1,1,100570.73,0
569,15908342,Meyer,756,Spain,Male,31,2,215483.98,1,1,0,34746.91,0
570,15956318,Robert,601,France,Male,33,6,0.0,1,1,0,80388.54,0
571,15010707,Souza,497,Germany,Male,44,2,0.0,1,0,0,133651.98,1
572,15873750,Bernard,751,Spain,Male,30,0,60278.43,2,1,0,149199.19,0
573,15924592,Alves,607,France,Female,24,3,212433.04,2,1,0,199178.86,0
574,15068911,Gomes,792,Germany,Female,47,6,84788.42,2,1,1,160511.08,0
575,15289555,Fischer,634,Spain,Male,74,1,0.0,2,1,0,139871.34,0
576,15478827,Oliveira,633,Spain,Male,50,3,0.0,2,1,0,45894.21,0
577,15703378,Silva,659,France,Male,52,0,0.0,3,1,0,79361.06,1
578,15067654,Pereira,662,Spain,Male,45,5,0.0,2,1,1,148366.9,0
579,15439509,Souza,515,France,Female,41,8,86784.54,2,1,1,101279.03,0
580,15773476,Bernard,516,France,Male,50,3,176092.03,1,0,1,155202.6,0
581,15115088,Dubois,533,France,Female,55,5,197425.65,1,1,0,136282.92,1
582,15718646,Pereira,822,Spain,Male,32,4,51881.97,2,1,1,99447.58,0
583,15358858,Dubois,502,France,Male,37,8,240932.52,1,1,1,74701.14,0
584,15379498,Dubois,581,France,Male,37,6,54082.22,2,1,0,41772.74,0
585,15218929,Thomas,658,Germany,Male,33,0,222207.48,1,1,1,94663.34,0
586,15057328,Thomas,564,France,Female,56,2,0.0,2,1,0,138570.75,0
587,15619115,Thomas,717,France,Female,33,4,0.0,1,1,0,25249.23,0
588,15010504,Meyer,638,France,Male,38,5,247034.03,1,1,1,71337.82,0
589,15957089,Oliveira,631,France,Male,57,3,0.0,1,1,1,36938.04,0
590,15084976,Silva,747,France,Female,48,5,72180.3,1,0,0,66584.69,1
591,15636047,Costa,456,France,Male,42,5,0.0,2,1,1,163608.86,0
592,15509351,Martin,518,Germany,Male,58,4,68831.83,2,0,1,86120.24,0
593,15609692,Fischer,761,France,Female,42,5,12105.57,1,1,1,175862.67,0
594,15786408,Schmidt,549,France,Female,46,7,234260.77,1,1,1,149466.66,0
595,15384317,Schmidt,550,Spain,Male,30,2,222384.78,2,0,1,80644.54,0
596,15327053,Weber,736,France,Male,21,6,0.0,2,1,1,42116.46,0
597,15707753,Dubois,532,Germany,Male,36,0,68518.93,2,0,1,11960.22,0
598,15181074,Silva,619,France,Male,45,1,131719.09,1,1,0,91626.03,0
599,15771165,Robert,597,France,Female,75,8,98505.92,2,0,0,106470.62,1
600,15693943,Meyer,723,France,Male,69,5,23465.24,1,1,0,96004.06,1
601,15164147,Robert,725,France,Female,52,5,0.0,2,1,1,80697.4,0
602,15718136,Schmidt,680,France,Female,32,3,67308.97,1,1,1,148566.37,0
603,15534495,Oliveira,770,France,Male,69,2,229500.25,2,0,1,29333.53,0
604,15173868,Müller,547,France,Male,48,3,180550.44,2,0,1,31928.06,0
605,15943228,Pereira,596,France,Female,34,5,81435.21,2,1,0,114659.93,0
606,15420697,Robert,850,France,Female,50,5,0.0,1,1,1,17362.89,0
607,15605177,Ferreira,714,France,Male,21,2,228792.5,2,0,0,86427.9,0
608,15061479,Souza,735,France,Male,30,4,61265.91,2,1,0,48559.58,0
609,15149855,Bernard,738,Germany,Male,57,5,51934.56,2,1,1,51550.15,0
610,15213303,Gomes,788,Germany,Male,42,8,170122.14,2,0,1,102859.05,0
611,15093822,Thomas,756,France,Male,32,4,0.0,2,1,1,112667.93,0
612,15565181,Pereira,601,Spain,Male,48,5,97744.25,1,1,1,89496.23,0
613,15755011,Lima,515,Germany,Female,52,6,58664.66,1,1,0,36854.88,1
614,15788755,Ferreira,758,France,Female,44,4,245552.8,1,0,1,100217.42,0
615,15627418,Müller,819,Spain,Female,33,3,0.0,2,1,0,162232.2,0
616,15620586,Fischer,757,Spain,Male,29,5,46511.59,1,0,0,139241.5,0
617,15989260,Meyer,711,France,Male,39,6,0.0,1,0,1,109255.36,0
618,15487924,Silva,812,France,Male,67,5,187501.29,2,0,1,38322.24,0
619,15938978,Dubois,692,Spain,Female,38,2,0.0,2,1,0,126037.52,0
620,15164432,Ferreira,529,Germany,Female,32,3,0.0,2,1,0,106696.04,0
621,15926539,Bernard,723,France,Female,45,4,72436.59,1,0,0,167075.84,1
622,15663001,Ferreira,696,France,Female,52,4,0.0,2,1,1,40325.26,0
623,15946337,Bernard,628,France,Male,49,3,42971.76,2,0,1,84763.93,0
624,15396925,Souza,662,France,Male,44,4,0.0,1,1,1,30579.25,0
625,15822864,Ferreira,823,Germany,Male,34,5,0.0,2,1,1,110341.2,0
626,15472491,Fischer,725,France,Male,23,4,54349.69,1,1,1,181813.65,0
627,15779416,Weber,737,France,Male,59,4,53803.16,1,0,0,189440.76,1
628,15229754,Meyer,588,Germany,Male,77,6,0.0,1,1,0,17274.68,1
629,15674623,Souza,484,France,Female,76,6,140684.01,2,1,1,81116.35,1
630,15699500,Thomas,733,France,Male,73,4,0.0,2,1,1,72900.48,0
631,15457526,Robert,535,Germany,Male,53,9,128166.39,2,0,1,130888.42,0
632,15123727,Müller,748,Spain,Male,50,1,128592.33,2,1,0,145063.66,0
633,15253124,Silva,493,Germany,Female,53,3,0.0,2,0,1,47001.29,0
634,15371169,Bernard,712,Germany,Female,42,0,155282.66,1,1,0,46226.26,1
635,15359819,Schmidt,777,France,Female,23,6,0.0,1,1,1,65165.37,0
636,15699962,Bernard,736,France,Male,33,6,28432.94,1,1,1,16380.92,0
637,15872544,Dubois,639,Germany,Female,73,5,0.0,1,1,0,119644.25,1
638,15481171,Schmidt,781,France,Male,34,2,0.0,2,1,1,143024.6,0
639,15686329,Gomes,609,France,Male,53,5,0.0,2,1,1,12518.77,0
640,15112495,Weber,608,France,Female,28,3,0.0,2,0,0,93146.17,0
641,15392415,Fischer,784,France,Male,38,6,173735.12,2,1,0,97635.52,0
642,15227280,Lima,532,France,Male,34,2,0.0,2,0,1,126545.21,0
643,15855971,Robert,588,France,Male,25,2,0.0,1,1,0,153312.58,0
644,15149158,Fischer,605,France,Male,27,8,0.0,2,1,1,174877.83,0
645,15069603,Fischer,693,France,Female,35,4,0.0,2,1,1,41071.7,0
646,15518283,Müller,731,Spain,Female,60,4,0.0,2,1,1,86182.98,0
647,15276740,Martin,555,Germany,Male,26,3,180283.56,1,1,1,124402.51,0
648,15245120,Gomes,629,Germany,Male,36,6,0.0,2,1,1,103786.24,0
649,15684142,Martin,681,Spain,Male,19,3,132249.94,1,0,1,136869.76,0
650,15961897,Lima,695,France,Male,46,3,0.0,2,1,1,118510.58,0
651,15172545,Ferreira,850,France,Male,47,2,153621.64,1,1,0,73290.25,0
652,15412654,Bernard,820,Germany,Male,48,4,133025.35,1,0,1,184550.67,0
653,15632510,Alves,607,Germany,Male,35,7,0.0,1,0,1,166537.28,0
654,15203437,Fischer,621,Germany,Male,35,8,0.0,1,1,1,148856.87,0
655,15014278,Thomas,705,France,Female,41,9,0.0,1,1,1,84562.54,0
656,15702189,Müller,754,France,Male,60,4,0.0,2,0,0,21319.36,0
657,15175640,Costa,689,France,Female,28,6,0.0,1,1,1,195275.01,0
658,15686459,Fischer,678,France,Male,41,4,91834.43,2,1,0,139266.22,0
659,15095456,Oliveira,745,Germany,Female,33,4,70846.87,2,1,1,65677.61,0
660,15004938,Alves,692,Germany,Male,23,6,0.0,1,1,0,97245.38,0
661,15454653,Souza,587,France,Male,50,6,216592.55,1,1,0,58314.76,0
662,15870276,Souza,672,Spain,Female,50,0,136428.23,1,1,1,151235.03,0
663,15443805,Alves,714,Germany,Male,34,8,60646.18,1,1,1,132997.69,0
664,15307442,Pereira,737,France,Female,34,6,0.0,1,1,0,109473.85,0
665,15446060,Ferreira,667,France,Male,62,6,19626.45,1,1,0,82315.24,1
666,15722136,Santos,747,France,Female,54,6,49890.15,1,1,0,69344.82,1
667,15443503,Santos,642,France,Female,55,4,172084.67,1,1,1,164768.95,1
668,15664247,Alves,513,France,Female,35,6,172348.75,2,0,0,85528.67,0
669,15766253,Dubois,639,France,Male,43,5,0.0,1,1,1,101391.56,0
670,15410508,Dubois,417,France,Female,31,4,0.0,2,1,1,44297.76,0
671,15290852,Santos,695,France,Male,24,2,172582.48,2,1,1,174593.33,0
672,15953697,Ferreira,558,Spain,Female,40,6,0.0,2,1,0,57953.92,0
673,15381199,Bernard,476,France,Female,49,7,0.0,2,1,1,43586.87,0
674,15212419,Costa,513,Germany,Female,31,8,169394.52,2,1,1,129260.03,0
675,15137245,Silva,692,France,Female,51,2,0.0,1,0,1,36864.18,0
676,15916556,Gomes,535,Spain,Male,21,3,182256.11,1,0,0,195842.75,0
677,15706170,Thomas,588,France,Male,36,5,0.0,2,1,1,117037.24,0
678,15329046,Costa,673,France,Male,24,6,63370.94,2,0,1,20214.44,0
679,15387295,Lima,555,Spain,Female,35,6,93573.92,2,0,1,37890.64,0
680,15956001,Costa,676,Spain,Female,29,4,206682.32,2,0,0,187373.13,0
681,15896319,Pereira,758,Spain,Male,34,6,0.0,2,1,1,114843.68,0
682,15465623,Bernard,625,France,Male,36,1,0.0,2,1,0,78462.57,0
683,15873141,Meyer,662,France,Female,49,5,0.0,2,1,0,142573.41,0
684,15969043,Weber,829,Germany,Male,49,0,63939.86,2,1,0,81735.31,0
685,15569034,Ferreira,682,Spain,Female,34,0,85353.77,2,1,1,38519.3,0
686,15222047,Oliveira,683,Germany,Female,48,6,0.0,2,1,1,151913.57,0
687,15513767,Ferreira,850,Germany,Male,42,4,80976.13,2,1,1,80260.87,0
688,15936090,Pereira,660,France,Female,37,1,0.0,2,1,0,196402.26,0
689,15099300,Weber,659,Spain,Male,55,4,0.0,1,1,0,62011.57,0
690,15555257,Schmidt,739,France,Female,48,1,92205.48,1,1,1,26289.3,0
691,15132763,Oliveira,615,France,Male,38,3,0.0,1,0,0,121118.45,0
692,15527803,Müller,545,France,Female,61,2,83235.18,2,1,0,30489.83,1
693,15374876,Oliveira,373,Germany,Male,53,2,60359.49,1,1,0,161512.34,1
694,15886682,Souza,840,France,Female,73,2,215321.13,1,1,0,81423.56,1
695,15604148,Lima,573,France,Male,46,3,0.0,1,0,0,195015.37,0
696,15937278,Santos,624,Germany,Male,40,1,9788.94,1,1,1,181193.03,0
697,15752185,Santos,479,France,Male,39,4,0.0,2,0,1,108648.44,0
698,15318477,Bernard,703,Germany,Male,47,4,83257.53,1,1,1,78394.27,0
699,15806703,Gomes,776,France,Male,79,6,158345.48,2,1,0,198034.38,1
700,15334973,Lima,827,France,Female,44,6,61233.93,1,1,0,78986.74,1
701,15833590,Martin,771,Germany,Female,58,6,24884.27,1,1,1,33332.9,1
702,15866925,Weber,655,France,Female,34,4,57952.13,1,1,1,150452.06,0
703,15232749,Souza,807,France,Female,40,3,0.0,1,1,1,167750.97,0
704,15064030,Meyer,612,France,Male,60,4,238495.34,2,1,1,72624.05,0
705,15455744,Meyer,704,France,Female,47,5,75533.18,1,1,1,63775.69,0
706,15560400,Fischer,641,Spain,Male,75,4,168885.21,1,1,0,92344.57,1
707,15676463,Gomes,699,France,Male,53,5,65012.28,1,0,1,48978.44,0
708,15035174,Santos,578,Spain,Male,35,5,112870.19,2,1,0,179858.1,0
709,15451026,Weber,399,France,Male,43,7,81826.68,2,1,1,172402.78,0
710,15517683,Pereira,808,Germany,Female,58,8,174188.28,1,1,0,144536.79,1
711,15635642,Silva,483,Spain,Male,44,6,82493.45,1,0,1,167225.29,0
712,15097364,Bernard,738,Germany,Female,33,1,24834.74,1,1,0,58967.09,1
713,15089791,Fischer,850,France,Male,39,8,0.0,2,1,1,101667.05,0
714,15740345,Oliveira,573,France,Male,44,5,249927.1,1,0,0,80575.72,0
715,15117707,Weber,706,France,Male,24,5,105815.28,2,1,1,166830.63,0
716,15291621,Bernard,654,Spain,Female,41,0,0.0,2,0,0,39527.17,0
717,15940961,Schmidt,650,Spain,Female,29,4,29060.93,1,1,0,47250.18,0
718,15564890,Lima,682,Spain,Female,33,5,34956.5,1,1,0,127609.4,0
719,15723090,Pereira,805,France,Female,56,3,0.0,2,0,0,84132.95,0
720,15237687,Costa,581,Germany,Female,37,1,85225.72,2,1,1,39599.08,0
721,15138227,Fischer,822,Spain,Male,54,4,52689.28,2,1,0,32087.47,0
722,15108970,Santos,663,France,Female,31,4,0.0,1,1,0,100798.97,0
723,15748208,Fischer,583,France,Male,73,0,0.0,2,0,1,150737.48,0
724,15634829,Oliveira,421,Germany,Male,34,4,0.0,1,1,1,21589.73,0
725,15102145,Lima,673,Germany,Male,20,1,167249.11,1,1,0,151303.24,1
726,15467322,Souza,587,Spain,Female,55,4,79097.13,3,1,0,127301.11,1
727,15238309,Weber,606,France,Female,46,3,0.0,2,1,1,73729.44,0
728,15636006,Thomas,693,Spain,Male,35,8,62434.37,2,1,0,17311.71,0
729,15902925,Dubois,572,France,Female,77,0,26155.84,2,1,0,194281.98,1
730,15693159,Gomes,663,France,Male,47,5,0.0,1,1,1,82487.57,0
731,15913554,Santos,633,France,Female,63,2,55532.77,1,0,0,187533.31,1
732,15951298,Silva,793,Spain,Male,42,3,208557.62,2,1,1,110441.27,0
733,15912405,Gomes,676,Germany,Male,33,2,0.0,1,1,0,118693.03,0
734,15474042,Fischer,681,Germany,Male,33,9,56400.93,1,1,0,73673.19,0
735,15768360,Silva,603,France,Female,38,0,0.0,1,1,0,87987.92,0
736,15268349,Weber,658,Spain,Female,50,4,0.0,2,0,0,135908.88,0
737,15620857,Weber,794,France,Male,32,5,0.0,1,1,1,99627.27,0
738,15577481,Fischer,700,Spain,Male,24,6,159786.67,2,1,1,86004.93,0
739,15308980,Pereira,778,France,Female,34,5,132227.53,1,1,0,17023.04,1
740,15477520,Dubois,778,France,Female,31,2,0.0,2,1,1,81103.54,0
741,15615171,Ferreira,667,France,Female,54,5,0.0,2,0,0,47516.14,0
742,15458879,Silva,806,France,Male,49,8,179126.08,2,1,0,186987.67,0
743,15621280,Ferreira,575,Germany,Female,49,6,63955.04,1,1,1,59940.86,0
744,15385565,Ferreira,720,Germany,Male,73,4,0.0,1,0,1,23148.41,1
745,15954912,Pereira,822,France,Female,50,4,52267.84,1,1,1,43003.24,0
746,15525407,Fischer,548,Spain,Male,76,2,82428.75,2,1,0,35564.29,0
747,15284064,Müller,698,France,Male,36,5,0.0,2,0,1,45287.49,0
748,15472551,Weber,588,Germany,Male,38,3,0.0,1,0,1,57147.21,0
749,15657720,Oliveira,807,Spain,Female,32,2,148842.26,2,1,1,191182.49,0
750,15751789,Martin,708,Germany,Female,37,4,0.0,2,0,1,155850.19,0
751,15885602,Fischer,742,France,Female,57,0,79383.44,1,1,1,53978.38,0
752,15607832,Robert,583,Spain,Male,43,2,0.0,2,0,0,139292.1,0
753,15563416,Schmidt,626,Germany,Male,39,2,75266.25,1,1,1,133117.01,0
754,15116051,Müller,425,France,Male,46,9,0.0,1,1,0,73229.58,0
755,15638863,Weber,512,France,Female,44,6,181566.37,1,1,1,81347.84,0
756,15129358,Dubois,708,Spain,Male,28,4,70231.79,2,0,1,181490.98,0
757,15520356,Martin,693,Germany,Female,42,2,0.0,1,0,1,102165.18,0
758,15742485,Oliveira,514,Germany,Male,55,4,89865.81,1,1,1,189228.02,0
759,15145110,Souza,663,Spain,Female,59,5,34864.45,2,0,1,45996.76,0
760,15326005,Martin,656,Spain,Male,45,0,0.0,2,1,1,18586.23,0
761,15173826,Silva,845,France,Female,31,9,51827.57,2,0,0,104278.0,0
762,15742525,Ferreira,794,France,Female,23,5,203261.01,2,0,1,122655.14,0
763,15401327,Oliveira,788,France,Male,31,9,0.0,1,1,0,109567.78,0
764,15510217,Costa,608,Germany,Female,50,4,0.0,2,1,0,134229.81,0
765,15082718,Müller,570,France,Male,32,5,0.0,2,0,1,78251.16,0
766,15272125,Pereira,710,Germany,Male,31,4,41856.84,2,1,1,36931.46,0
767,15219569,Santos,551,Spain,Male,58,0,0.0,2,1,0,64331.98,0
768,15240536,Robert,618,Spain,Female,51,6,99382.88,2,1,1,25232.86,0
769,15092820,Pereira,722,France,Male,49,4,0.0,2,0,1,24825.71,0
770,15876275,Dubois,680,Spain,Male,23,4,0.0,1,1,0,82334.23,0
771,15875360,Bernard,492,France,Male,29,3,117896.85,1,0,1,180593.9,0
772,15899248,Schmidt,697,Spain,Male,26,4,235234.98,1,1,0,104645.65,0
773,15675082,Müller,562,France,Female,45,6,82255.93,2,1,1,43514.75,0
774,15659142,Santos,568,France,Female,20,5,52651.21,2,1,1,79625.86,0
775,15646357,Schmidt,547,Spain,Female,58,6,69675.84,1,0,0,195785.59,1
776,15791816,Gomes,586,France,Female,76,8,11794.82,1,1,1,17427.86,1
777,15213891,Meyer,507,France,Female,39,3,0.0,2,1,0,124933.34,0
778,15799684,Pereira,687,Germany,Male,35,3,167270.98,1,1,0,126558.81,1
779,15570641,Santos,495,Germany,Male,44,4,133526.22,1,1,0,177667.93,1
780,15899264,Silva,694,Germany,Female,79,2,181703.37,1,0,1,89981.01,1
781,15195923,Souza,721,Germany,Male,59,6,114852.31,2,1,0,90993.65,1
782,15747775,Robert,684,Germany,Male,25,5,188055.08,1,0,1,194163.06,0
783,15712503,Costa,668,France,Male,25,2,209605.39,1,1,0,16094.12,0
784,15322057,Schmidt,527,France,Male,48,6,167311.18,2,1,0,126029.38,0
785,15830395,Weber,760,France,Male,43,5,0.0,1,1,1,143801.74,0
786,15873949,Bernard,605,Spain,Female,23,0,132001.64,1,1,1,28747.41,0
787,15357443,Thomas,659,Germany,Female,43,2,91001.12,2,0,0,146025.72,0
788,15569973,Müller,627,France,Female,51,7,73585.27,4,1,1,135861.84,1
789,15385372,Alves,770,France,Male,34,3,0.0,1,1,1,14660.47,0
790,15551988,Silva,712,Spain,Female,58,9,121753.03,1,1,1,171727.7,1
791,15201833,Bernard,449,France,Male,30,4,0.0,1,1,0,131580.36,0
792,15708554,Costa,838,Germany,Female,56,2,0.0,1,1,1,186179.06,1
793,15407913,Alves,703,Germany,Male,49,5,135257.94,1,1,1,129627.72,0
794,15144288,Oliveira,615,Germany,Female,31,1,0.0,1,1,1,91651.46,0
795,15586416,Souza,649,France,Female,46,6,0.0,1,1,0,127681.34,1
796,15848182,Meyer,747,Spain,Female,54,5,74431.43,2,1,1,174244.37,0
797,15031724,Souza,688,Spain,Female,65,8,237394.83,1,1,0,90962.49,1
798,15474978,Ferreira,693,Germany,Female,33,5,48434.55,2,1,1,91245.95,0
799,15845554,Martin,698,Germany,Male,47,0,0.0,1,1,1,31078.69,0
800,15593324,Alves,757,Spain,Female,48,4,95288.81,2,1,1,117755.56,0
801,15274284,Thomas,771,Germany,Female,43,4,91640.35,1,1,1,95209.35,0
802,15291238,Fischer,674,France,Male,51,7,170067.78,1,0,0,82804.1,1
803,15405770,Robert,597,Germany,Female,30,4,247498.99,2,0,1,18960.94,0
804,15707923,Bernard,750,Germany,Male,38,5,190324.27,2,0,0,125360.92,0
805,15271895,Ferreira,627,France,Male,41,2,68542.59,2,1,1,22013.57,0
806,15684979,Fischer,627,Germany,Female,27,2,240232.17,2,1,1,28235.5,0
807,15322395,Robert,693,Spain,Female,57,4,124074.15,3,1,0,21440.27,1
808,15612857,Alves,715,Spain,Female,43,5,174033.75,1,1,1,65110.39,0
809,15998260,Weber,671,France,Male,50,4,118375.02,1,0,0,108972.48,0
810,15992964,Costa,701,France,Male,58,4,116491.53,2,1,1,123759.58,0
811,15259913,Lima,632,Spain,Male,36,3,0.0,1,0,0,76634.08,0
812,15326910,Meyer,465,Spain,Male,48,5,190235.8,1,0,0,142596.1,1
813,15726241,Santos,658,France,Female,24,0,0.0,1,0,1,158760.53,0
814,15545352,Costa,621,Spain,Male,38,4,178155.68,2,1,1,125152.67,0
815,15626747,Costa,625,Spain,Male,22,0,0.0,2,1,1,75935.16,0
816,15556277,Meyer,436,Germany,Male,48,5,90458.45,2,1,0,20211.75,0
817,15674542,Meyer,536,Germany,Male,48,0,57453.94,1,1,1,188025.55,0
818,15796348,Silva,394,France,Male,32,8,200378.69,1,0,0,195914.14,0
819,15055412,Ferreira,654,France,Female,32,4,0.0,1,0,0,30004.91,0
820,15349714,Silva,737,France,Female,36,5,2508.15,3,1,0,90397.98,1
821,15506920,Thomas,778,Spain,Male,57,6,0.0,1,0,1,53032.1,0
822,15177356,Bernard,737,France,Female,29,2,77859.75,2,1,1,114393.08,0
823,15232009,Souza,601,France,Male,58,4,9906.56,2,0,0,103340.61,0
824,15271947,Schmidt,689,France,Female,46,6,37911.4,2,0,0,51977.69,0
825,15993681,Thomas,636,Germany,Male,48,4,0.0,2,0,0,182837.5,0
826,15091661,Santos,613,Spain,Male,35,3,181832.28,1,0,0,179843.05,0
827,15492130,Thomas,676,France,Female,75,3,0.0,1,1,1,142717.06,1
828,15818894,Müller,604,France,Male,31,3,53419.89,2,0,1,147136.14,0
829,15026029,Pereira,677,Germany,Male,49,5,72866.11,1,1,0,77319.86,1
830,15056805,Dubois,757,France,Male,78,0,89254.5,1,0,1,84555.32,0
831,15399361,Ferreira,520,France,Female,53,4,0.0,1,1,1,103511.78,0
832,15089368,Alves,547,France,Female,42,5,0.0,1,1,1,132067.41,0
833,15190062,Thomas,756,France,Female,76,6,0.0,1,0,1,93420.7,1
834,15421152,Pereira,654,France,Female,41,4,97493.37,2,0,1,62767.99,0
835,15378327,Müller,689,France,Male,34,7,0.0,2,1,0,175306.07,0
836,15502611,Santos,603,France,Male,35,4,6105.15,1,1,1,64213.64,0
837,15232039,Weber,579,Spain,Male,33,5,198000.88,1,1,1,129168.42,0
838,15677907,Schmidt,580,France,Male,34,0,0.0,2,1,0,145522.2,0
839,15154413,Santos,612,Germany,Male,44,2,51994.37,2,1,1,129040.55,0
840,15217394,Gomes,616,Germany,Male,41,6,40345.61,2,1,1,153320.94,0
841,15667715,Pereira,623,France,Male,26,5,243037.69,1,0,0,49556.12,0
842,15587710,Costa,610,Germany,Male,60,8,127749.35,2,1,0,85539.17,1
843,15688977,Müller,592,France,Male,33,6,0.0,1,0,1,116749.37,0
844,15022003,Bernard,583,Spain,Female,78,4,0.0,1,0,1,175665.52,1
845,15325286,Meyer,775,France,Female,75,6,89143.3,1,0,0,193954.21,1
846,15745125,Pereira,724,France,Male,76,4,0.0,1,0,1,173540.64,0
847,15235603,Costa,660,France,Male,55,3,165799.19,2,1,1,35109.94,0
848,15496715,Lima,850,Spain,Male,40,0,0.0,2,1,1,17005.24,0
849,15387660,Dubois,719,Germany,Male,41,6,112685.27,1,0,1,64837.07,0
850,15712711,Schmidt,606,Germany,Female,33,4,0.0,2,0,1,88310.22,0
851,15933577,Santos,777,France,Male,38,5,0.0,1,0,1,35130.58,0
852,15781109,Weber,665,Germany,Female,47,2,108463.71,2,1,0,139604.51,1
853,15706872,Souza,797,France,Male,27,6,66370.81,2,1,0,181260.59,0
854,15962325,Gomes,713,Spain,Male,61,6,53604.64,1,1,0,86821.45,1
855,15847736,Alves,578,France,Female,60,4,0.0,2,1,0,197936.38,0
856,15432891,Fischer,693,France,Male,33,5,0.0,1,1,0,66622.22,0
857,15440447,Alves,485,France,Male,42,4,0.0,1,0,0,87721.6,0
858,15177531,Meyer,620,France,Female,36,4,0.0,1,1,1,21979.37,0
859,15398399,Martin,803,Germany,Male,58,7,0.0,1,1,0,145564.19,1
860,15775607,Santos,704,France,Male,45,8,0.0,2,1,1,14053.76,0
861,15401536,Silva,467,Spain,Male,33,3,160609.03,1,1,0,92581.62,0
862,15139755,Müller,753,France,Female,37,3,0.0,2,1,0,54208.52,0
863,15460131,Robert,620,Germany,Female,34,3,249576.19,1,1,1,130272.44,1
864,15080284,Santos,632,France,Male,66,6,5784.76,2,1,0,52022.97,0
865,15268108,Schmidt,628,France,Female,25,6,0.0,1,1,1,116908.47,0
866,15681953,Lima,496,Germany,Male,25,0,98647.33,1,1,1,27204.31,0
867,15518215,Ferreira,667,France,Female,55,1,196689.08,2,0,1,26280.55,0
868,15127110,Gomes,558,France,Male,57,5,182585.25,1,1,0,178531.3,1
869,15074678,Meyer,780,Spain,Male,56,3,0.0,1,1,0,159369.9,0
870,15369306,Oliveira,591,Spain,Female,43,1,64854.53,2,0,0,193886.5,0
871,15416071,Gomes,715,France,Female,42,4,0.0,1,1,0,54447.94,1
872,15824834,Ferreira,640,France,Male,43,7,74956.22,1,1,0,66690.17,0
873,15655354,Ferreira,698,Germany,Male,27,3,0.0,2,0,1,199660.17,0
874,15907302,Robert,453,France,Female,42,5,0.0,1,0,0,139701.03,1
875,15310998,Thomas,563,France,Male,22,7,29832.09,1,1,0,68429.58,0
876,15087781,Robert,721,France,Female,38,2,232597.23,1,0,0,60140.32,1
877,15435775,Schmidt,568,Germany,Female,72,5,227468.2,1,1,1,170117.61,1
878,15390789,Costa,600,Germany,Male,32,7,28428.07,2,1,1,86971.37,0
879,15111719,Dubois,476,France,Female,68,2,48822.41,1,1,0,19275.32,1
880,15570217,Ferreira,776,France,Male,40,9,127079.39,1,1,1,79851.76,0
881,15418805,Thomas,740,France,Female,34,3,0.0,1,1,1,44974.06,0
882,15117409,Robert,547,Germany,Female,46,2,209866.78,2,0,0,29217.14,1
883,15462773,Weber,652,France,Female,50,6,0.0,1,0,1,178592.73,0
884,15722897,Gomes,700,France,Male,43,4,0.0,1,1,1,142485.1,0
885,15630750,Alves,705,Spain,Male,57,5,0.0,1,1,0,137959.68,0
886,15013144,Santos,695,France,Male,22,4,77814.96,1,1,0,124744.48,0
887,15687439,Müller,780,Germany,Female,54,5,0.0,1,1,0,147076.52,1
888,15678315,Dubois,350,France,Female,35,0,29565.17,2,0,1,190120.81,0
889,15596696,Meyer,687,France,Male,56,3,0.0,1,1,0,24338.7,1
890,15681915,Müller,669,France,Female,33,5,0.0,2,1,0,18245.47,0
891,15689084,Alves,703,Germany,Male,51,3,96357.15,1,0,1,117325.81,0
892,15766427,Costa,710,Spain,Female,43,6,8964.6,1,1,1,88120.32,0
893,15904787,Souza,633,Spain,Male,18,8,180528.53,2,1,0,27108.54,0
894,15897710,Oliveira,802,France,Female,55,0,13455.75,2,1,0,191665.69,0
895,15948651,Dubois,613,Germany,Male,37,6,249147.35,1,1,1,155917.11,0
896,15350346,Santos,743,France,Female,35,2,38710.57,1,1,1,103205.59,0
897,15466413,Dubois,548,France,Female,51,7,0.0,1,1,1,191521.15,0
898,15339847,Meyer,680,Spain,Female,19,8,0.0,2,1,1,156608.98,0
899,15437056,Santos,775,France,Female,31,5,10263.42,1,1,0,26038.01,1
900,15728414,Martin,725,France,Female,49,4,156878.18,2,1,1,136772.59,0
901,15610454,Müller,686,France,Male,56,6,85289.02,1,1,0,100505.19,1
902,15295312,Robert,390,France,Male,19,7,0.0,1,1,1,123072.23,0
903,15800232,Alves,708,France,Male,46,2,127908.21,1,1,0,56917.12,0
904,15878419,Costa,729,Germany,Male,47,3,40388.4,2,1,1,99548.99,0
905,15589864,Dubois,647,France,Male,55,4,0.0,3,1,1,73548.96,1
906,15198795,Dubois,677,Spain,Female,63,6,206029.6,1,1,0,95105.63,1
907,15170516,Bernard,686,Spain,Male,59,2,14518.35,1,0,1,31158.76,0
908,15359826,Schmidt,727,France,Female,50,5,0.0,2,0,0,35830.88,0
909,15637976,Müller,693,France,Male,31,3,210674.64,1,1,0,97939.43,0
910,15388715,Costa,771,France,Female,23,7,79849.96,1,1,1,57222.5,0
911,15252981,Weber,656,Germany,Female,47,3,0.0,2,0,1,62821.35,0
912,15645578,Dubois,511,France,Male,69,8,51594.86,4,1,1,133318.35,1
913,15982834,Fischer,750,Germany,Female,42,0,125921.0,1,0,0,14038.34,1
914,15951401,Robert,771,France,Male,27,2,0.0,1,1,1,98099.25,0
915,15239146,Alves,752,Germany,Male,46,4,24272.39,2,1,0,119514.08,0
916,15288204,Ferreira,847,France,Female,49,3,56464.53,1,1,0,76903.49,1
917,15506614,Alves,676,France,Female,43,6,63627.38,1,0,0,111586.71,1
918,15143614,Fischer,688,Spain,Male,49,6,0.0,1,1,1,167675.08,0
919,15848642,Martin,583,Spain,Male,46,5,0.0,2,0,1,94901.78,0
920,15854022,Gomes,810,France,Female,36,8,158316.25,1,1,1,103133.05,0
921,15788345,Alves,412,Spain,Male,62,4,96237.27,1,1,0,173405.23,1
922,15039798,Costa,509,France,Male,50,8,0.0,1,0,0,97876.46,0
923,15701569,Oliveira,642,Spain,Female,35,2,0.0,2,1,1,189328.09,0
924,15673312,Fischer,553,Spain,Female,31,6,139124.08,2,1,1,181259.41,0
925,15338260,Bernard,559,France,Male,56,0,91318.8,2,0,0,18563.54,0
926,15276573,Thomas,544,France,Female,54,4,137918.77,2,1,1,45816.55,0
927,15993086,Meyer,825,France,Male,32,4,0.0,2,1,0,104873.82,0
928,15263401,Souza,748,Germany,Female,27,6,79828.65,1,0,0,36799.13,1
929,15221805,Oliveira,671,Germany,Male,24,5,0.0,2,1,1,176399.15,0
930,15309428,Fischer,485,France,Male,39,4,90911.9,2,1,1,95361.08,0
931,15151415,Fischer,634,France,Male,42,7,0.0,2,1,1,41955.28,0
932,15180257,Santos,510,Spain,Female,41,7,0.0,2,1,0,139386.72,0
933,15100354,Weber,725,Spain,Female,46,0,73163.5,1,1,0,143527.87,1
934,15533807,Souza,727,Germany,Male,49,7,208520.77,1,1,0,107867.05,1
935,15508526,Meyer,580,France,Female,21,4,133643.56,2,0,0,39070.55,0
936,15414296,Ferreira,714,France,Female,27,6,0.0,1,1,0,164724.65,0
937,15724643,Costa,820,France,Male,40,2,192126.2,1,1,0,179392.97,0
938,15065495,Ferreira,585,Spain,Female,18,2,123696.89,2,1,1,185251.29,0
939,15970712,Ferreira,619,France,Female,26,6,0.0,2,1,0,52040.37,0
940,15944248,Silva,577,Germany,Female,43,3,171770.07,2,1,0,124418.2,1
941,15092356,Schmidt,680,France,Male,57,5,117791.83,2,1,1,143735.26,0
942,15268979,Lima,850,Germany,Male,49,5,0.0,1,1,1,26246.15,0
943,15644053,Lima,668,Germany,Female,53,5,0.0,1,1,1,117056.61,1
944,15528749,Weber,612,Spain,Female,43,5,0.0,2,1,0,20637.08,0
945,15446182,Müller,711,France,Female,42,5,248024.7,2,1,0,162915.04,0
946,15220764,Thomas,632,France,Male,37,3,0.0,1,0,1,178004.39,0
947,15970914,Gomes,685,France,Female,70,1,96118.32,2,1,0,130770.16,1
948,15310071,Weber,705,Spain,Male,38,6,50102.39,1,0,0,186307.96,0
949,15330684,Oliveira,717,Spain,Female,36,6,65857.46,1,1,0,62876.4,0
950,15169390,Robert,538,Germany,Male,40,0,0.0,2,1,0,144920.13,0
951,15029155,Dubois,682,Germany,Female,61,6,33501.1,2,0,1,44962.31,1
952,15972475,Santos,540,Germany,Male,70,2,45407.59,1,1,1,24034.35,1
953,15712442,Oliveira,544,France,Female,58,3,29032.84,2,1,0,91570.34,0
954,15600026,Müller,772,Spain,Female,41,4,0.0,2,0,0,190584.28,0
955,15178760,Dubois,804,France,Male,47,5,158692.15,2,1,0,167430.38,0
956,15485457,Santos,720,France,Male,62,1,66278.04,1,0,1,143588.05,0
957,15085873,Lima,700,Germany,Female,49,6,198040.81,1,1,1,137148.41,1
958,15888939,Lima,656,France,Male,63,8,0.0,2,1,1,60290.77,0
959,15022953,Müller,717,France,Male,39,8,0.0,2,1,1,17349.39,0
960,15306915,Robert,644,Germany,Male,36,1,150133.92,2,1,0,97579.53,0
961,15025529,Alves,506,France,Female,52,7,101899.58,1,1,0,69606.75,1
962,15111543,Robert,685,Germany,Male,21,5,7304.66,3,1,1,79316.93,1
963,15942917,Thomas,467,France,Male,73,6,2954.46,1,0,1,25130.32,1
964,15579501,Lima,448,France,Female,46,8,4232.37,1,1,1,60999.07,0
965,15631312,Meyer,656,France,Male,57,5,0.0,1,1,1,120700.57,0
966,15257860,Lima,751,France,Female,35,4,93773.33,2,1,0,182169.24,0
967,15828607,Dubois,697,Germany,Female,50,4,134235.83,1,1,1,165781.09,1
968,15859402,Gomes,696,France,Male,45,5,0.0,1,1,0,67650.12,0
969,15010090,Schmidt,555,Germany,Male,46,8,150400.24,1,1,1,157059.62,0
970,15375325,Meyer,651,France,Female,43,7,0.0,1,0,0,141081.42,1
971,15338572,Ferreira,688,Germany,Female,77,5,134084.93,2,1,1,38626.3,1
972,15618418,Pereira,665,Spain,Male,46,2,0.0,2,1,1,122297.76,0
973,15313213,Oliveira,642,Germany,Female,34,3,68390.41,1,0,1,160812.07,0
974,15211086,Müller,566,France,Male,60,3,79320.28,1,1,0,37343.21,1
975,15820984,Silva,737,France,Male,35,3,55224.0,2,1,0,23578.62,0
976,15490425,Alves,710,France,Female,32,6,63752.0,1,0,1,24033.36,0
977,15166707,Ferreira,635,Germany,Male,23,6,86082.4,2,0,1,109850.8,0
978,15819840,Silva,648,France,Male,59,3,173067.15,1,1,0,17891.01,1
979,15067938,Weber,829,France,Male,37,6,0.0,3,1,0,101320.06,1
980,15659106,Bernard,676,Germany,Male,37,6,155847.24,1,1,0,111171.98,1
981,15446053,Pereira,567,France,Male,52,4,0.0,1,0,1,49964.95,0
982,15247519,Santos,767,Spain,Male,60,5,106333.96,2,1,1,194336.36,0
983,15421904,Martin,643,France,Male,18,6,188067.21,2,1,1,152102.01,0
984,15898340,Silva,495,France,Female,57,5,0.0,1,1,0,86016.47,1
985,15991892,Alves,759,Germany,Female,55,4,0.0,1,0,1,174948.78,1
986,15510414,Martin,649,France,Female,19,1,0.0,2,1,0,95349.55,0
987,15495678,Costa,629,Germany,Female,51,0,0.0,1,1,1,147264.16,1
988,15744468,Ferreira,671,France,Female,45,8,93443.16,2,1,1,124214.3,0
989,15700411,Meyer,640,France,Male,43,3,24622.07,1,1,1,98667.3,0
990,15516521,Weber,575,Spain,Male,41,5,0.0,2,0,1,61038.81,0
991,15110224,Fischer,717,Spain,Male,44,8,75122.77,2,1,0,15182.84,0
992,15964942,Lima,662,Germany,Male,25,6,58481.86,1,0,1,17551.12,0
993,15782121,Souza,664,France,Male,41,2,0.0,2,0,0,132788.7,0
994,15705181,Dubois,667,Germany,Male,20,6,0.0,1,1,1,175583.23,0
995,15069816,Gomes,659,France,Male,31,6,200254.95,2,1,1,168365.93,0
996,15420135,Alves,671,France,Female,20,3,79202.92,1,1,1,114786.16,0
997,15229674,Robert,751,Spain,Male,59,5,238478.21,1,0,1,18969.12,0
998,15146298,Gomes,725,France,Male,37,6,2876.52,2,1,1,23800.72,0
999,15235061,Oliveira,781,Spain,Female,32,3,0.0,2,1,1,45752.29,0
1000,15814069,Müller,670,France,Male,36,6,174825.98,1,0,0,52492.87,0
1001,15305073,Dubois,679,France,Male,54,1,0.0,1,0,1,83287.29,0
1002,15683178,Robert,591,Germany,Female,46,4,135672.7,1,0,1,49441.76,1
1003,15345327,Thomas,516,Spain,Male,56,2,0.0,1,1,1,68594.64,0
1004,15695206,Lima,620,Germany,Female,23,6,91503.86,1,0,1,23458.17,0
1005,15983289,Martin,753,Spain,Female,40,2,160194.17,2,1,0,88919.73,0
1006,15852380,Martin,621,Germany,Male,42,3,29668.65,2,1,1,111133.28,0
1007,15916953,Souza,715,Germany,Male,76,2,33928.15,2,1,1,147922.84,0
1008,15828075,Ferreira,525,Spain,Male,27,6,0.0,1,1,0,24341.39,0
1009,15655050,Alves,575,France,Male,18,2,190058.56,2,0,1,185431.21,0
1010,15531897,Santos,764,France,Female,26,6,0.0,1,1,1,95250.05,0
1011,15668998,Martin,739,France,Male,49,5,64903.92,2,1,0,89646.91,0
1012,15147933,Lima,540,Spain,Male,34,2,0.0,1,0,1,192299.87,0
1013,15012319,Alves,661,Spain,Male,58,5,228370.97,2,1,1,110395.27,0
1014,15162275,Oliveira,564,France,Female,26,4,85242.07,1,1,0,60701.66,0
1015,15042986,Martin,676,Germany,Male,39,5,0.0,1,1,1,16624.69,0
1016,15637571,Schmidt,745,Spain,Male,39,8,0.0,2,1,0,176603.56,0
1017,15199237,Meyer,780,France,Male,41,1,0.0,2,1,1,155334.45,0
1018,15324934,Müller,589,Germany,Male,50,6,0.0,1,0,1,133463.32,0
1019,15883950,Ferreira,517,Spain,Female,19,6,0.0,1,0,1,95364.32,0
1020,15344510,Souza,578,France,Male,74,2,0.0,1,0,0,160486.61,1
1021,15358462,Dubois,609,Germany,Male,32,5,181454.7,2,1,0,62762.9,0
1022,15901224,Ferreira,850,France,Female,47,5,98546.61,2,0,0,52950.8,0
1023,15776053,Meyer,548,Spain,Male,47,4,0.0,1,1,0,186866.66,0
1024,15555894,Schmidt,693,Spain,Male,35,4,0.0,1,1,1,24719.93,0
1025,15888055,Oliveira,736,Spain,Male,51,3,0.0,1,0,1,182529.81,0
1026,15421938,Alves,634,France,Male,55,5,3958.25,1,1,1,54656.37,0
1027,15057182,Bernard,610,Spain,Female,37,3,0.0,1,0,1,189256.01,0
1028,15745181,Souza,775,Spain,Male,50,4,84327.82,1,0,0,83905.58,0
1029,15833419,Fischer,621,France,Male,32,6,87358.84,1,1,1,83949.66,0
1030,15867747,Fischer,585,Spain,Female,41,1,175758.69,1,0,1,20355.32,0
1031,15194180,Schmidt,592,France,Female,34,4,249291.98,2,1,1,167048.0,0
1032,15709840,Robert,718,Germany,Female,58,4,0.0,2,1,0,174809.28,1
1033,15725152,Souza,630,France,Female,31,3,0.0,2,0,0,145849.91,0
1034,15959344,Alves,710,France,Male,18,5,0.0,2,1,0,150386.86,0
1035,15714067,Alves,626,France,Male,36,0,0.0,3,1,0,69656.08,1
1036,15679526,Souza,762,Germany,Male,36,4,63723.58,1,0,0,138245.61,0
1037,15547740,Fischer,792,France,Male,42,4,0.0,1,1,1,14177.31,0
1038,15378951,Ferreira,665,Germany,Female,37,4,0.0,1,1,1,148578.81,0
1039,15670195,Martin,607,France,Male,45,2,24162.27,1,1,0,184458.6,0
1040,15587126,Thomas,537,France,Male,36,2,0.0,2,0,0,56322.1,0
1041,15112837,Ferreira,698,Germany,Male,41,5,125799.51,1,1,1,25264.05,0
1042,15172155,Thomas,643,Spain,Male,49,1,171613.49,2,1,0,144499.44,0
1043,15655530,Silva,682,France,Male,62,3,0.0,2,1,0,187540.17,0
1044,15672784,Souza,595,Germany,Male,75,6,0.0,2,1,0,179390.22,1
1045,15170021,Lima,568,Spain,Female,54,1,76532.8,2,0,1,186725.63,0
1046,15307149,Meyer,719,Germany,Male,43,4,0.0,1,0,0,137240.66,0
1047,15954919,Ferreira,663,France,Female,35,5,0.0,2,1,1,86026.03,0
1048,15704241,Pereira,709,France,Female,47,2,0.0,2,0,0,93754.29,0
1049,15055979,Schmidt,848,Spain,Female,76,3,87597.86,2,1,0,184570.22,1
1050,15922458,Weber,720,France,Female,27,5,0.0,1,1,0,137527.34,0
1051,15431643,Pereira,850,Spain,Female,47,3,87699.45,1,1,1,127460.7,0
1052,15406725,Martin,710,Germany,Female,31,2,0.0,1,1,0,136387.2,1
1053,15858757,Silva,768,Spain,Male,41,2,82028.56,1,0,0,169679.25,0
1054,15450327,Meyer,683,Spain,Male,33,2,100185.47,1,1,1,21901.81,0
1055,15153606,Weber,524,Spain,Male,46,8,66732.98,1,1,1,43097.14,0
1056,15384188,Weber,739,France,Female,47,2,0.0,3,1,0,54229.68,1
1057,15358402,Meyer,638,Spain,Male,77,4,241293.79,1,1,1,51569.72,1
1058,15168631,Lima,594,France,Male,48,4,0.0,2,1,0,110524.92,0
1059,15648576,Weber,531,France,Female,53,5,0.0,2,1,0,68521.12,0
1060,15202376,Müller,716,Germany,Male,38,4,85397.32,2,1,0,81085.07,0
1061,15254079,Ferreira,703,Spain,Male,32,6,0.0,1,1,0,105153.32,0
1062,15643311,Meyer,644,Spain,Female,35,7,65870.51,2,0,1,112095.82,0
1063,15411459,Weber,729,Spain,Male,31,3,0.0,2,1,1,96681.82,0
1064,15843613,Gomes,774,France,Male,39,2,0.0,3,1,0,117232.78,1
1065,15039467,Dubois,727,France,Female,47,9,214151.01,1,0,1,65494.03,0
1066,15367163,Robert,760,Germany,Female,46,6,44573.1,2,1,0,128026.91,0
1067,15634317,Lima,626,France,Female,46,3,0.0,2,0,0,81202.67,0
1068,15221838,Robert,686,France,Female,31,7,53331.78,1,1,1,192404.76,0
1069,15400981,Müller,764,France,Male,36,5,713.26,2,1,1,183768.52,0
1070,15446201,Robert,665,France,Male,42,4,0.0,1,1,1,157126.64,0
1071,15533350,Lima,594,France,Female,30,7,174831.07,1,0,1,167447.9,0
1072,15194016,Gomes,590,France,Male,31,5,203209.96,2,1,1,194775.79,0
1073,15954637,Oliveira,568,France,Female,28,6,49751.52,1,0,0,46882.54,0
1074,15343063,Robert,651,France,Female,18,4,75348.85,2,0,1,132622.53,0
1075,15991829,Santos,830,Spain,Female,32,6,70347.65,1,1,1,39937.01,0
1076,15479845,Gomes,615,France,Male,24,3,85529.19,1,0,0,58210.91,0
1077,15769575,Müller,606,France,Female,32,6,0.0,2,1,0,91887.49,0
1078,15879417,Thomas,807,Germany,Female,43,4,74254.81,1,1,0,35449.78,1
1079,15055485,Weber,459,France,Female,22,4,224053.04,1,0,0,75958.93,1
1080,15566435,Weber,427,Spain,Male,35,6,0.0,1,0,1,122612.81,0
1081,15728881,Ferreira,678,Spain,Male,51,2,0.0,1,1,1,34346.07,0
1082,15826355,Lima,681,France,Female,59,8,176631.0,1,0,1,127854.71,1
1083,15846421,Oliveira,747,France,Female,40,4,55716.24,2,0,1,83101.1,0
1084,15285583,Martin,781,Spain,Male,55,5,0.0,2,1,1,81419.59,0
1085,15047834,Gomes,671,Spain,Male,33,4,146442.74,1,1,1,179862.81,0
1086,15755578,Gomes,471,France,Female,23,5,0.0,2,1,1,85199.8,0
1087,15083117,Fischer,738,Germany,Male,70,5,138089.63,2,1,0,144647.53,1
1088,15754021,Santos,467,France,Male,57,6,5682.02,2,1,0,184199.13,0
1089,15100121,Ferreira,660,Spain,Female,39,6,0.0,2,1,1,150965.4,0
1090,15174483,Gomes,733,France,Male,41,3,99777.13,3,1,1,135982.76,1
1091,15233778,Robert,649,Spain,Male,46,5,0.0,1,1,1,62875.07,0
1092,15070482,Silva,663,Germany,Male,38,6,93099.39,1,0,1,148610.51,0
1093,15542577,Robert,678,Germany,Female,34,6,70600.52,1,1,0,50742.39,1
1094,15781833,Oliveira,528,Germany,Female,32,7,0.0,1,1,1,25639.77,0
1095,15091673,Santos,637,France,Male,58,6,60181.66,2,1,1,115543.65,0
1096,15966716,Thomas,827,France,Female,22,6,0.0,1,1,1,185224.03,0
1097,15853272,Dubois,662,France,Male,55,6,201677.7,1,0,1,66568.4,0
1098,15309984,Silva,606,France,Male,23,6,0.0,1,1,1,70032.56,0
1099,15884764,Pereira,790,Spain,Male,48,6,218627.95,2,1,1,118313.84,0
1100,15840803,Fischer,823,France,Male,45,3,10939.27,2,0,1,40960.16,0
1101,15992413,Fischer,512,France,Female,43,6,0.0,2,1,1,139438.65,0
1102,15663157,Alves,559,Spain,Male,18,8,217171.32,1,1,1,101418.01,0
1103,15871137,Silva,556,Spain,Male,37,2,0.0,2,1,0,43935.78,0
1104,15164446,Lima,752,Spain,Female,50,0,11568.26,2,1,1,99836.28,0
1105,15192260,Alves,644,Spain,Male,24,1,9311.51,2,1,0,32541.11,0
1106,15427074,Oliveira,692,France,Female,22,2,0.0,1,0,0,129502.0,0
1107,15108198,Fischer,656,France,Male,44,7,0.0,1,1,0,30865.8,0
1108,15041385,Costa,777,Spain,Male,46,2,201892.44,1,1,0,153991.12,0
1109,15897222,Robert,587,Germany,Female,19,6,195523.88,2,0,1,140379.37,0
1110,15105679,Bernard,569,France,Male,48,6,95745.51,1,1,1,23540.13,0
1111,15878560,Souza,623,Spain,Male,60,7,0.0,1,0,1,26344.8,0
1112,15349064,Ferreira,606,France,Female,19,4,61564.84,2,1,0,71738.86,0
1113,15849115,Thomas,634,France,Female,46,4,137217.24,1,0,1,35889.69,0
1114,15853352,Weber,572,Germany,Female,28,3,129801.15,3,0,0,73404.49,1
1115,15810357,Schmidt,850,Germany,Male,26,2,0.0,1,1,1,50277.52,0
1116,15515587,Müller,542,Germany,Male,24,2,142463.94,2,1,1,139281.19,0
1117,15412973,Silva,473,France,Male,36,2,151557.84,2,1,1,35575.0,0
1118,15397064,Weber,710,Spain,Male,59,4,223171.34,1,1,0,18278.25,1
1119,15762946,Weber,611,France,Male,39,2,0.0,1,1,0,53377.49,0
1120,15526472,Dubois,728,France,Female,47,4,123330.96,2,0,0,82011.99,0
1121,15192340,Lima,476,Spain,Male,38,6,98482.93,2,1,0,15382.97,0
1122,15780270,Santos,726,Spain,Female,40,5,67950.87,2,1,1,151375.05,0
1123,15676070,Oliveira,666,Spain,Female,42,5,0.0,1,0,0,151880.08,0
1124,15913185,Santos,698,Spain,Male,58,6,223376.55,2,1,0,100948.5,0
1125,15102533,Müller,546,Germany,Female,52,0,4950.98,1,1,1,105010.48,1
1126,15106920,Silva,591,Germany,Male,58,6,0.0,2,1,1,147870.27,0
1127,15457856,Oliveira,793,France,Male,36,2,187348.15,2,1,0,152078.16,0
1128,15204695,Santos,639,France,Female,52,3,40699.51,1,0,1,134887.22,0
1129,15848957,Martin,601,France,Female,32,3,101602.16,1,1,1,30296.48,0
1130,15608892,Meyer,754,France,Male,46,1,0.0,1,0,1,122459.62,0
1131,15535150,Souza,532,Germany,Male,73,2,217589.79,2,1,0,122123.47,1
1132,15966110,Gomes,658,France,Female,19,8,52747.76,2,1,0,85296.31,0
1133,15397125,Müller,549,France,Female,33,5,68400.44,1,1,0,43075.38,1
1134,15339121,Santos,850,France,Male,46,4,0.0,3,1,1,187644.39,1
1135,15424230,Ferreira,642,Germany,Male,44,6,0.0,2,1,0,159682.25,0
1136,15393795,Robert,739,France,Female,27,6,60621.83,2,0,0,94808.32,0
1137,15156366,Müller,512,Spain,Female,70,2,213812.58,2,1,1,65627.62,0
1138,15151962,Oliveira,791,France,Male,46,6,76788.97,1,0,1,89809.11,0
1139,15625484,Schmidt,583,France,Male,19,8,11234.76,1,1,1,101877.33,0
1140,15460905,Costa,611,Germany,Male,26,5,88671.14,2,1,1,157956.77,0
1141,15516839,Robert,850,Spain,Male,55,5,0.0,1,1,0,20317.04,0
1142,15222779,Müller,692,France,Male,27,7,0.0,1,1,1,140590.16,0
1143,15363681,Robert,766,Germany,Female,25,5,151042.4,2,1,0,131332.42,0
1144,15728165,Fischer,441,Germany,Male,45,9,146321.71,1,1,1,136950.33,0
1145,15496951,Müller,552,France,Female,42,3,132417.52,1,1,1,145895.85,0
1146,15548119,Costa,672,Spain,Male,49,6,122963.54,1,1,1,191769.11,0
1147,15643261,Lima,714,Spain,Male,31,5,0.0,2,1,0,162301.11,0
1148,15554692,Gomes,607,Germany,Female,58,3,0.0,2,1,0,119571.47,1
1149,15753934,Ferreira,434,Spain,Male,77,7,0.0,1,0,1,93230.66,0
1150,15478175,Pereira,626,Spain,Male,32,9,82156.7,1,0,0,172200.91,0
1151,15098708,Weber,651,Germany,Female,48,1,40900.85,1,1,1,198383.21,0
1152,15463086,Pereira,571,Spain,Male,52,7,0.0,1,0,0,194872.79,0
1153,15154277,Santos,741,Germany,Female,47,2,236373.03,1,1,1,115348.15,1
1154,15220135,Alves,845,Germany,Female,43,2,0.0,1,1,1,134530.06,0
1155,15953255,Costa,580,Germany,Male,37,0,0.0,1,1,1,166208.5,0
1156,15588033,Gomes,740,Spain,Female,48,7,44471.61,2,0,0,88853.66,0
1157,15443605,Fischer,660,France,Male,50,6,0.0,2,1,0,143809.95,0
1158,15697708,Lima,589,Spain,Female,49,0,37723.9,2,1,1,82576.07,0
1159,15175765,Meyer,584,Spain,Male,66,5,201633.36,1,1,1,128483.34,1
1160,15515175,Müller,594,France,Male,18,2,63485.73,2,1,1,39369.34,0
1161,15245365,Alves,698,Spain,Female,27,6,86023.83,2,0,0,157185.74,0
1162,15079516,Gomes,850,France,Female,19,4,204714.01,1,1,0,28938.21,1
1163,15182106,Bernard,690,France,Male,44,0,0.0,1,0,1,37050.43,0
1164,15343708,Fischer,702,Germany,Male,28,6,0.0,1,1,0,167372.83,0
1165,15068761,Alves,462,France,Female,47,5,184101.54,1,1,1,116747.01,0
1166,15722076,Alves,603,Spain,Male,37,6,0.0,2,1,0,106491.03,0
1167,15363332,Silva,652,Spain,Female,35,5,101094.39,1,0,0,177530.35,1
1168,15235038,Meyer,667,Germany,Female,36,4,0.0,1,1,0,74114.67,1
1169,15957627,Bernard,723,France,Male,53,5,28457.03,2,1,1,74167.73,0
1170,15063002,Gomes,536,France,Female,41,0,24634.74,1,1,1,111966.12,0
1171,15411443,Costa,674,Germany,Male,69,3,0.0,1,1,0,170460.49,1
1172,15013313,Thomas,724,Spain,Male,49,6,52530.85,2,1,1,50506.38,0
1173,15591910,Silva,499,Germany,Male,29,6,197635.38,1,1,0,66812.56,1
1174,15357619,Alves,631,France,Male,22,7,0.0,1,0,1,148701.0,0
1175,15266616,Santos,553,Germany,Male,70,5,0.0,1,1,1,197834.54,1
1176,15096437,Oliveira,763,Germany,Male,43,8,0.0,1,0,0,142907.24,0
1177,15093246,Robert,837,Spain,Male,19,4,0.0,2,0,1,117715.75,0
1178,15992111,Pereira,578,France,Male,48,4,0.0,1,1,0,176523.95,0
1179,15335590,Souza,850,Spain,Male,33,2,175083.94,2,1,0,88533.64,0
1180,15543497,Costa,591,Germany,Female,38,6,213848.85,1,1,0,139446.27,1
1181,15900209,Costa,707,Spain,Male,19,5,139459.25,2,1,1,56764.48,0
1182,15261206,Gomes,598,France,Male,57,4,0.0,2,1,0,86042.04,0
1183,15358585,Martin,620,Germany,Male,19,1,0.0,1,1,1,147001.04,0
1184,15953805,Müller,618,Spain,Male,36,2,0.0,1,0,1,126019.78,0
1185,15090744,Oliveira,663,France,Male,35,2,168832.21,1,1,1,181923.25,0
1186,15642950,Thomas,621,Spain,Male,20,3,0.0,1,1,1,50527.99,0
1187,15972295,Alves,605,Germany,Female,44,2,0.0,1,1,1,103894.74,0
1188,15437672,Schmidt,537,France,Male,24,6,69404.33,1,1,0,21434.62,0
1189,15463356,Schmidt,734,France,Female,38,7,0.0,1,1,0,194187.38,0
1190,15482878,Müller,508,Germany,Male,78,6,0.0,1,1,0,125491.11,1
1191,15635414,Müller,659,France,Male,39,5,0.0,2,1,0,45846.99,0
1192,15048139,Alves,598,Germany,Female,40,5,0.0,1,0,1,172102.52,0
1193,15888575,Lima,593,France,Female,33,7,0.0,1,1,0,32451.79,0
1194,15566968,Costa,656,Germany,Male,43,4,165588.41,1,1,1,178149.35,0
1195,15951475,Lima,719,France,Female,54,1,0.0,2,1,0,19095.05,0
1196,15938358,Costa,629,Spain,Female,37,4,70108.27,2,0,0,188752.28,0
1197,15640573,Pereira,558,Spain,Male,53,4,228626.16,2,1,1,67603.23,0
1198,15808864,Pereira,738,Spain,Female,48,4,0.0,3,1,1,80832.32,1
1199,15506184,Robert,647,Germany,Male,45,2,0.0,1,0,1,129946.26,0
1200,15819235,Bernard,636,France,Male,24,6,61019.9,1,1,0,189092.55,0
1201,15557078,Schmidt,560,Spain,Female,30,6,77961.56,2,0,0,47907.19,0
1202,15836435,Weber,672,France,Female,46,2,46627.4,1,1,0,79053.47,1
1203,15495069,Pereira,728,France,Male,59,4,45074.53,2,1,1,139265.8,0
1204,15998356,Müller,724,France,Male,44,6,246222.98,2,1,0,24707.9,0
1205,15097008,Robert,773,France,Male,35,0,49462.93,3,0,1,75758.35,1
1206,15689923,Oliveira,744,Spain,Male,21,3,0.0,1,1,1,130798.7,0
1207,15726375,Oliveira,567,Germany,Male,45,4,114518.42,1,0,1,93990.16,0
1208,15396960,Lima,616,France,Female,42,6,0.0,1,0,1,195967.75,0
1209,15391224,Oliveira,609,France,Female,18,6,80051.2,1,1,1,195433.53,0
1210,15368818,Thomas,569,Spain,Female,29,2,75940.82,2,1,1,186287.74,0
1211,15547156,Meyer,726,France,Female,37,4,74105.86,1,1,1,191569.06,0
1212,15943290,Lima,626,France,Male,46,3,0.0,2,1,0,191034.88,0
1213,15114505,Pereira,545,France,Male,48,3,210460.39,2,1,1,170056.67,0
1214,15962219,Oliveira,448,Spain,Female,57,4,0.0,1,0,0,190427.81,1
1215,15110844,Lima,814,Germany,Male,43,4,216978.96,2,0,1,13250.91,0
1216,15397183,Santos,599,France,Female,30,2,80331.06,2,1,0,159097.57,0
1217,15972184,Bernard,644,France,Female,50,2,198692.54,2,0,0,112571.56,0
1218,15921801,Alves,603,Germany,Male,61,2,172559.7,4,0,0,99981.73,1
1219,15582028,Bernard,588,Germany,Female,57,6,166335.04,1,1,0,35475.09,1
1220,15851996,Schmidt,799,France,Female,57,0,79701.09,1,1,1,78653.85,0
1221,15884719,Santos,614,Spain,Female,33,2,0.0,1,0,1,84072.61,0
1222,15975319,Costa,628,France,Female,46,8,0.0,2,1,1,52619.95,0
1223,15440590,Thomas,765,France,Male,60,1,0.0,2,1,0,189668.02,0
1224,15694283,Ferreira,644,Spain,Male,42,0,0.0,2,0,0,126581.18,0
1225,15075494,Alves,669,France,Female,38,3,0.0,1,1,0,193654.06,0
1226,15956767,Lima,432,Germany,Female,63,2,204642.24,1,1,0,122138.6,1
1227,15866650,Dubois,555,France,Male,34,5,43908.41,2,1,1,111179.51,0
1228,15401280,Ferreira,482,France,Male,21,3,228683.92,1,1,1,84653.24,0
1229,15977257,Alves,692,Spain,Female,25,2,0.0,2,0,0,48619.32,0
1230,15427561,Weber,570,France,Female,50,9,0.0,1,0,1,45645.78,0
1231,15561631,Ferreira,504,Spain,Male,37,3,0.0,2,0,0,148605.34,0
1232,15235168,Fischer,576,France,Male,27,5,0.0,2,1,0,164593.6,0
1233,15517218,Thomas,735,France,Female,44,7,99689.4,2,1,1,18336.58,0
1234,15580479,Meyer,669,France,Male,52,7,0.0,2,1,0,31272.68,0
1235,15113500,Alves,633,Germany,Female,48,4,0.0,1,1,1,150305.31,0
1236,15946981,Schmidt,625,France,Male,38,8,173062.22,2,0,1,43887.68,0
1237,15493983,Müller,629,Spain,Male,49,6,230837.16,1,1,0,83204.65,0
1238,15801341,Martin,633,France,Male,30,5,0.0,1,1,0,160798.93,0
1239,15878714,Pereira,556,Spain,Male,34,5,0.0,2,1,1,175933.8,0
1240,15996181,Müller,477,France,Female,32,3,52411.81,2,1,1,183864.9,0
1241,15340724,Müller,551,Spain,Female,51,4,0.0,4,1,0,75562.66,1
1242,15998022,Martin,476,Spain,Male,33,5,143030.01,2,1,0,124598.26,0
1243,15113887,Pereira,666,Spain,Female,28,3,85649.78,1,0,1,102147.41,0
1244,15582424,Ferreira,668,Spain,Female,35,6,20065.87,1,1,1,145513.83,0
1245,15381893,Martin,698,Spain,Female,44,2,140734.13,1,1,0,151038.68,1
1246,15629750,Silva,735,Germany,Male,62,6,0.0,1,1,1,53888.65,1
1247,15910336,Bernard,714,France,Male,79,2,164913.45,1,1,0,189144.32,1
1248,15000816,Dubois,544,France,Female,20,2,239579.45,2,1,1,103281.02,0
1249,15351915,Müller,627,Spain,Female,35,6,0.0,2,0,0,54181.09,0
1250,15503295,Oliveira,635,Germany,Male,27,3,0.0,3,1,0,64240.4,1
1251,15761668,Souza,589,Spain,Male,56,6,90605.46,1,0,1,37868.13,0
1252,15461988,Silva,581,France,Male,23,6,0.0,2,1,0,43896.34,0
1253,15088161,Oliveira,585,France,Male,24,3,40248.16,2,1,0,172578.05,0
1254,15114488,Fischer,632,France,Male,47,1,0.0,2,0,0,169593.65,0
1255,15558516,Weber,782,Germany,Female,33,2,168640.33,1,1,1,94157.7,1
1256,15405440,Robert,687,France,Male,24,6,95333.72,1,1,0,105116.83,0
1257,15838508,Dubois,711,France,Female,35,6,95019.23,2,0,0,24040.99,0
1258,15613969,Dubois,698,France,Female,39,3,0.0,2,0,1,56853.6,0
1259,15799689,Dubois,656,France,Male,45,2,0.0,2,1,0,56295.64,0
1260,15738710,Costa,387,Germany,Female,68,1,55075.51,2,0,1,169916.84,1
1261,15280113,Bernard,850,France,Female,26,2,161221.62,1,1,1,93573.95,0
1262,15457793,Costa,647,Spain,Female,34,8,79177.69,1,1,0,18944.87,0
1263,15786930,Dubois,729,France,Male,59,2,0.0,1,1,0,62046.45,1
1264,15890069,Oliveira,576,France,Female,58,1,186364.85,2,0,0,96584.87,1
1265,15529689,Bernard,686,France,Male,33,6,127967.75,1,1,1,43520.66,0
1266,15835478,Thomas,593,France,Male,42,5,197948.8,2,1,1,24355.72,0
1267,15551955,Pereira,815,France,Male,28,4,9045.99,1,1,0,41782.2,0
1268,15504884,Martin,523,France,Female,42,4,154161.57,1,1,1,56269.0,0
1269,15267470,Schmidt,576,Germany,Male,66,5,0.0,2,1,0,104292.27,1
1270,15109026,Silva,614,France,Female,44,5,196633.94,1,1,0,155965.28,1
1271,15275647,Ferreira,651,Germany,Female,41,4,95579.82,1,1,1,55768.98,0
1272,15939897,Souza,722,Spain,Female,32,2,152820.6,2,1,1,165855.62,0
1273,15645180,Schmidt,741,Spain,Male,43,6,0.0,2,1,0,168934.4,0
1274,15161286,Souza,502,France,Female,47,2,0.0,1,1,0,137429.36,1
1275,15336574,Weber,582,France,Female,43,4,51063.3,1,1,1,109938.82,0
1276,15793819,Silva,699,France,Female,18,5,174533.74,1,1,0,37244.96,1
1277,15080027,Schmidt,630,France,Female,44,5,0.0,2,1,0,115778.37,0
1278,15581654,Silva,631,Spain,Male,49,5,0.0,1,0,0,93194.25,0
1279,15797877,Costa,492,France,Male,37,5,23202.61,2,0,1,39487.19,0
1280,15988434,Pereira,385,France,Male,32,7,68648.51,2,1,0,33196.93,0
1281,15418696,Souza,505,Germany,Female,39,3,57453.25,1,0,0,60925.43,1
1282,15607043,Santos,691,Germany,Female,45,5,102276.46,2,1,0,149091.18,1
1283,15742568,Meyer,689,Germany,Male,48,5,177656.77,1,0,1,128438.59,0
1284,15660398,Dubois,592,France,Female,51,5,61085.46,1,1,1,40420.67,0
1285,15319494,Lima,648,France,Male,37,7,0.0,2,0,1,96074.71,0
1286,15236566,Fischer,551,Germany,Female,56,5,146965.09,1,0,0,63083.19,1
1287,15828838,Fischer,743,France,Male,46,4,60615.53,2,1,1,181528.12,0
1288,15559093,Thomas,518,France,Female,37,6,211996.75,2,1,0,24120.38,0
1289,15811395,Silva,677,France,Female,21,4,81004.08,3,0,0,68391.11,1
1290,15813740,Souza,541,France,Male,40,4,69473.97,2,0,1,56346.73,0
1291,15910638,Schmidt,458,France,Male,62,5,0.0,3,0,1,87325.57,1
1292,15766150,Robert,791,France,Female,35,3,194184.79,1,1,0,29312.66,1
1293,15455241,Silva,532,Germany,Male,35,6,246231.49,2,1,0,55594.64,0
1294,15872819,Martin,644,Germany,Male,35,1,57660.02,1,1,1,183429.24,0
1295,15507072,Bernard,691,Spain,Female,52,6,61149.05,1,1,0,47551.24,1
1296,15200908,Weber,773,France,Female,37,6,56413.9,2,1,1,66416.69,0
1297,15817334,Pereira,538,France,Male,32,3,0.0,1,1,1,86375.34,0
1298,15132675,Silva,691,France,Female,40,2,8753.76,1,1,0,59575.74,1
1299,15809577,Robert,582,Germany,Male,34,3,0.0,1,0,0,131289.19,0
1300,15892344,Bernard,587,Germany,Female,33,6,0.0,1,1,0,194798.94,1
1301,15540477,Ferreira,581,France,Female,50,0,0.0,1,1,0,111858.51,1
1302,15558433,Dubois,584,Spain,Female,56,4,72528.46,1,0,1,166925.92,0
1303,15085296,Müller,705,France,Male,53,2,217646.96,1,1,0,26999.6,1
1304,15691565,Costa,800,Germany,Female,59,7,223860.22,2,0,0,90407.46,1
1305,15244676,Silva,825,Germany,Female,23,4,167011.43,1,1,0,61821.26,1
1306,15378310,Souza,850,Spain,Female,51,5,0.0,1,1,1,70415.67,0
1307,15081652,Bernard,574,Germany,Male,22,3,0.0,1,1,0,171198.44,0
1308,15052366,Weber,850,Spain,Female,29,3,0.0,1,0,0,112311.95,0
1309,15050959,Robert,664,France,Male,68,3,120230.79,1,0,0,80676.25,1
1310,15734702,Gomes,704,Spain,Female,51,5,112481.56,2,1,0,71957.53,1
1311,15486557,Martin,762,France,Female,47,8,0.0,3,1,1,23833.13,1
1312,15898268,Gomes,637,Spain,Male,59,2,51107.61,2,0,1,179844.52,0
1313,15227835,Gomes,675,Germany,Male,71,5,67259.17,2,1,0,76894.2,1
1314,15094622,Weber,685,Spain,Male,44,3,0.0,2,1,0,126023.02,0
1315,15819462,Fischer,595,France,Male,44,4,55798.62,1,1,0,121564.76,0
1316,15239365,Schmidt,658,Germany,Male,47,4,167456.37,2,1,0,97668.02,0
1317,15700245,Silva,571,Germany,Male,40,4,0.0,2,1,1,162950.85,0
1318,15000447,Dubois,641,Germany,Male,30,4,0.0,1,1,1,70269.29,0
1319,15124228,Bernard,797,France,Female,47,7,0.0,2,0,0,109205.96,0
1320,15313787,Souza,792,France,Male,40,1,25997.1,4,1,1,60883.31,1
1321,15279273,Ferreira,448,France,Male,18,6,17676.07,2,1,1,170276.21,0
1322,15433260,Lima,685,France,Male,37,4,105253.6,1,1,0,128313.52,0
1323,15652328,Souza,660,Spain,Female,37,3,195698.02,1,1,1,80497.37,0
1324,15717885,Robert,574,France,Female,74,2,58176.06,2,1,1,13910.97,0
1325,15464078,Thomas,585,Spain,Male,44,6,73431.05,1,1,0,130278.88,0
1326,15262788,Lima,620,France,Female,48,5,75369.96,1,0,1,147267.23,0
1327,15624725,Souza,705,France,Female,68,6,0.0,1,1,0,125344.32,1
1328,15396385,Thomas,591,Spain,Female,51,3,0.0,2,1,0,197489.54,0
1329,15702514,Lima,709,Germany,Male,45,3,66354.55,2,1,1,33510.39,0
1330,15732872,Meyer,718,France,Female,59,7,0.0,2,1,1,67190.59,0
1331,15664014,Weber,675,Germany,Male,36,8,50977.87,1,0,0,90986.17,0
1332,15930544,Thomas,636,Germany,Female,39,6,159515.56,2,0,0,85102.36,0
1333,15378053,Souza,640,France,Male,36,6,61615.6,2,1,1,151413.6,0
1334,15380358,Müller,653,Spain,Male,50,5,224318.08,2,1,0,35884.28,0
1335,15455365,Müller,775,Spain,Female,46,5,124003.76,2,0,1,25003.19,0
1336,15760076,Silva,645,Germany,Male,47,5,57989.66,2,1,0,17420.63,0
1337,15757498,Weber,665,France,Female,44,8,49012.78,2,1,1,141406.02,0
1338,15276922,Santos,587,Germany,Female,28,6,87379.56,2,1,0,160698.83,0
1339,15379821,Robert,547,France,Male,27,5,85243.08,1,0,0,101548.15,0
1340,15217636,Silva,588,France,Female,41,2,179929.12,2,1,1,83141.43,0
1341,15258531,Fischer,793,France,Female,31,8,64737.23,1,1,1,45051.05,0
1342,15308157,Costa,663,France,Female,43,4,0.0,1,1,0,101459.4,1
1343,15134846,Souza,590,Spain,Female,48,8,229802.7,1,0,1,31592.23,0
1344,15111102,Lima,700,Germany,Male,45,5,0.0,1,0,0,32931.5,0
1345,15995529,Silva,519,Germany,Female,36,0,189782.49,1,1,0,95096.44,1
1346,15236931,Santos,519,France,Male,48,4,90140.18,1,0,0,15302.02,0
1347,15291301,Gomes,648,France,Male,52,7,51410.55,2,1,0,146493.97,0
1348,15502875,Costa,781,France,Female,64,0,0.0,2,0,0,185921.77,1
1349,15722218,Schmidt,769,Spain,Female,52,6,92387.64,1,1,1,73311.99,0
1350,15079864,Weber,601,France,Male,50,5,0.0,1,1,1,133101.5,0
1351,15364148,Thomas,617,Spain,Female,31,0,0.0,1,1,0,183716.43,0
1352,15409334,Martin,721,Germany,Female,43,3,0.0,2,0,1,54549.72,0
1353,15837672,Meyer,652,France,Female,66,0,12395.88,1,1,0,113971.71,1
1354,15836776,Robert,682,Germany,Male,32,0,88283.36,1,0,0,121276.56,0
1355,15571857,Robert,632,France,Male,31,7,0.0,1,1,0,167609.1,0
1356,15624482,Ferreira,593,Spain,Female,28,6,50492.94,2,1,1,126518.21,0
1357,15266839,Ferreira,777,Spain,Female,43,3,0.0,1,1,1,159375.32,0
1358,15480670,Weber,667,France,Male,34,2,55416.8,1,0,1,63761.07,0
1359,15905474,Martin,558,France,Male,28,1,70759.64,1,1,1,143031.75,0
1360,15570004,Oliveira,713,Germany,Male,52,7,0.0,2,1,1,106721.6,0
1361,15129812,Souza,561,Spain,Male,49,5,212514.3,1,1,1,116680.62,0
1362,15759660,Meyer,633,France,Female,35,2,0.0,2,0,1,142981.07,0
1363,15437749,Schmidt,736,Germany,Male,36,5,57078.55,2,1,1,165283.79,0
1364,15318798,Lima,571,Germany,Female,31,9,12095.5,1,1,0,54976.19,1
1365,15095918,Gomes,579,Germany,Female,36,6,231420.17,2,0,1,58879.45,0
1366,15360427,Oliveira,849,France,Male,36,4,0.0,1,0,0,199800.77,0
1367,15726854,Silva,607,Germany,Female,41,6,60778.79,2,0,0,22392.52,0
1368,15976154,Martin,569,Spain,Male,57,6,102294.57,2,1,0,32207.99,0
1369,15618891,Costa,727,France,Female,44,1,2789.97,2,1,1,108118.05,0
1370,15587439,Gomes,624,France,Male,40,7,0.0,1,1,1,114613.1,0
1371,15576920,Costa,850,Spain,Male,42,7,0.0,1,1,1,146320.09,0
1372,15607071,Thomas,599,France,Female,56,5,91735.44,1,1,1,183783.55,0
1373,15715594,Souza,642,Spain,Male,27,4,222914.44,2,1,0,184381.19,0
1374,15717942,Müller,718,France,Female,19,2,0.0,1,1,0,131844.3,0
1375,15408480,Pereira,566,France,Male,43,6,203920.23,2,1,0,153916.63,0
1376,15434661,Santos,667,Spain,Female,41,4,0.0,2,1,1,134840.46,0
1377,15074533,Gomes,673,France,Male,39,5,16638.55,2,1,0,42476.44,0
1378,15087682,Gomes,545,Germany,Male,41,2,0.0,2,0,1,189531.86,0
1379,15191365,Müller,625,France,Female,49,2,0.0,2,0,0,170712.58,0
1380,15212000,Fischer,614,Germany,Female,59,9,119235.93,1,1,0,30005.6,1
1381,15822720,Fischer,624,France,Female,18,4,206906.17,2,1,0,197240.75,0
1382,15220645,Silva,607,France,Male,44,6,123975.14,2,1,1,170486.26,0
1383,15236192,Pereira,594,Spain,Male,29,6,50311.48,1,1,1,180055.49,0
1384,15227629,Costa,805,France,Male,50,8,72053.47,2,0,1,109883.78,0
1385,15203349,Meyer,766,Germany,Female,46,8,168520.13,2,0,1,182191.39,0
1386,15866439,Pereira,722,France,Male,32,4,0.0,1,1,0,74695.17,0
1387,15851847,Lima,721,Spain,Female,52,8,0.0,2,1,0,41119.84,0
1388,15031617,Dubois,618,France,Male,20,3,178541.75,1,1,0,19595.78,0
1389,15621427,Fischer,624,Spain,Male,41,5,0.0,1,1,0,60919.73,0
1390,15500813,Silva,755,France,Female,32,6,93874.9,1,1,0,175706.45,1
1391,15442732,Gomes,599,France,Female,42,7,115786.85,2,1,1,133054.87,0
1392,15780740,Alves,750,France,Female,21,4,209259.68,2,1,0,77292.91,0
1393,15601549,Robert,718,France,Male,52,4,0.0,2,1,1,54345.29,0
1394,15730839,Schmidt,472,Germany,Male,52,6,119770.6,2,1,0,59799.27,1
1395,15546605,Müller,645,France,Male,55,4,0.0,2,0,1,138878.2,0
1396,15454781,Müller,424,Spain,Female,23,5,0.0,2,1,1,42159.06,0
1397,15411591,Fischer,613,France,Male,48,6,31595.38,2,1,0,36932.47,0
1398,15011655,Gomes,507,France,Male,21,6,143710.83,1,0,1,131129.65,0
1399,15831142,Fischer,514,Germany,Female,53,2,0.0,1,1,0,177295.1,1
1400,15930919,Silva,776,Germany,Male,45,5,0.0,2,0,1,158037.32,0
1401,15726552,Pereira,551,France,Female,50,0,42628.48,1,1,1,27770.83,0
1402,15934215,Fischer,527,France,Female,45,6,0.0,2,1,1,158886.63,0
1403,15091876,Bernard,561,France,Male,30,2,0.0,2,0,0,181707.4,0
1404,15008651,Gomes,601,Germany,Female,46,7,77881.8,1,1,1,142600.05,0
1405,15675082,Oliveira,721,Germany,Male,40,4,134495.79,1,1,0,156227.61,1
1406,15936574,Weber,506,France,Male,62,2,95670.36,2,1,0,177071.98,0
1407,15123904,Silva,725,Spain,Female,60,6,9565.91,2,1,1,111237.3,0
1408,15952466,Oliveira,475,Spain,Male,44,2,0.0,2,1,1,113663.48,0
1409,15718718,Lima,618,Germany,Male,65,3,20204.33,1,1,1,125611.63,1
1410,15021777,Pereira,635,Spain,Female,38,5,57753.23,1,1,1,50600.67,0
1411,15438145,Silva,657,France,Female,60,3,15831.88,2,1,0,92836.03,0
1412,15017680,Souza,531,France,Female,38,2,0.0,2,1,1,111541.83,0
1413,15747713,Martin,639,France,Female,45,4,62278.31,1,0,0,19818.34,1
1414,15022417,Müller,484,France,Female,48,2,171088.65,1,0,0,101724.19,1
1415,15021310,Pereira,644,Germany,Female,23,6,0.0,1,1,1,131122.72,0
1416,15561126,Robert,785,Spain,Female,35,2,0.0,1,0,1,152953.84,0
1417,15056751,Silva,605,France,Male,19,4,0.0,2,1,1,20390.39,0
1418,15290670,Martin,592,France,Female,72,5,79018.69,1,0,0,114727.7,1
1419,15128458,Ferreira,663,France,Male,25,8,92083.75,3,1,0,154915.4,1
1420,15369932,Pereira,582,Spain,Male,45,1,0.0,1,0,0,46475.45,0
1421,15095436,Ferreira,775,France,Male,57,8,20966.72,2,1,1,75820.69,0
1422,15938715,Souza,496,Germany,Female,34,2,135111.98,2,1,0,26683.19,1
1423,15816207,Dubois,771,France,Male,49,6,19699.48,2,0,1,86464.33,0
1424,15370265,Schmidt,512,France,Male,41,1,192301.81,1,1,1,61152.75,0
1425,15814320,Ferreira,620,Spain,Male,27,9,0.0,1,1,1,78578.5,0
1426,15070780,Robert,556,Spain,Female,51,6,70335.81,2,1,1,45556.85,0
1427,15649794,Pereira,585,France,Female,38,1,229480.79,2,0,0,63426.12,0
1428,15708145,Pereira,649,Spain,Male,34,2,59511.68,1,1,0,85999.57,0
1429,15825865,Pereira,765,Germany,Female,43,4,0.0,1,0,0,14324.2,1
1430,15290103,Meyer,823,Spain,Male,37,4,176507.07,2,1,1,72126.09,0
1431,15924432,Silva,694,France,Female,54,5,0.0,2,1,1,40613.7,0
1432,15072748,Dubois,613,Germany,Male,52,4,51118.01,1,1,0,187667.49,1
1433,15617594,Oliveira,671,France,Male,43,6,0.0,2,1,0,81082.66,0
1434,15631854,Fischer,757,Germany,Male,31,3,64527.58,2,0,0,85828.54,0
1435,15011458,Santos,764,France,Male,32,2,0.0,1,0,0,178780.79,0
1436,15295621,Bernard,711,France,Male,35,0,186459.04,1,1,1,164912.53,0
1437,15202092,Lima,663,France,Male,50,3,235998.68,2,1,0,25001.07,0
1438,15032177,Fischer,460,Germany,Male,51,4,42102.93,2,1,1,22766.34,0
1439,15901074,Oliveira,772,France,Male,33,5,185906.41,1,0,0,171133.99,0
1440,15960093,Meyer,667,Germany,Male,40,6,0.0,2,1,1,33266.8,0
1441,15474638,Costa,408,Spain,Female,39,2,72006.18,2,1,1,97944.24,0
1442,15932277,Fischer,553,France,Male,23,4,244256.03,2,0,0,39286.62,0
1443,15965943,Meyer,732,Germany,Female,42,2,82519.02,1,1,1,93997.54,0
1444,15267832,Robert,618,France,Female,46,8,21664.26,2,0,0,50460.08,0
1445,15563224,Thomas,627,Spain,Male,47,5,61472.66,1,1,0,131469.47,0
1446,15680074,Lima,762,France,Male,31,5,0.0,2,0,1,27528.8,0
1447,15872025,Bernard,521,Germany,Male,52,4,90784.83,2,1,0,138339.04,0
1448,15789909,Dubois,615,Spain,Female,23,3,0.0,2,1,0,110945.65,0
1449,15908576,Gomes,436,Spain,Female,55,2,224316.09,1,1,1,125884.01,1
1450,15148785,Ferreira,654,Germany,Male,37,5,223385.45,2,1,0,77688.39,0
1451,15190606,Silva,521,France,Female,52,7,0.0,1,1,1,187447.04,0
1452,15960312,Alves,610,Germany,Male,49,2,180730.33,1,1,1,30704.46,0
1453,15934370,Bernard,538,Spain,Female,22,5,223070.35,2,1,0,180232.26,0
1454,15493912,Santos,850,Germany,Female,54,4,0.0,3,0,1,114972.63,1
1455,15608689,Lima,634,France,Male,48,5,87217.67,2,1,0,171146.46,0
1456,15868309,Souza,735,Spain,Female,20,5,219823.16,1,1,1,163060.02,0
1457,15010633,Schmidt,694,Germany,Female,22,3,82309.27,2,0,0,57871.58,0
1458,15325711,Fischer,784,Germany,Female,47,5,52857.98,1,1,1,52106.8,0
1459,15109810,Robert,618,France,Male,47,3,225583.81,1,0,0,104894.41,0
1460,15897816,Müller,593,Germany,Male,44,5,195080.8,2,1,0,145487.65,0
1461,15871688,Souza,692,France,Female,46,3,68942.45,1,0,1,75645.73,0
1462,15649685,Silva,669,Germany,Female,50,1,59345.65,2,0,1,179767.25,0
1463,15933133,Oliveira,621,France,Male,52,2,0.0,2,1,0,75573.66,0
1464,15601267,Müller,663,Germany,Female,46,6,171837.15,2,1,0,19398.12,1
1465,15644983,Ferreira,635,Spain,Male,36,2,0.0,1,0,1,150602.08,0
1466,15526627,Thomas,639,France,Female,60,3,0.0,1,1,0,42341.63,1
1467,15157441,Pereira,752,Spain,Female,26,3,0.0,2,0,0,184409.04,0
1468,15724117,Müller,671,France,Male,38,1,0.0,1,1,1,135271.01,0
1469,15071226,Souza,546,Spain,Female,48,5,106269.66,1,1,0,68387.13,1
1470,15273172,Pereira,703,Spain,Male,37,6,211368.56,1,1,1,92823.94,0
1471,15596806,Ferreira,493,Germany,Female,29,9,91889.29,1,1,0,90073.3,1
1472,15799737,Silva,639,Germany,Female,25,8,0.0,1,1,0,114886.02,1
1473,15579255,Souza,812,Spain,Male,45,0,232345.1,1,0,1,53737.68,0
1474,15822505,Meyer,807,France,Female,74,3,141200.46,2,1,0,32155.48,1
1475,15891808,Costa,546,France,Male,46,4,217821.0,3,0,1,125853.12,1
1476,15475938,Ferreira,605,Germany,Female,47,7,0.0,2,0,0,121443.08,0
1477,15967641,Meyer,551,Spain,Male,36,3,67715.84,2,0,0,81332.56,0
1478,15816625,Meyer,756,Spain,Male,32,5,79422.57,1,0,0,176742.82,0
1479,15810053,Santos,633,Spain,Female,21,5,68826.99,2,0,1,155625.92,0
1480,15710414,Dubois,718,France,Male,37,3,76417.62,1,1,0,51725.91,0
1481,15720737,Pereira,651,Spain,Male,31,5,0.0,1,1,0,114179.32,0
1482,15090560,Oliveira,627,France,Female,39,0,192122.16,1,1,1,32520.53,0
1483,15827686,Thomas,429,Germany,Male,30,4,70121.1,1,0,1,65649.48,0
1484,15877787,Fischer,665,France,Male,45,3,0.0,1,1,1,183935.45,0
1485,15175248,Costa,688,France,Female,54,3,157368.96,1,1,0,179766.53,1
1486,15159582,Ferreira,570,France,Female,72,2,0.0,3,1,1,63782.66,1
1487,15360122,Weber,636,France,Female,41,6,0.0,2,0,1,65233.28,0
1488,15154897,Souza,644,Germany,Female,23,7,13123.96,2,1,0,191431.77,0
1489,15815823,Silva,641,France,Male,43,7,83504.67,1,1,0,109981.15,0
1490,15065534,Weber,641,France,Male,26,3,41590.67,1,0,0,189191.9,0
1491,15073968,Weber,571,France,Male,43,3,0.0,2,1,1,84467.96,0
1492,15817934,Costa,574,France,Female,52,1,247194.92,2,1,1,132898.05,0
1493,15886184,Weber,689,France,Female,49,5,0.0,2,1,1,162524.27,0
1494,15889416,Silva,596,France,Male,74,3,61180.88,1,1,0,62113.42,1
1495,15342624,Gomes,676,Germany,Male,45,3,110529.84,1,1,1,142242.19,0
1496,15303328,Alves,615,Germany,Male,50,3,0.0,2,0,0,17449.92,0
1497,15629223,Lima,504,Germany,Female,35,4,214432.85,2,1,0,25064.39,0
1498,15368817,Alves,666,France,Female,54,2,0.0,1,1,1,60325.74,0
1499,15047623,Dubois,717,France,Female,23,8,41236.14,2,1,1,89336.76,0
1500,15419501,Thomas,731,Spain,Male,58,6,220547.47,1,0,0,82114.99,1
1501,15513612,Santos,608,Germany,Female,40,0,192466.56,2,0,0,101961.97,0
1502,15533391,Dubois,672,France,Male,30,3,0.0,2,1,1,161230.09,0
1503,15517195,Silva,593,France,Male,52,0,0.0,1,0,1,156526.64,0
1504,15865244,Pereira,795,France,Female,29,2,0.0,2,0,0,114896.15,0
1505,15484181,Bernard,629,France,Male,55,3,724.78,2,1,0,37952.61,0
1506,15635417,Gomes,501,France,Male,38,6,205752.2,1,1,0,133459.04,0
1507,15581083,Weber,722,Germany,Male,57,6,0.0,1,1,1,178260.19,0
1508,15337434,Dubois,610,Germany,Female,49,0,34055.54,1,0,0,100271.69,1
1509,15290955,Santos,841,Germany,Female,50,5,0.0,2,1,1,44019.6,0
1510,15909974,Meyer,665,Spain,Female,36,8,82380.98,1,0,0,63312.36,0
1511,15261953,Robert,624,Spain,Female,18,5,211961.08,1,1,0,129776.79,1
1512,15534862,Gomes,592,Germany,Male,55,8,0.0,1,1,0,134149.6,1
1513,15531309,Gomes,536,Spain,Male,18,3,0.0,2,1,1,34417.1,0
1514,15284355,Gomes,745,France,Female,31,4,13377.22,1,1,1,145084.57,0
1515,15320457,Dubois,484,France,Male,47,4,84338.43,2,1,0,194137.41,0
1516,15328490,Alves,705,France,Male,48,7,10451.22,1,0,0,58904.6,0
1517,15453040,Martin,568,Germany,Female,36,3,0.0,1,1,0,13956.11,1
1518,15663386,Costa,578,Spain,Female,24,8,0.0,1,1,0,103363.4,0
1519,15726061,Meyer,725,France,Male,25,4,0.0,1,1,0,195409.26,0
1520,15265874,Thomas,567,Spain,Male,52,2,196676.68,1,1,1,20030.74,0
1521,15639388,Bernard,623,France,Male,22,1,90767.24,2,0,1,112025.66,0
1522,15753926,Lima,711,Spain,Female,61,2,79862.1,2,1,0,74151.3,1
1523,15247468,Martin,776,France,Female,32,0,0.0,2,1,1,100437.27,0
1524,15526199,Lima,597,France,Female,25,5,60746.49,1,1,1,177527.22,0
1525,15906868,Souza,633,France,Male,46,4,237649.23,2,0,0,97285.89,0
1526,15608551,Meyer,556,France,Male,23,6,0.0,2,1,0,149331.09,0
1527,15941763,Dubois,522,France,Female,48,6,0.0,1,1,0,160200.31,1
1528,15756054,Lima,649,France,Male,58,8,82184.05,2,1,1,136905.24,0
1529,15213517,Silva,729,Spain,Male,24,2,225485.03,2,1,1,38852.04,0
1530,15220264,Thomas,579,Germany,Male,53,2,70312.58,1,1,0,192044.31,1
1531,15301524,Costa,778,France,Male,35,4,23297.71,1,0,0,46174.17,0
1532,15616132,Souza,600,Germany,Female,21,2,91133.41,2,0,1,125058.25,0
1533,15804277,Souza,579,Germany,Male,22,1,108037.62,1,1,1,37209.26,0
1534,15826246,Meyer,786,France,Female,56,5,97848.03,2,0,1,15623.89,0
1535,15154382,Alves,687,France,Female,28,6,66542.74,1,1,1,19072.8,0
1536,15604196,Müller,758,France,Male,53,6,85326.62,2,0,1,84440.89,0
1537,15011265,Dubois,757,France,Male,41,7,31914.5,2,1,0,93493.59,0
1538,15771875,Schmidt,747,Germany,Male,23,4,94633.93,2,1,0,120712.34,0
1539,15209623,Oliveira,643,France,Male,36,8,100787.04,2,1,1,76585.56,0
1540,15826431,Ferreira,784,Germany,Male,57,0,68597.79,1,1,1,89194.74,0
1541,15270817,Lima,772,Germany,Male,49,7,0.0,2,0,1,181450.14,0
1542,15114723,Martin,528,France,Female,42,3,27746.46,1,1,0,76591.31,1
1543,15226461,Costa,729,Germany,Male,51,7,72751.91,2,1,0,70919.54,0
1544,15950966,Costa,722,France,Male,26,2,141182.66,1,0,1,147134.91,0
1545,15628605,Lima,479,Spain,Female,58,6,0.0,1,0,0,195890.45,1
1546,15728639,Bernard,664,France,Female,55,4,0.0,2,1,1,16141.45,0
1547,15121166,Pereira,649,Spain,Male,47,3,120935.99,1,1,1,24475.04,0
1548,15317709,Bernard,559,Germany,Male,53,1,0.0,1,0,0,156104.17,1
1549,15356994,Weber,701,France,Male,50,5,86786.77,1,1,0,22625.86,0
1550,15201845,Souza,629,Germany,Male,48,2,163136.2,2,0,1,152487.46,0
1551,15309003,Ferreira,649,Spain,Female,46,4,75685.7,2,1,0,82576.24,0
1552,15942477,Bernard,732,Germany,Male,39,2,21585.42,2,1,1,107644.73,0
1553,15232867,Silva,562,Spain,Male,45,5,159572.41,2,0,0,16811.88,0
1554,15005032,Dubois,706,Spain,Male,36,2,197283.82,2,1,1,68466.49,0
1555,15599641,Thomas,736,France,Male,37,5,65887.72,1,1,1,169312.19,0
1556,15686273,Alves,732,France,Male,32,8,0.0,1,0,1,191269.58,0
1557,15371646,Gomes,658,Germany,Male,24,7,73769.38,1,0,1,115289.62,0
1558,15322267,Martin,605,France,Male,38,2,0.0,1,0,1,197111.87,0
1559,15125380,Thomas,774,Spain,Female,53,1,0.0,2,1,0,30041.23,0
1560,15827838,Gomes,716,Spain,Male,35,0,0.0,2,1,1,175448.42,0
1561,15245783,Oliveira,607,France,Female,43,6,0.0,1,1,1,153705.61,0
1562,15825391,Oliveira,665,France,Female,26,2,30769.7,2,1,0,33189.74,0
1563,15545906,Schmidt,781,Spain,Male,36,3,197116.81,2,0,1,143078.45,0
1564,15223962,Thomas,641,France,Female,26,2,0.0,2,0,0,133721.2,0
1565,15243886,Thomas,540,Spain,Male,22,6,58979.57,1,1,1,189974.41,0
1566,15071903,Thomas,681,France,Female,47,8,87149.33,1,0,1,54519.35,0
1567,15120502,Müller,598,Germany,Female,47,6,0.0,1,1,1,73659.64,0
1568,15810386,Oliveira,558,France,Male,31,6,0.0,1,1,0,47564.39,0
1569,15845220,Martin,443,Germany,Female,36,5,0.0,1,1,1,187052.09,0
1570,15585429,Ferreira,663,France,Male,51,4,61364.06,1,1,0,173625.95,1
1571,15150172,Silva,694,Germany,Female,24,6,0.0,2,0,1,63956.46,0
1572,15846653,Pereira,527,France,Female,27,0,0.0,1,1,0,173688.62,0
1573,15615687,Weber,691,Germany,Female,48,1,37019.23,1,1,0,192622.39,1
1574,15252107,Costa,767,Spain,Female,25,5,17202.76,2,1,0,35644.62,0
1575,15495147,Fischer,681,France,Male,77,3,75497.53,2,1,1,191032.03,0
1576,15653756,Meyer,656,France,Female,50,4,54259.49,2,0,1,178604.9,0
1577,15673436,Weber,692,France,Male,40,6,90558.29,2,0,0,181535.71,0
1578,15164040,Souza,527,Germany,Male,38,5,80523.72,1,0,1,22570.38,0
1579,15888499,Ferreira,776,Germany,Male,50,6,0.0,1,0,0,188509.09,0
1580,15350008,Meyer,639,Germany,Male,21,4,0.0,1,1,1,198989.98,0
1581,15091955,Weber,640,France,Female,60,3,197133.88,1,0,0,145820.15,1
1582,15222092,Ferreira,582,France,Female,50,2,44318.29,2,0,1,169267.67,0
1583,15079474,Bernard,546,Germany,Male,32,2,0.0,1,1,1,103295.7,0
1584,15918683,Ferreira,569,France,Male,46,0,152144.21,1,1,0,29871.65,0
1585,15255147,Bernard,569,Spain,Male,21,0,57035.47,2,1,0,100722.73,0
1586,15503302,Costa,715,France,Male,29,3,74218.61,2,1,0,181108.93,0
1587,15654103,Fischer,731,Germany,Female,48,3,0.0,1,1,1,95430.22,0
1588,15758350,Santos,621,France,Female,47,3,237862.54,1,1,0,75410.25,1
1589,15630300,Robert,722,France,Male,49,5,0.0,2,1,0,131167.59,0
1590,15359324,Dubois,760,Germany,Male,40,6,0.0,2,0,1,194110.22,0
1591,15537950,Silva,794,Germany,Male,50,2,0.0,2,1,1,118604.78,0
1592,15724644,Meyer,530,Spain,Male,20,6,87969.37,1,1,1,111936.97,0
1593,15490633,Alves,688,France,Female,48,2,113424.17,1,0,1,100002.98,0
1594,15147207,Weber,542,France,Female,49,9,0.0,1,0,1,89623.45,0
1595,15374280,Dubois,593,Germany,Male,47,3,0.0,1,0,0,90455.56,0
1596,15906299,Müller,602,Germany,Male,56,6,0.0,1,0,0,194470.7,1
1597,15356292,Costa,727,France,Male,51,2,9499.82,2,1,1,64349.94,0
1598,15831378,Ferreira,708,France,Female,67,8,0.0,2,1,1,101567.18,0
1599,15827454,Schmidt,798,France,Female,70,6,235858.04,2,1,0,34260.29,1
1600,15385815,Pereira,577,Spain,Male,58,3,111760.57,1,0,0,100484.67,1
1601,15461568,Souza,538,France,Female,65,4,81019.74,1,1,0,74972.48,1
1602,15822285,Bernard,587,France,Male,52,0,50559.1,1,1,1,102856.27,0
1603,15416341,Lima,497,France,Male,46,2,0.0,1,1,1,93197.81,0
1604,15926964,Bernard,762,France,Male,29,3,145547.81,2,0,0,179350.78,0
1605,15917573,Martin,592,France,Female,30,4,0.0,2,1,0,126136.75,0
1606,15319000,Thomas,496,Germany,Male,56,2,36458.3,2,0,0,88505.77,0
1607,15081633,Thomas,593,France,Female,42,4,239125.09,2,1,0,85548.81,0
1608,15482755,Robert,654,Spain,Female,57,5,239751.6,2,0,0,21619.97,1
1609,15646097,Oliveira,757,France,Female,35,3,192852.2,3,1,0,55301.96,1
1610,15850542,Martin,521,Germany,Female,40,2,113364.33,2,1,0,178886.19,0
1611,15880187,Bernard,631,Spain,Male,50,4,164266.34,2,1,0,81441.33,0
1612,15935875,Thomas,609,Germany,Female,53,0,74156.34,1,1,0,192095.66,1
1613,15541684,Costa,530,Germany,Female,25,3,0.0,1,1,1,42462.2,0
1614,15782416,Dubois,720,France,Male,58,4,73700.37,3,1,1,38624.28,1
1615,15597788,Alves,581,France,Female,53,3,0.0,1,0,1,176684.55,0
1616,15622504,Pereira,587,Germany,Male,37,3,0.0,1,1,1,109167.34,0
1617,15317672,Robert,711,Spain,Female,37,6,232590.4,1,1,1,172237.48,0
1618,15788889,Martin,718,Germany,Female,25,8,97862.39,2,0,0,69618.24,0
1619,15243973,Weber,730,Germany,Male,29,6,0.0,2,0,0,56580.23,0
1620,15404123,Weber,706,Germany,Female,49,1,0.0,1,1,1,130274.06,0
1621,15992354,Santos,688,France,Male,23,3,78263.37,1,1,0,71011.43,0
1622,15488660,Martin,569,France,Female,34,5,156385.47,2,1,0,17962.09,0
1623,15451567,Müller,454,Germany,Female,57,8,165536.58,1,0,0,181260.91,1
1624,15770498,Lima,637,Spain,Female,48,2,33023.58,1,0,1,166153.98,0
1625,15979873,Martin,664,France,Female,47,7,0.0,2,1,0,110652.25,0
1626,15439711,Bernard,412,Germany,Female,35,6,0.0,2,1,0,60069.64,0
1627,15354953,Fischer,539,France,Male,54,8,190035.72,1,1,1,73202.41,0
1628,15728987,Bernard,621,Germany,Male,56,1,157418.33,1,0,1,18072.69,1
1629,15479680,Santos,592,France,Female,49,3,654.32,1,1,0,35291.44,1
1630,15002571,Costa,659,France,Female,57,4,84423.04,2,1,1,74775.04,0
1631,15201577,Martin,725,Spain,Male,57,5,192986.64,1,1,1,167429.95,0
1632,15744985,Pereira,575,France,Male,48,5,146141.76,1,1,0,158363.03,0
1633,15709875,Thomas,682,Germany,Male,46,7,58458.96,1,0,0,89018.17,1
1634,15634740,Thomas,634,Spain,Male,21,6,192687.75,1,1,0,174618.36,0
1635,15075434,Silva,612,Spain,Female,34,1,0.0,1,1,1,117393.12,0
1636,15457857,Fischer,759,France,Female,22,4,55415.56,2,1,0,185712.43,0
1637,15976788,Souza,696,France,Male,28,4,11251.36,1,0,1,15837.04,0
1638,15108294,Costa,608,France,Male,22,9,115252.35,2,1,1,174348.46,0
1639,15260703,Robert,704,Spain,Male,58,4,0.0,2,1,1,145012.1,0
1640,15023829,Gomes,721,Spain,Female,37,5,231726.1,1,1,1,75371.97,0
1641,15859144,Weber,680,Germany,Male,75,3,214742.92,1,1,1,143116.4,1
1642,15722937,Oliveira,791,Spain,Male,42,5,65171.71,1,1,1,143839.75,0
1643,15884653,Oliveira,635,Germany,Female,35,2,242861.74,2,1,0,125150.68,0
1644,15341081,Martin,633,Germany,Male,43,5,137648.1,2,1,0,183154.74,0
1645,15315388,Fischer,475,France,Female,38,6,0.0,2,1,1,180803.69,0
1646,15526661,Weber,643,Spain,Female,68,0,0.0,1,1,1,54848.13,1
1647,15470759,Santos,539,France,Female,51,4,209351.37,1,1,1,56024.88,1
1648,15423192,Pereira,490,Spain,Female,25,8,0.0,2,1,1,98105.72,0
1649,15769006,Bernard,695,Spain,Female,61,2,23416.37,2,1,0,139316.03,1
1650,15388499,Meyer,600,Germany,Male,47,2,0.0,2,0,0,154192.2,0
1651,15494661,Bernard,581,France,Female,20,4,79481.53,1,1,1,197962.96,0
1652,15923354,Müller,489,France,Male,50,7,151087.8,3,1,0,60913.63,1
1653,15173516,Meyer,502,France,Female,49,5,0.0,1,1,0,112895.6,1
1654,15787689,Ferreira,835,France,Female,37,4,186561.26,1,1,1,50744.28,0
1655,15939315,Meyer,850,France,Male,46,1,0.0,1,1,1,172412.73,0
1656,15307485,Souza,622,Spain,Male,18,8,0.0,1,0,1,81946.26,0
1657,15708508,Lima,607,Germany,Male,43,3,63900.76,2,0,1,191793.97,0
1658,15399918,Robert,706,France,Male,30,2,0.0,1,0,0,147470.26,0
1659,15359270,Fischer,649,France,Female,70,4,69284.65,1,1,0,151772.03,1
1660,15352385,Costa,589,France,Female,48,4,208873.56,1,1,1,23974.9,0
1661,15684232,Fischer,594,Germany,Male,23,4,173687.29,1,0,0,121397.39,1
1662,15506118,Fischer,658,Germany,Male,40,5,219706.59,2,1,1,19891.76,0
1663,15789855,Souza,665,Spain,Male,22,6,0.0,2,1,0,25789.28,0
1664,15442336,Schmidt,656,France,Male,51,1,0.0,1,0,1,190512.12,0
1665,15947288,Dubois,578,Spain,Male,23,4,122491.46,1,1,1,23994.74,0
1666,15464239,Gomes,581,Spain,Female,58,4,155300.08,2,1,0,187904.55,1
1667,15244789,Pereira,517,France,Male,78,0,0.0,2,1,0,59473.33,0
1668,15949734,Dubois,850,Spain,Male,43,6,39755.77,2,0,1,15286.33,0
1669,15428405,Gomes,779,France,Male,38,1,97001.62,2,0,1,194567.83,0
1670,15451182,Müller,759,Spain,Female,37,2,90474.28,2,1,0,98943.57,0
1671,15553559,Ferreira,662,France,Female,49,0,21779.74,1,1,0,71475.73,1
1672,15327637,Meyer,589,Spain,Female,44,2,0.0,2,1,0,86907.92,0
1673,15710384,Alves,564,Spain,Female,42,2,24285.79,2,0,1,186142.92,0
1674,15688036,Souza,817,Spain,Male,44,3,200278.75,2,0,0,59153.53,0
1675,15171204,Silva,639,Spain,Female,35,5,0.0,1,1,1,186560.76,0
1676,15905170,Weber,746,France,Female,56,1,71601.62,1,0,0,26940.0,1
1677,15275278,Gomes,623,France,Female,22,6,84696.64,1,0,0,29183.06,0
1678,15770970,Fischer,667,France,Male,34,3,175997.53,2,0,1,104718.36,0
1679,15808272,Meyer,647,France,Male,56,5,233501.68,2,1,0,74668.63,0
1680,15991286,Dubois,719,Germany,Female,20,0,237427.38,1,0,0,15419.14,1
1681,15056821,Souza,511,France,Female,43,3,55183.19,2,1,1,113853.69,0
1682,15324897,Dubois,648,Spain,Female,55,0,100006.49,2,1,0,63359.46,1
1683,15920542,Müller,632,Germany,Male,46,2,0.0,1,0,1,112017.54,0
1684,15915883,Gomes,721,Spain,Female,21,4,6211.13,1,1,1,122723.27,0
1685,15166513,Fischer,705,France,Male,24,4,57223.03,2,0,1,50084.03,0
1686,15840373,Weber,706,Spain,Male,34,2,37034.65,2,1,0,165807.33,0
1687,15433363,Pereira,722,Spain,Female,32,6,180863.23,2,0,0,103583.89,0
1688,15310865,Ferreira,709,France,Male,72,2,0.0,2,1,1,148828.46,0
1689,15243679,Oliveira,600,Germany,Female,44,2,44244.57,1,1,1,123800.32,0
1690,15463184,Schmidt,775,Spain,Male,35,3,227099.69,1,1,1,116685.12,0
1691,15577060,Alves,783,France,Female,53,4,226768.49,1,1,1,163219.9,1
1692,15007406,Robert,656,Germany,Male,50,9,229271.1,1,0,0,73152.68,1
1693,15451307,Robert,635,France,Male,40,4,23323.16,2,1,0,142652.66,0
1694,15437959,Lima,725,France,Male,34,4,0.0,1,1,1,49963.53,0
1695,15575926,Pereira,545,France,Female,37,1,95103.81,1,0,1,138719.74,0
1696,15224674,Dubois,592,France,Female,65,6,0.0,1,1,0,80817.54,1
1697,15208667,Silva,577,France,Male,50,2,81568.52,2,1,1,14552.41,0
1698,15917330,Lima,542,France,Male,53,6,103397.46,2,1,1,177662.59,0
1699,15399402,Weber,691,Spain,Male,32,7,0.0,2,0,1,28852.84,0
1700,15528659,Thomas,764,Germany,Female,53,6,71044.72,1,0,0,105313.65,1
1701,15918752,Martin,564,Spain,Female,19,5,72636.6,1,1,0,152092.05,0
1702,15033072,Lima,594,France,Male,61,5,0.0,2,1,1,29129.04,0
1703,15520455,Bernard,656,France,Female,55,4,109656.56,2,0,0,99384.57,1
1704,15735997,Martin,656,Germany,Female,39,2,83555.68,1,0,1,38786.09,0
1705,15648287,Ferreira,713,France,Female,57,6,234461.91,2,1,1,183334.48,0
1706,15066594,Alves,650,France,Male,41,4,0.0,1,0,1,105679.05,0
1707,15775225,Meyer,566,Germany,Male,53,5,212779.04,1,1,1,98816.23,1
1708,15852629,Meyer,850,France,Male,35,3,0.0,2,1,0,123776.34,0
1709,15320227,Costa,609,Germany,Female,36,2,0.0,1,0,1,95650.68,0
1710,15656997,Alves,612,Germany,Male,60,6,0.0,2,1,0,192334.69,0
1711,15037758,Müller,669,France,Male,53,3,230728.1,2,1,1,147631.56,0
1712,15582902,Weber,636,France,Female,39,6,204554.23,2,1,0,171202.53,0
1713,15819965,Thomas,678,Spain,Male,52,8,219278.81,1,1,1,32864.13,0
1714,15577943,Pereira,631,France,Female,21,6,9972.17,2,1,1,177438.96,0
1715,15037729,Weber,659,France,Female,60,2,63450.71,2,1,0,104220.98,0
1716,15330849,Meyer,812,Spain,Female,31,6,23804.86,2,1,1,132939.25,0
1717,15782267,Dubois,523,France,Female,32,4,0.0,2,1,1,127606.23,0
1718,15556985,Costa,601,Germany,Male,49,2,70772.07,2,1,1,130268.7,0
1719,15276807,Souza,669,Spain,Female,40,1,96364.25,1,1,1,141703.08,0
1720,15784856,Martin,655,France,Female,46,3,94359.94,2,0,1,50535.39,0
1721,15978064,Meyer,615,France,Female,45,2,0.0,1,0,1,108587.48,0
1722,15539055,Bernard,713,France,Male,40,0,0.0,2,1,0,54958.4,0
1723,15363482,Dubois,580,France,Male,25,9,85544.13,2,1,0,31511.3,0
1724,15039479,Costa,680,France,Male,56,6,0.0,2,1,1,144889.53,0
1725,15172290,Souza,623,Germany,Male,31,6,17631.19,2,1,0,112007.97,0
1726,15994691,Alves,669,France,Female,49,2,45021.0,2,1,0,23126.24,0
1727,15053527,Schmidt,802,Germany,Female,42,0,70757.7,2,1,0,147000.55,0
1728,15934481,Dubois,649,Spain,Male,52,4,0.0,1,0,1,51587.4,0
1729,15642723,Dubois,672,Spain,Female,43,6,219119.26,1,0,1,111656.17,0
1730,15336226,Fischer,721,Germany,Female,28,8,11575.5,2,1,0,46557.69,0
1731,15227407,Thomas,594,France,Male,51,6,0.0,1,1,1,139496.34,0
1732,15003347,Thomas,814,Germany,Female,61,7,0.0,2,1,0,30121.09,1
1733,15996169,Meyer,771,Germany,Female,37,2,0.0,1,1,1,119306.29,0
1734,15802626,Pereira,587,France,Male,68,2,98080.16,2,1,0,186504.42,0
1735,15173422,Dubois,672,France,Female,49,2,103149.68,2,1,0,150702.91,0
1736,15672383,Alves,530,Spain,Male,33,2,113597.32,1,1,0,153306.65,0
1737,15578762,Fischer,818,France,Male,34,6,53176.28,1,0,0,162688.92,0
1738,15505068,Gomes,650,France,Male,43,7,7426.31,2,1,0,197285.57,0
1739,15003163,Oliveira,690,France,Male,35,3,67988.06,2,1,1,12014.39,0
1740,15379699,Schmidt,747,France,Female,21,7,131769.06,1,1,0,114577.51,1
1741,15398318,Ferreira,639,Spain,Female,21,1,247351.85,1,1,1,181532.55,0
1742,15636986,Thomas,721,Germany,Female,31,5,177943.71,2,0,1,169111.94,0
1743,15108508,Santos,612,Spain,Female,32,4,0.0,3,1,0,28724.6,1
1744,15498858,Thomas,690,France,Male,43,3,223101.91,1,0,1,68914.31,0
1745,15367370,Robert,659,France,Male,33,6,60324.73,1,1,1,41144.66,0
1746,15315856,Dubois,579,France,Female,76,2,8399.84,2,1,1,174034.06,0
1747,15370703,Alves,674,France,Female,38,4,75718.37,2,1,1,122523.38,0
1748,15976396,Robert,751,France,Female,35,5,34969.5,2,1,1,166318.71,0
1749,15982967,Thomas,681,Spain,Female,20,3,36371.37,1,1,1,137356.5,0
1750,15894474,Lima,350,France,Female,40,6,47917.39,1,1,1,100823.62,0
1751,15513636,Dubois,627,Germany,Male,24,6,240223.47,2,0,1,193672.16,0
1752,15182427,Thomas,533,France,Male,46,2,1246.91,1,0,1,168775.42,0
1753,15048460,Thomas,779,France,Male,50,4,0.0,1,1,1,171029.21,0
1754,15861451,Weber,781,France,Female,35,4,0.0,2,1,1,195309.4,0
1755,15956756,Schmidt,733,Spain,Female,37,4,0.0,1,1,1,39673.02,0
1756,15467268,Ferreira,698,Spain,Male,25,4,71236.86,2,1,1,174360.48,0
1757,15603550,Pereira,617,Spain,Male,59,1,0.0,2,1,0,150926.91,0
1758,15193075,Costa,593,France,Male,53,7,66412.09,1,0,1,20610.05,0
1759,15940877,Bernard,634,France,Male,22,3,113252.61,2,1,1,30130.04,0
1760,15052173,Gomes,652,Germany,Male,35,0,246388.67,2,1,0,189304.33,0
1761,15879181,Bernard,377,France,Male,62,5,0.0,1,1,1,70058.08,0
1762,15858150,Fischer,840,Spain,Female,35,5,0.0,2,1,1,40233.64,0
1763,15318236,Robert,655,France,Male,45,8,0.0,1,1,1,183376.92,0
1764,15686779,Oliveira,695,France,Female,31,6,0.0,1,1,0,160901.1,0
1765,15039154,Silva,662,France,Female,48,3,70369.73,1,1,1,108047.74,0
1766,15088528,Thomas,704,France,Male,66,8,56583.45,2,0,0,142656.59,0
1767,15805415,Silva,567,Germany,Female,70,3,0.0,2,1,0,199733.3,1
1768,15540857,Dubois,679,France,Female,51,6,0.0,1,0,0,55208.09,1
1769,15779073,Pereira,765,France,Female,32,3,0.0,2,0,0,64018.15,0
1770,15032385,Silva,623,France,Female,45,0,234688.16,1,1,1,48028.21,0
1771,15190405,Oliveira,677,France,Female,34,6,0.0,1,1,0,63632.89,0
1772,15570607,Robert,678,Spain,Female,71,3,76166.39,1,1,0,31878.62,1
1773,15580635,Pereira,578,Spain,Female,44,3,47409.36,1,1,0,170179.35,1
1774,15788362,Costa,850,Spain,Female,35,6,22271.74,3,1,0,42254.38,1
1775,15601049,Schmidt,554,Spain,Male,18,3,58121.84,2,1,1,83658.87,0
1776,15169794,Gomes,786,France,Female,41,2,35201.2,2,1,1,119492.03,0
1777,15748742,Bernard,752,Germany,Female,74,4,0.0,1,0,1,173158.28,1
1778,15002657,Ferreira,580,France,Male,44,6,13941.33,1,1,0,35822.06,0
1779,15321552,Oliveira,557,France,Male,36,2,154340.3,3,0,0,133382.02,1
1780,15401923,Martin,600,Spain,Male,28,4,98183.0,1,1,1,166452.05,0
1781,15232363,Schmidt,651,France,Female,40,2,126276.73,1,1,1,175952.65,0
1782,15962477,Souza,694,Spain,Male,53,0,130253.93,1,0,0,184832.26,1
1783,15348101,Meyer,608,France,Male,78,3,140303.0,1,1,1,25534.19,1
1784,15996836,Oliveira,475,Germany,Male,67,5,176374.97,2,0,0,99313.49,1
1785,15711078,Bernard,599,Germany,Male,45,3,17743.3,1,1,1,93807.98,0
1786,15271008,Ferreira,569,Spain,Male,48,4,173445.81,2,1,0,12179.34,0
1787,15900037,Meyer,516,Germany,Male,42,4,72669.97,1,1,1,148591.28,0
1788,15323596,Thomas,624,Germany,Male,42,6,0.0,1,0,0,155366.47,0
1789,15487172,Martin,570,France,Female,44,6,0.0,2,0,1,52719.23,0
1790,15541904,Dubois,692,Germany,Male,38,0,67219.08,2,1,0,173329.91,0
1791,15542541,Weber,690,France,Male,43,4,96936.78,2,1,0,71186.29,0
1792,15887510,Souza,723,Germany,Female,26,5,0.0,1,1,0,70244.99,1
1793,15165796,Dubois,779,Germany,Male,40,6,74675.61,1,1,0,116914.58,0
1794,15096928,Bernard,661,Germany,Female,53,0,0.0,2,0,1,52565.94,0
1795,15404909,Ferreira,663,France,Male,54,5,127386.54,2,0,0,153427.5,0
1796,15267272,Fischer,617,France,Male,46,6,3786.34,1,1,1,60668.93,0
1797,15790433,Schmidt,590,Germany,Female,27,3,218066.27,1,0,1,120799.97,0
1798,15094271,Meyer,563,France,Male,57,2,244574.28,1,1,1,57621.83,0
1799,15847840,Ferreira,716,France,Female,46,4,0.0,2,1,1,76289.12,0
1800,15484223,Meyer,409,France,Female,31,8,96548.67,2,0,1,187393.06,0
1801,15341702,Martin,573,Spain,Female,50,5,0.0,2,0,1,99362.33,0
1802,15345360,Bernard,719,Germany,Female,39,4,0.0,2,1,1,139618.98,0
1803,15949819,Thomas,489,France,Female,35,0,0.0,2,1,0,53026.93,0
1804,15524655,Pereira,702,France,Male,54,4,192230.97,2,1,1,143369.72,0
1805,15254698,Costa,512,France,Male,23,3,0.0,1,0,0,195809.45,0
1806,15488356,Gomes,636,Spain,Female,27,2,73368.69,1,1,1,144760.65,0
1807,15099558,Weber,596,Germany,Male,19,4,0.0,2,0,1,103713.7,0
1808,15553534,Santos,745,France,Female,39,3,61480.88,1,1,0,33968.14,1
1809,15796796,Meyer,741,France,Female,21,0,77562.75,2,1,1,112713.42,0
1810,15367916,Alves,606,France,Female,33,6,0.0,1,0,1,56969.11,0
1811,15361602,Meyer,525,Germany,Male,25,6,50853.83,1,0,1,151681.27,0
1812,15945927,Dubois,623,Spain,Male,35,5,0.0,1,1,0,73304.67,0
1813,15994304,Santos,581,France,Female,36,6,0.0,1,0,0,40742.37,0
1814,15241794,Martin,613,France,Female,21,2,215256.41,1,1,1,38236.42,0
1815,15169007,Oliveira,553,France,Female,42,3,39820.91,1,1,1,39421.15,0
1816,15325127,Dubois,703,Spain,Male,50,4,34155.31,1,1,0,142465.58,0
1817,15976387,Oliveira,599,France,Male,30,1,0.0,1,1,1,20928.23,0
1818,15440764,Gomes,643,Spain,Female,50,7,91080.31,2,1,1,193037.49,0
1819,15789747,Gomes,519,Germany,Male,65,4,63518.09,1,1,1,48837.76,1
1820,15665966,Meyer,751,France,Female,64,3,176100.22,1,0,1,73757.8,1
1821,15874992,Oliveira,706,France,Male,18,4,15537.97,2,1,1,43687.63,0
1822,15830269,Martin,560,France,Male,60,3,151720.81,2,0,1,178019.64,0
1823,15548398,Oliveira,840,Germany,Female,32,3,0.0,1,0,0,18415.33,1
1824,15816420,Oliveira,616,Spain,Male,30,4,164359.46,1,1,0,146554.79,0
1825,15429064,Thomas,527,Germany,Male,37,4,0.0,2,1,1,32772.36,0
1826,15145346,Weber,631,Germany,Female,39,4,221752.47,1,0,0,199929.08,1
1827,15136745,Santos,743,France,Female,50,4,0.0,2,1,0,84691.29,0
1828,15329138,Costa,671,Spain,Male,45,6,219957.41,1,0,1,72321.86,0
1829,15265109,Silva,607,Spain,Female,45,1,229273.21,2,1,1,85215.73,0
1830,15801991,Oliveira,783,France,Female,38,6,0.0,2,0,0,80451.12,0
1831,15271844,Lima,725,Spain,Female,34,2,201949.54,1,0,0,44491.97,1
1832,15387253,Martin,752,Germany,Male,40,2,0.0,1,0,0,175776.08,0
1833,15774989,Dubois,581,Germany,Male,37,5,79128.57,1,1,0,130837.95,0
1834,15733559,Ferreira,692,Germany,Male,62,8,56899.72,2,1,0,77194.04,1
1835,15912893,Santos,730,Spain,Male,58,0,77205.29,2,1,0,82223.7,0
1836,15462597,Thomas,483,Germany,Female,73,5,228479.41,1,1,0,25536.75,1
1837,15115283,Silva,551,France,Male,45,5,247656.3,1,0,1,84827.14,0
1838,15596244,Pereira,598,France,Male,37,5,0.0,1,0,1,156015.45,0
1839,15329681,Pereira,662,Spain,Female,36,0,0.0,1,0,0,88357.09,0
1840,15259574,Robert,687,France,Female,49,5,0.0,1,1,1,96511.02,0
1841,15679261,Robert,733,France,Female,33,2,53598.76,2,0,1,46538.28,0
1842,15130499,Schmidt,473,France,Male,60,1,28593.72,2,0,0,40486.64,0
1843,15124986,Meyer,787,France,Male,40,5,0.0,2,1,1,144575.44,0
1844,15092416,Schmidt,673,Germany,Male,35,5,12833.06,1,0,0,139872.94,0
1845,15555294,Souza,570,Spain,Male,55,7,174661.14,1,0,0,129066.72,1
1846,15850204,Thomas,718,France,Female,59,0,96613.15,2,0,1,157152.78,0
1847,15383306,Santos,425,France,Male,32,3,172200.39,1,1,0,99739.06,0
1848,15367871,Martin,638,France,Male,42,0,0.0,1,0,0,35057.93,0
1849,15375406,Silva,701,Spain,Female,29,3,236858.84,2,1,1,114463.02,0
1850,15340089,Ferreira,602,Germany,Male,47,4,88435.12,2,1,1,59360.17,0
1851,15031422,Alves,698,France,Female,28,4,82678.12,2,1,1,143739.6,0
1852,15317688,Santos,730,Spain,Male,25,3,0.0,1,1,0,135175.33,0
1853,15661751,Thomas,498,Spain,Male,44,6,47007.0,2,0,1,59111.57,0
1854,15857590,Souza,612,Spain,Male,31,4,37676.63,2,1,0,174647.56,0
1855,15326878,Robert,775,Spain,Male,49,4,0.0,1,1,0,180034.36,0
1856,15058762,Meyer,558,France,Female,57,6,0.0,1,1,1,141052.28,0
1857,15203541,Robert,552,Spain,Male,27,2,214712.99,2,1,0,90633.35,0
1858,15493248,Lima,768,France,Female,45,3,0.0,1,1,1,124300.15,0
1859,15120005,Schmidt,712,Spain,Male,49,4,92943.09,1,1,1,74333.52,0
1860,15873951,Weber,727,Germany,Male,29,6,105846.89,1,1,0,76212.96,1
1861,15818704,Ferreira,798,Spain,Male,48,4,155718.36,2,1,1,103875.9,0
1862,15853664,Silva,595,Germany,Female,48,1,56203.98,1,0,1,70405.15,0
1863,15863291,Costa,630,France,Male,49,9,0.0,1,1,0,147380.82,0
1864,15125263,Martin,570,Germany,Male,58,5,50180.27,1,0,1,38098.84,0
1865,15038455,Robert,558,Spain,Male,49,6,205443.08,2,1,1,28213.16,0
1866,15023878,Meyer,767,Spain,Female,75,4,91007.7,2,1,1,111473.85,0
1867,15445375,Müller,632,France,Female,46,4,41045.64,1,1,1,98133.13,0
1868,15672476,Fischer,713,France,Female,29,9,4793.02,2,1,1,78185.61,0
1869,15375123,Pereira,710,France,Male,40,5,140009.83,2,1,1,178936.73,0
1870,15378987,Martin,567,Germany,Male,40,2,236128.32,2,1,0,109783.92,0
1871,15612015,Lima,663,Spain,Male,49,8,0.0,1,1,1,168688.39,0
1872,15510535,Pereira,479,France,Female,43,4,0.0,1,1,1,155154.42,0
1873,15616291,Bernard,666,Germany,Female,40,0,136236.04,2,1,1,110805.38,0
1874,15421692,Lima,630,Spain,Male,19,5,56552.94,1,0,1,170292.19,0
1875,15098612,Martin,480,Germany,Male,33,1,51467.32,2,1,1,125085.79,0
1876,15824350,Souza,647,Germany,Male,28,4,131267.95,2,1,0,52234.04,0
1877,15226029,Robert,850,Germany,Male,48,6,107779.72,2,1,1,84827.51,0
1878,15341084,Costa,733,Germany,Female,53,4,119721.88,1,1,1,179997.96,1
1879,15660825,Meyer,598,France,Male,73,3,0.0,1,1,1,72257.55,0
1880,15637561,Bernard,597,Germany,Male,28,7,160592.56,1,1,1,21249.9,0
1881,15490357,Oliveira,649,Germany,Male,43,8,115340.66,2,1,1,184438.53,0
1882,15176918,Thomas,710,Spain,Female,47,3,0.0,2,1,0,109657.59,0
1883,15890856,Alves,567,Germany,Female,51,4,46966.83,1,1,1,157251.52,1
1884,15369150,Alves,603,Spain,Female,50,8,0.0,2,0,1,97972.89,0
1885,15130686,Bernard,627,France,Male,18,2,238998.23,1,1,1,130685.96,0
1886,15169682,Martin,494,France,Female,31,3,0.0,1,1,0,122105.14,1
1887,15231054,Weber,686,France,Female,43,4,62235.12,1,1,1,29868.72,0
1888,15085958,Weber,682,France,Female,42,1,84349.45,2,0,0,40597.11,0
1889,15289004,Fischer,592,Germany,Male,60,3,206457.29,2,1,0,168694.27,1
1890,15165215,Pereira,595,Spain,Female,23,4,26379.01,1,1,0,35216.12,0
1891,15938592,Oliveira,556,France,Male,74,2,0.0,1,1,1,67691.26,0
1892,15226696,Lima,677,France,Female,20,5,174709.19,1,0,0,125099.7,1
1893,15364647,Oliveira,565,Spain,Female,62,3,91862.91,2,1,0,184351.92,1
1894,15276228,Robert,700,France,Male,58,1,78660.71,1,1,0,84905.13,1
1895,15233620,Dubois,746,Germany,Female,44,6,67182.06,1,0,1,109510.04,0
1896,15419439,Dubois,681,Germany,Female,45,5,163382.34,1,0,0,193728.95,1
1897,15906472,Santos,613,Germany,Female,23,6,195543.6,2,1,0,153266.84,0
1898,15306618,Fischer,621,France,Male,26,3,0.0,1,1,0,73041.84,0
1899,15874131,Robert,572,France,Male,19,0,217913.73,2,1,1,152047.04,0
1900,15819488,Lima,675,Spain,Female,22,0,0.0,1,1,1,76355.58,0
1901,15079764,Silva,592,Germany,Female,42,6,9622.75,2,1,1,137435.08,0
1902,15801497,Thomas,785,France,Male,34,4,88990.76,2,1,1,45668.3,0
1903,15454622,Gomes,515,Spain,Male,60,8,0.0,2,1,1,29286.45,0
1904,15806104,Gomes,605,France,Female,40,6,0.0,1,0,0,85661.51,0
1905,15169927,Thomas,587,Germany,Male,42,0,0.0,1,1,1,48966.75,0
1906,15446337,Robert,671,France,Male,42,6,231183.23,1,1,0,167119.69,0
1907,15792860,Thomas,576,Spain,Male,31,2,99654.47,1,1,1,126913.03,0
1908,15518756,Bernard,712,France,Male,36,4,0.0,2,1,1,24601.64,0
1909,15411410,Schmidt,672,France,Female,37,4,186095.0,1,1,1,83597.39,0
1910,15150792,Martin,687,France,Female,54,1,49070.53,3,1,1,92749.16,1
1911,15766746,Schmidt,480,France,Male,45,2,0.0,2,1,0,167640.96,0
1912,15629859,Robert,582,Spain,Male,39,4,79627.72,2,1,1,179086.64,0
1913,15424811,Robert,731,Spain,Female,59,5,21459.27,1,1,0,89044.74,1
1914,15443764,Robert,542,France,Male,21,3,72691.68,1,1,1,162908.92,0
1915,15672926,Lima,560,France,Male,42,4,226492.5,1,1,1,155749.19,0
1916,15149955,Martin,712,Germany,Male,37,3,164594.64,2,1,1,25897.65,0
1917,15808405,Robert,540,Spain,Male,50,5,51853.17,3,1,1,34091.1,1
1918,15839148,Silva,493,Germany,Male,52,4,52789.68,1,0,1,64745.08,1
1919,15167054,Martin,580,France,Female,45,6,101581.31,2,1,0,142867.33,0
1920,15882230,Meyer,846,France,Male,32,8,0.0,1,0,1,30588.65,0
1921,15701498,Robert,522,Germany,Male,26,7,0.0,3,0,0,130205.79,1
1922,15995132,Müller,513,France,Female,59,2,73627.82,2,1,0,11632.15,0
1923,15979727,Silva,809,Germany,Female,37,4,166109.83,1,1,0,137372.63,1
1924,15983759,Oliveira,686,France,Male,29,4,16698.53,2,1,1,191826.65,0
1925,15485531,Weber,684,Spain,Female,42,6,0.0,2,1,0,176218.22,0
1926,15148496,Meyer,480,France,Male,31,3,96919.69,2,1,1,157472.96,0
1927,15695953,Lima,496,Germany,Female,27,4,97711.63,1,1,0,65164.86,1
1928,15017602,Dubois,666,France,Female,53,5,130467.83,2,1,0,21061.66,1
1929,15868453,Alves,511,Germany,Male,44,2,85946.26,1,1,1,178461.91,0
1930,15014983,Gomes,732,France,Female,35,4,46579.06,2,0,1,34728.17,0
1931,15549015,Lima,537,Germany,Male,49,2,0.0,1,0,1,19325.39,0
1932,15597889,Martin,721,Germany,Male,54,2,0.0,2,1,1,119965.42,0
1933,15182508,Schmidt,611,Germany,Female,27,2,8039.8,2,1,0,112190.44,0
1934,15706666,Silva,593,Germany,Female,44,1,245082.92,1,0,1,45581.85,1
1935,15823477,Souza,501,Germany,Female,56,1,127351.71,2,1,0,109730.31,1
1936,15706284,Meyer,850,Spain,Female,36,5,207206.63,1,1,1,59491.16,0
1937,15875922,Martin,566,France,Male,44,8,0.0,1,1,0,156168.21,0
1938,15826226,Souza,734,Spain,Female,24,5,0.0,1,1,1,169266.1,0
1939,15797595,Pereira,531,France,Female,46,3,75746.09,2,0,0,72404.77,0
1940,15378838,Oliveira,798,France,Male,58,3,65399.46,1,1,0,191314.75,1
1941,15352470,Costa,734,France,Female,29,4,52736.12,2,1,1,85439.96,0
1942,15859459,Robert,644,France,Female,52,6,10175.82,1,1,0,186795.3,1
1943,15386276,Souza,584,Spain,Female,60,2,0.0,2,1,1,119146.67,0
1944,15897123,Müller,727,Germany,Male,36,4,67433.53,2,1,0,41869.9,0
1945,15744971,Pereira,581,Spain,Male,50,4,47382.4,1,1,1,92428.8,0
1946,15998921,Oliveira,687,Germany,Male,28,8,0.0,2,1,0,75540.64,0
1947,15957049,Schmidt,690,France,Female,56,4,0.0,1,0,1,161505.91,0
1948,15008759,Schmidt,749,France,Female,42,6,0.0,2,0,0,161858.74,0
1949,15145439,Gomes,648,France,Male,43,1,0.0,1,0,0,169340.56,0
1950,15042722,Silva,507,France,Male,42,3,86051.92,1,0,0,28367.01,0
1951,15295034,Thomas,419,France,Male,41,5,130540.98,2,0,0,20891.29,0
1952,15994597,Souza,536,France,Female,55,5,196818.28,2,0,1,183484.09,0
1953,15898858,Pereira,776,Germany,Female,48,7,0.0,2,1,0,53414.49,0
1954,15958993,Dubois,731,Germany,Male,56,5,114315.61,1,0,1,82222.67,1
1955,15976573,Alves,738,Spain,Male,50,3,0.0,1,1,1,106443.52,0
1956,15524836,Pereira,525,Spain,Male,25,4,145270.18,2,0,0,190544.07,0
1957,15865837,Dubois,693,Germany,Male,58,5,0.0,2,0,0,137982.15,0
1958,15918922,Souza,550,France,Male,41,6,0.0,1,0,1,71738.05,0
1959,15709071,Costa,635,Germany,Male,44,8,94918.35,1,1,0,132749.03,1
1960,15252128,Lima,529,Spain,Male,72,2,84609.98,2,1,0,193959.43,0
1961,15308345,Robert,679,France,Male,21,5,132298.68,2,1,1,15681.44,0
1962,15903678,Müller,572,France,Male,33,2,67023.3,1,1,1,49977.06,0
1963,15683682,Oliveira,727,Spain,Female,36,3,176512.7,2,1,1,128767.67,0
1964,15145293,Dubois,704,France,Female,49,2,240082.13,1,1,0,15622.17,1
1965,15143551,Santos,621,Germany,Male,56,6,87421.1,2,1,0,174973.15,0
1966,15310803,Silva,484,Germany,Female,79,7,212369.33,1,1,1,87281.98,1
1967,15446326,Thomas,614,France,Male,37,0,102384.38,2,0,1,159327.46,0
1968,15774861,Weber,655,France,Female,54,6,0.0,2,1,1,149802.37,0
1969,15920337,Gomes,621,France,Female,56,2,0.0,1,1,0,128100.57,1
1970,15520354,Silva,663,France,Male,46,4,0.0,2,1,1,124399.66,0
1971,15849237,Bernard,707,France,Female,37,6,85460.05,1,1,0,198786.79,1
1972,15726769,Dubois,571,Spain,Female,48,4,0.0,1,1,1,22621.35,0
1973,15362158,Santos,702,France,Female,65,2,107209.33,1,1,1,90336.86,1
1974,15485346,Bernard,732,Germany,Male,79,7,224845.32,2,1,1,167927.08,0
1975,15924526,Costa,694,France,Female,47,5,149453.37,2,1,1,93455.09,0
1976,15186716,Alves,769,Spain,Male,57,8,125417.95,2,1,0,151892.42,0
1977,15496541,Weber,571,France,Female,36,6,106494.84,2,1,1,155345.85,0
1978,15647828,Fischer,497,France,Male,40,7,0.0,1,1,0,35605.18,0
1979,15216803,Lima,752,Spain,Male,72,3,0.0,1,0,0,185293.31,1
1980,15069194,Costa,655,Spain,Female,29,9,77284.77,2,1,0,103806.35,0
1981,15932669,Ferreira,651,France,Female,31,6,0.0,1,0,0,152195.3,0
1982,15256340,Bernard,791,Spain,Female,32,3,74426.75,4,1,1,190964.93,1
1983,15575271,Ferreira,521,France,Male,41,7,68993.45,2,1,0,121317.16,0
1984,15183260,Alves,558,France,Female,44,6,200025.6,2,0,0,132658.05,0
1985,15743354,Ferreira,788,France,Female,40,6,0.0,1,0,1,72801.26,0
1986,15343684,Robert,594,France,Male,58,0,183367.25,1,1,0,136040.91,1
1987,15764115,Pereira,560,Germany,Female,51,0,0.0,2,1,0,30042.6,1
1988,15929966,Alves,679,France,Female,40,5,244554.85,1,0,1,59424.72,0
1989,15214730,Santos,726,France,Male,38,3,0.0,1,1,1,166735.78,0
1990,15253333,Lima,613,Germany,Male,45,1,0.0,1,0,1,103048.25,0
1991,15882328,Silva,656,Spain,Female,45,3,56738.85,2,1,0,28673.27,0
1992,15151535,Ferreira,675,France,Female,32,6,219212.65,2,1,1,161476.87,0
1993,15493493,Schmidt,700,Germany,Male,32,4,67218.4,1,1,1,157354.61,0
1994,15814148,Martin,696,France,Female,34,5,0.0,1,1,1,35710.52,0
1995,15167070,Dubois,684,Germany,Male,38,6,114181.85,1,1,0,119169.94,1
1996,15510060,Silva,548,Germany,Female,32,3,68065.57,1,0,1,140457.81,0
1997,15193369,Fischer,631,Spain,Male,45,0,62900.4,1,1,1,58448.78,0
1998,15405887,Schmidt,540,France,Female,48,3,0.0,2,1,0,182209.41,0
1999,15362236,Bernard,749,France,Male,51,8,0.0,2,1,0,113553.98,0
2000,15098962,Bernard,608,France,Female,38,4,85595.13,2,0,0,195937.08,0
2001,15780365,Bernard,660,France,Male,52,5,48301.11,2,1,1,187009.55,0
2002,15013100,Costa,639,France,Female,20,6,0.0,2,1,0,187002.96,0
2003,15167832,Alves,596,Spain,Female,49,2,187399.75,1,0,1,47056.04,0
2004,15008451,Costa,632,France,Male,58,6,0.0,1,0,0,85364.37,1
2005,15113450,Martin,531,France,Male,49,3,0.0,1,1,0,14978.44,0
2006,15296581,Souza,594,Spain,Male,40,3,212083.8,3,1,1,167608.97,1
2007,15786429,Lima,635,France,Female,41,3,0.0,1,1,0,116784.54,1
2008,15338048,Thomas,701,Spain,Male,56,2,0.0,2,1,1,57581.83,0
2009,15986874,Bernard,561,France,Female,48,3,32024.84,2,0,1,154245.37,0
2010,15133301,Santos,801,France,Male,58,1,0.0,2,1,1,186537.92,0
2011,15561487,Weber,498,France,Male,71,6,242218.14,1,0,0,120004.76,1
2012,15758359,Müller,761,France,Female,46,3,0.0,2,1,1,115405.06,0
2013,15958055,Müller,542,Spain,Male,42,5,137376.82,1,1,1,109904.93,0
2014,15624613,Silva,510,France,Male,24,3,88337.96,1,1,1,197839.53,0
2015,15457162,Schmidt,587,Germany,Female,39,2,109268.65,1,0,0,148039.49,1
2016,15219795,Robert,711,France,Male,42,5,70889.22,2,0,0,148207.56,0
2017,15682885,Gomes,470,France,Female,58,5,198780.07,2,1,0,52232.8,1
2018,15073623,Dubois,592,Spain,Male,35,2,17387.79,2,0,1,142068.53,0
2019,15610010,Dubois,671,France,Female,79,5,35986.03,2,1,0,165361.96,1
2020,15126973,Fischer,610,Germany,Female,38,0,42277.36,2,1,0,32872.11,0
2021,15364219,Dubois,617,Spain,Female,41,2,227618.98,1,1,1,162628.29,0
2022,15743740,Costa,698,Germany,Male,36,6,7697.73,2,1,0,194931.0,0
2023,15662276,Santos,737,Spain,Male,45,4,0.0,1,0,1,126049.33,0
2024,15518063,Silva,621,France,Male,52,2,166879.72,1,0,1,169395.84,0
2025,15871797,Pereira,684,France,Female,40,4,26137.96,1,1,0,124773.02,1
2026,15640296,Müller,711,France,Female,27,4,8793.34,2,1,1,11932.64,0
2027,15734180,Müller,529,Germany,Male,48,5,0.0,2,1,0,117598.77,0
2028,15803196,Souza,639,Spain,Male,47,1,21334.97,2,0,1,189980.82,0
2029,15976319,Ferreira,481,France,Female,58,6,152382.94,1,1,1,130623.48,1
2030,15788143,Müller,790,Germany,Female,74,1,69446.57,2,1,0,129839.23,1
2031,15974036,Alves,744,France,Male,27,4,0.0,2,1,1,157659.85,0
2032,15796728,Santos,598,Germany,Female,45,5,9328.49,2,1,0,104023.82,0
2033,15594823,Schmidt,678,France,Male,45,3,217201.1,1,1,1,173822.5,0
2034,15033425,Müller,384,Spain,Male,64,7,0.0,1,1,1,78554.19,0
2035,15586968,Santos,817,Germany,Male,68,6,187994.76,1,1,0,105543.09,1
2036,15113059,Gomes,581,France,Male,41,4,76836.83,2,1,0,185765.83,0
2037,15834648,Dubois,713,France,Female,41,2,0.0,2,1,0,172919.79,0
2038,15251013,Souza,535,France,Male,22,0,238695.67,2,1,1,42145.5,0
2039,15922556,Dubois,809,France,Male,40,6,87494.99,1,1,1,129072.1,0
2040,15985595,Schmidt,660,France,Female,49,2,0.0,1,1,1,174355.95,0
2041,15649949,Oliveira,424,Spain,Male,43,3,0.0,2,1,0,198430.5,0
2042,15991309,Thomas,686,Germany,Female,45,0,165919.42,1,1,1,199445.2,1
2043,15685072,Costa,653,Germany,Male,45,0,81307.3,2,1,1,86668.37,0
2044,15310960,Schmidt,548,France,Female,40,2,0.0,2,0,1,159300.33,0
2045,15293771,Bernard,714,Spain,Male,46,7,26957.89,1,1,1,197006.09,0
2046,15601423,Souza,619,Germany,Female,26,6,1385.33,1,1,1,154847.86,0
2047,15736515,Santos,726,France,Female,28,6,200976.58,2,1,1,82509.09,0
2048,15915712,Alves,585,Germany,Male,21,6,0.0,1,1,1,121125.24,0
2049,15247659,Schmidt,619,Germany,Male,56,2,21024.94,3,1,1,169814.63,1
2050,15687912,Dubois,647,France,Female,24,8,0.0,2,0,1,170551.39,0
2051,15981608,Meyer,687,France,Female,53,2,0.0,1,0,0,140403.3,1
2052,15795279,Pereira,628,France,Female,35,2,116806.69,2,1,1,72831.58,0
2053,15816673,Santos,727,France,Male,39,3,74369.17,1,0,0,169345.65,0
2054,15390508,Robert,480,Spain,Male,55,4,19884.47,1,0,1,44965.22,0
2055,15782723,Fischer,831,Spain,Male,45,2,0.0,2,0,0,149424.54,0
2056,15279339,Santos,741,Germany,Male,37,6,163789.3,1,1,1,198886.03,0
2057,15814339,Costa,733,France,Male,31,3,14532.46,3,1,0,196419.25,1
2058,15935221,Costa,662,France,Female,55,5,70745.41,2,1,1,57336.5,0
2059,15807354,Bernard,576,Germany,Female,38,6,172886.98,2,1,1,174104.53,0
2060,15429808,Oliveira,732,Germany,Male,41,7,157578.45,1,1,1,22045.56,0
2061,15374610,Silva,707,France,Male,31,6,34262.04,2,0,1,112236.84,0
2062,15623443,Souza,606,Germany,Male,40,4,95583.26,1,1,1,34756.96,0
2063,15009641,Müller,634,Spain,Male,32,9,8159.86,2,0,0,154234.02,0
2064,15900956,Silva,631,France,Male,46,4,68995.52,2,1,0,67249.91,0
2065,15817937,Silva,559,France,Male,49,4,89091.24,1,1,0,18183.79,0
2066,15704630,Müller,707,Spain,Female,37,2,173273.71,1,1,0,101465.2,1
2067,15142032,Santos,616,France,Female,58,2,187897.03,1,0,1,119364.67,1
2068,15746650,Ferreira,689,France,Male,54,2,77867.88,2,1,0,182316.04,0
2069,15944741,Meyer,668,France,Male,60,5,0.0,2,1,0,172649.77,0
2070,15152342,Martin,474,France,Female,29,4,0.0,2,1,1,155394.09,0
2071,15071495,Souza,764,Spain,Male,31,3,0.0,2,1,0,19288.73,0
2072,15288450,Oliveira,850,Germany,Female,52,2,0.0,2,1,0,109442.06,1
2073,15759103,Schmidt,571,France,Female,38,3,104348.45,1,1,0,157410.32,1
2074,15283946,Lima,644,Spain,Male,24,3,183671.18,2,1,1,181459.74,0
2075,15308506,Meyer,797,Spain,Female,57,5,248275.04,2,1,1,124137.63,0
2076,15418068,Thomas,700,Spain,Male,32,3,0.0,1,0,1,150913.98,0
2077,15416944,Ferreira,468,France,Female,31,4,85259.91,1,1,1,76090.22,0
2078,15634585,Souza,622,France,Male,34,3,50607.62,2,0,0,74319.16,0
2079,15506484,Thomas,610,Spain,Female,56,2,92511.91,2,1,1,108404.84,0
2080,15515236,Santos,566,Spain,Male,31,3,162060.41,3,0,1,126083.24,1
2081,15327739,Fischer,629,France,Male,60,0,0.0,2,1,1,194778.93,0
2082,15215717,Robert,717,France,Male,42,2,0.0,1,1,1,29236.05,0
2083,15586795,Schmidt,559,France,Female,46,3,0.0,1,1,1,176937.69,0
2084,15773045,Schmidt,754,Spain,Female,36,2,42728.18,2,1,1,110634.11,0
2085,15656791,Pereira,753,Germany,Female,38,5,66939.65,2,0,0,13084.98,0
2086,15655090,Lima,615,France,Female,50,3,0.0,1,0,0,121712.24,1
2087,15354359,Pereira,558,France,Male,38,5,0.0,1,0,0,138458.11,0
2088,15066905,Dubois,780,Germany,Male,59,5,50227.31,1,1,0,77159.39,1
2089,15304978,Weber,452,Spain,Male,42,4,0.0,1,0,1,81844.09,0
2090,15984335,Santos,752,France,Male,48,4,48595.05,2,1,1,155408.81,0
2091,15993157,Pereira,720,Spain,Female,39,5,0.0,2,0,1,94335.91,0
2092,15520748,Gomes,763,Spain,Female,53,3,0.0,2,1,1,21646.0,0
2093,15064173,Costa,391,France,Female,36,0,0.0,1,1,0,18562.83,1
2094,15953779,Santos,657,Germany,Male,33,5,2272.08,1,1,1,22228.58,0
2095,15070689,Robert,560,France,Male,51,5,0.0,1,0,0,46712.28,1
2096,15729804,Bernard,664,Spain,Female,48,4,0.0,1,1,0,163956.58,0
2097,15633336,Silva,678,Germany,Female,46,7,0.0,1,1,0,183027.44,1
2098,15498535,Costa,840,Germany,Male,41,4,160043.98,3,1,1,73026.51,1
2099,15332331,Müller,533,Spain,Male,42,3,143422.84,2,0,1,153619.63,0
2100,15503138,Pereira,580,France,Male,31,5,108423.87,1,1,1,198462.47,0
2101,15553692,Oliveira,534,Spain,Female,19,8,25308.72,1,1,0,171131.12,0
2102,15119655,Bernard,702,Germany,Female,58,6,172610.17,1,0,0,128647.88,1
2103,15187715,Thomas,822,France,Male,18,7,205110.17,2,1,1,29396.22,0
2104,15118241,Meyer,656,Germany,Male,41,2,182581.22,2,1,1,172349.48,0
2105,15175846,Fischer,613,Spain,Female,19,2,0.0,2,0,1,30103.01,0
2106,15316212,Pereira,787,France,Male,31,2,152665.82,2,1,1,53574.73,0
2107,15969730,Bernard,723,Spain,Male,25,5,0.0,1,1,1,104288.1,0
2108,15462314,Schmidt,409,Spain,Female,50,3,38882.82,1,1,0,30744.82,1
2109,15094709,Meyer,735,France,Female,46,4,57619.36,1,1,0,93419.97,1
2110,15391515,Dubois,611,Spain,Female,28,3,107744.05,1,1,0,75748.17,1
2111,15360706,Costa,529,France,Female,35,6,172400.89,2,1,1,56667.22,0
2112,15190712,Alves,793,France,Male,58,6,234144.59,1,0,0,101282.23,1
2113,15664808,Alves,554,France,Female,40,2,180560.08,1,0,0,43349.44,1
2114,15922264,Silva,549,Spain,Male,59,2,0.0,2,1,1,25347.45,0
2115,15785402,Costa,519,Germany,Male,51,3,92392.68,2,1,1,156651.32,0
2116,15069476,Costa,539,France,Female,74,3,0.0,1,1,0,91096.93,1
2117,15300673,Oliveira,571,France,Male,51,4,182673.78,1,1,1,38047.98,0
2118,15013124,Santos,663,Germany,Male,32,6,56724.85,1,0,1,177432.82,0
2119,15327793,Robert,570,France,Male,64,6,187857.19,2,1,1,181509.85,0
2120,15162600,Oliveira,624,Spain,Male,55,2,119439.86,1,1,1,41823.35,0
2121,15364034,Gomes,596,Spain,Female,59,2,0.0,1,1,1,19398.39,0
2122,15925313,Dubois,657,Germany,Female,24,3,0.0,2,1,1,182365.86,0
2123,15092952,Fischer,736,Spain,Male,62,2,0.0,1,1,0,133266.43,1
2124,15191130,Bernard,599,France,Male,55,1,78891.4,1,1,1,179273.92,0
2125,15475384,Robert,655,Spain,Female,57,2,167121.98,1,1,0,26159.38,1
2126,15849330,Meyer,603,Germany,Male,24,3,125393.64,1,0,1,28608.29,0
2127,15407029,Weber,754,Germany,Female,35,5,134489.21,2,1,1,177073.0,0
2128,15594176,Robert,526,France,Male,66,6,215322.22,2,1,1,153639.51,0
2129,15998686,Müller,850,Spain,Male,41,2,0.0,1,1,0,97872.63,0
2130,15615269,Oliveira,537,France,Male,33,6,0.0,2,0,1,157713.08,0
2131,15896016,Weber,814,France,Male,55,0,0.0,1,1,0,135620.7,1
2132,15595911,Müller,587,France,Female,21,4,132813.98,1,1,1,154432.44,0
2133,15320173,Thomas,596,Germany,Female,40,5,222130.93,1,0,0,14148.9,1
2134,15861105,Bernard,555,Germany,Female,36,3,0.0,2,1,1,86816.33,0
2135,15254612,Gomes,573,Germany,Female,31,5,0.0,1,0,0,184587.59,1
2136,15588774,Gomes,544,Spain,Female,34,6,153328.37,2,1,0,139196.52,0
2137,15515793,Pereira,688,France,Male,40,1,81321.81,2,0,0,20121.51,0
2138,15221054,Müller,536,Germany,Male,23,4,65627.62,1,1,1,199290.53,0
2139,15012633,Alves,431,France,Female,48,0,0.0,2,1,0,198723.33,0
2140,15271245,Robert,542,Spain,Male,51,3,84022.76,2,1,1,98509.07,0
2141,15515565,Santos,678,Spain,Male,47,2,246535.49,2,0,0,179645.64,0
2142,15771177,Gomes,753,Germany,Male,35,5,114312.16,2,1,0,90260.82,0
2143,15315990,Martin,846,Germany,Male,26,2,38679.26,2,0,0,64191.03,0
2144,15272701,Müller,699,France,Female,58,3,99238.28,2,1,1,195544.98,0
2145,15346906,Santos,801,France,Male,76,2,179469.31,3,1,1,159139.11,1
2146,15494326,Pereira,772,Spain,Male,39,2,49404.57,1,1,0,104047.74,0
2147,15197462,Costa,508,France,Female,33,2,0.0,2,1,0,95076.13,0
2148,15632401,Martin,734,France,Female,43,5,0.0,1,1,0,27366.66,1
2149,15956707,Weber,659,France,Female,54,8,0.0,1,1,0,168454.81,1
2150,15309565,Martin,837,Spain,Female,34,4,110915.17,2,1,1,58356.01,0
2151,15809728,Dubois,582,France,Female,41,5,170396.03,2,1,0,32844.47,0
2152,15041329,Fischer,763,France,Male,46,6,0.0,1,1,1,145026.5,0
2153,15207935,Weber,815,Germany,Female,68,4,172444.37,1,1,1,117355.09,1
2154,15852834,Lima,667,Spain,Male,28,3,119118.55,1,0,1,139348.64,0
2155,15119930,Martin,780,France,Male,76,8,204966.43,2,1,1,37393.92,0
2156,15212580,Thomas,553,France,Female,34,7,0.0,1,1,1,34637.32,0
2157,15343046,Müller,679,France,Female,44,2,75528.2,1,1,1,42462.93,0
2158,15062123,Alves,807,France,Female,47,5,79822.25,2,1,0,117903.0,0
2159,15594610,Müller,762,France,Female,46,5,202692.84,2,0,0,60510.59,0
2160,15951836,Silva,640,Germany,Female,42,5,210551.4,2,1,0,125577.05,1
2161,15344014,Fischer,465,Germany,Female,32,6,0.0,2,1,0,106925.06,0
2162,15311155,Ferreira,492,Germany,Male,19,5,69063.4,1,1,1,86146.73,0
2163,15508674,Martin,511,France,Male,49,4,173885.1,2,1,1,16920.2,0
2164,15267356,Fischer,640,Spain,Female,46,6,73260.12,2,0,1,165316.45,0
2165,15608370,Müller,616,France,Female,36,3,89447.45,2,1,1,24129.06,0
2166,15725858,Weber,597,Spain,Male,76,5,19642.74,2,0,0,134426.97,0
2167,15074277,Martin,632,Germany,Male,33,5,0.0,1,1,0,79719.8,0
2168,15238132,Dubois,575,France,Male,37,7,180232.93,2,1,0,148727.55,0
2169,15039908,Thomas,637,Germany,Male,30,9,88932.96,1,1,1,63468.03,0
2170,15735864,Ferreira,494,France,Female,45,4,0.0,1,1,1,78443.68,0
2171,15752829,Dubois,703,Germany,Female,33,4,234540.68,1,1,0,196354.15,1
2172,15806256,Bernard,850,France,Male,41,5,186112.85,2,0,0,84719.04,0
2173,15437887,Souza,722,France,Female,37,5,43252.34,2,1,0,126953.79,0
2174,15295424,Silva,850,Spain,Male,21,5,139196.38,1,1,0,190573.22,0
2175,15499807,Costa,805,France,Male,59,3,0.0,2,1,1,145214.6,0
2176,15473564,Bernard,558,Spain,Male,50,4,133042.08,1,1,0,84067.1,0
2177,15965699,Schmidt,580,France,Female,38,3,0.0,1,0,0,84947.01,0
2178,15197741,Costa,563,Germany,Male,21,0,200224.58,2,1,0,92031.98,0
2179,15829351,Silva,850,Germany,Male,54,5,135294.73,2,1,1,90333.98,0
2180,15548279,Robert,757,Germany,Female,18,7,0.0,2,1,0,77984.79,0
2181,15414737,Meyer,664,France,Female,60,7,110820.97,2,1,0,117480.79,1
2182,15355647,Robert,603,France,Male,46,4,124787.41,1,1,0,162268.89,0
2183,15802003,Fischer,403,France,Male,36,6,145973.8,2,1,0,122289.81,0
2184,15045757,Santos,668,France,Female,50,5,78248.68,2,1,1,58557.51,0
2185,15303461,Souza,676,Germany,Female,52,2,53142.79,1,0,0,143963.56,1
2186,15480372,Oliveira,594,Spain,Male,32,1,0.0,2,1,1,108620.18,0
2187,15283459,Fischer,577,Spain,Male,34,6,30289.24,2,1,1,128331.34,0
2188,15087772,Gomes,700,Spain,Male,31,3,35578.03,2,1,0,144818.68,0
2189,15421198,Ferreira,610,Spain,Male,56,4,0.0,1,1,1,98753.09,0
2190,15284687,Ferreira,603,Germany,Female,46,4,0.0,1,0,1,86857.09,0
2191,15097364,Oliveira,655,France,Male,38,6,194467.85,2,1,0,174868.01,0
2192,15633246,Lima,700,Spain,Female,32,5,0.0,2,1,1,173828.03,0
2193,15536608,Gomes,689,Germany,Male,38,6,0.0,2,0,1,145311.64,0
2194,15050152,Thomas,650,Germany,Male,32,6,180540.55,1,1,1,74180.13,0
2195,15219187,Pereira,721,France,Female,38,9,116779.62,1,1,0,147580.11,1
2196,15410559,Santos,532,France,Female,46,6,0.0,2,0,1,93094.63,0
2197,15978667,Thomas,654,France,Male,29,2,212355.24,2,1,0,142714.52,0
2198,15495890,Pereira,824,Spain,Female,35,8,247335.31,2,1,1,51106.69,0
2199,15567569,Robert,451,Germany,Female,48,3,56395.01,2,0,1,12720.53,0
2200,15551428,Weber,670,France,Male,35,5,0.0,2,0,0,35032.38,0
2201,15577680,Silva,604,Spain,Female,25,8,247432.53,2,0,1,124787.42,0
2202,15265831,Silva,638,France,Male,21,2,0.0,1,1,1,92205.7,0
2203,15591950,Meyer,732,France,Female,26,6,90901.4,1,1,0,78049.73,0
2204,15438538,Thomas,638,France,Male,53,8,188660.33,1,1,1,178286.26,0
2205,15578548,Bernard,726,Germany,Female,50,6,165029.94,2,1,1,44323.56,0
2206,15955116,Fischer,581,Spain,Female,30,6,201437.91,1,1,0,175308.15,1
2207,15432952,Robert,609,France,Male,33,3,0.0,2,0,1,105238.97,0
2208,15321452,Fischer,632,Spain,Male,38,4,0.0,1,0,0,195362.66,0
2209,15898619,Martin,719,France,Female,46,6,36886.83,2,1,0,70233.23,0
2210,15460706,Bernard,459,Spain,Female,49,2,242724.36,1,1,1,165982.79,0
2211,15907251,Costa,629,Spain,Male,49,7,211798.61,1,1,1,108941.87,0
2212,15998266,Pereira,702,Spain,Male,37,2,225745.81,2,1,0,57027.67,0
2213,15029303,Lima,797,France,Male,24,5,0.0,1,1,0,173347.77,0
2214,15730284,Weber,554,Spain,Male,44,1,0.0,2,1,1,116623.46,0
2215,15022861,Lima,521,Germany,Male,55,2,0.0,1,1,0,162514.18,1
2216,15000329,Bernard,625,France,Female,72,5,0.0,1,1,1,129362.96,1
2217,15796224,Müller,655,Spain,Male,28,5,162107.72,1,0,0,25048.31,0
2218,15158309,Alves,653,France,Male,50,3,121220.44,2,1,1,125711.73,0
2219,15654261,Ferreira,593,Spain,Female,45,2,163082.3,1,1,0,14629.4,1
2220,15546461,Silva,492,France,Female,75,4,47537.09,2,0,0,151345.46,1
2221,15854734,Fischer,626,Germany,Female,36,6,48388.34,2,1,1,65156.17,0
2222,15678285,Gomes,723,Germany,Female,45,2,0.0,1,1,0,96520.06,1
2223,15176623,Pereira,709,France,Female,24,5,41173.27,2,0,0,36313.75,0
2224,15473519,Meyer,490,France,Male,45,3,0.0,1,1,0,35937.53,0
2225,15783869,Ferreira,505,France,Male,35,8,92574.31,2,1,0,142171.09,0
2226,15919149,Santos,636,France,Male,60,1,0.0,2,1,0,27512.33,0
2227,15796732,Weber,681,France,Female,60,0,31142.07,2,1,1,103954.49,0
2228,15071376,Thomas,736,Germany,Female,38,2,206883.68,1,1,0,130639.65,1
2229,15575307,Bernard,729,France,Male,45,6,117217.98,2,1,1,86886.22,0
2230,15943016,Meyer,512,France,Female,23,7,102105.18,2,1,0,107652.76,0
2231,15713290,Müller,808,Germany,Male,37,6,0.0,1,1,1,183499.33,0
2232,15031660,Robert,645,France,Male,32,6,0.0,1,1,0,150941.43,0
2233,15230899,Oliveira,644,Spain,Female,39,1,0.0,2,0,0,154894.97,0
2234,15818026,Souza,837,Spain,Female,60,2,33663.56,2,1,0,172446.24,0
2235,15046934,Meyer,829,Germany,Male,27,8,19897.6,1,1,1,83801.99,0
2236,15387326,Oliveira,573,Germany,Male,47,5,0.0,2,0,1,51066.59,0
2237,15559240,Ferreira,593,Spain,Male,59,4,217506.04,2,1,1,26368.43,0
2238,15900077,Thomas,850,France,Male,55,5,59363.66,1,1,1,152666.67,0
2239,15469224,Gomes,679,France,Female,54,2,18579.91,3,0,0,61376.06,1
2240,15955742,Santos,609,France,Male,29,7,110792.07,1,1,1,95544.06,0
2241,15281267,Meyer,590,Spain,Female,56,5,30129.11,1,1,1,56550.64,0
2242,15312758,Fischer,756,France,Female,33,4,137046.99,1,1,0,122733.8,1
2243,15079434,Bernard,617,Germany,Male,58,4,57249.56,1,1,0,51623.47,1
2244,15999019,Costa,456,Spain,Male,50,6,59354.58,2,1,1,132236.99,0
2245,15087736,Meyer,770,Spain,Female,57,3,0.0,1,1,0,147882.03,1
2246,15129909,Robert,584,Germany,Female,20,2,0.0,2,0,0,31163.42,0
2247,15089643,Oliveira,615,France,Female,49,2,77744.4,1,0,1,182521.57,0
2248,15908087,Dubois,551,Spain,Female,52,1,21596.01,1,1,1,174282.37,0
2249,15841001,Thomas,486,Germany,Female,60,4,0.0,3,1,0,192380.06,1
2250,15350901,Oliveira,617,France,Male,26,5,0.0,2,1,1,44889.74,0
2251,15035273,Silva,677,France,Male,69,8,67736.06,2,1,0,189151.74,0
2252,15673350,Dubois,696,Spain,Male,29,6,76148.7,2,1,0,198587.97,0
2253,15196001,Bernard,615,Germany,Male,42,5,72002.2,1,0,0,84965.38,1
2254,15140357,Souza,736,Spain,Male,50,6,63832.88,1,1,0,29594.31,0
2255,15434741,Souza,833,Spain,Male,30,7,133862.94,1,1,0,180147.97,0
2256,15892527,Martin,626,Germany,Male,28,5,235552.81,4,1,0,45239.33,1
2257,15551795,Lima,581,Germany,Female,51,1,36334.05,2,0,1,83566.95,0
2258,15132507,Bernard,717,France,Male,37,3,213000.99,1,1,1,106788.59,0
2259,15526696,Robert,559,France,Male,18,3,218446.74,1,1,0,106877.7,0
2260,15267097,Dubois,850,France,Male,45,9,0.0,2,1,0,131844.83,0
2261,15260808,Alves,769,Spain,Male,52,4,167470.74,1,1,0,54619.4,1
2262,15474913,Müller,734,Germany,Female,47,6,137911.42,1,1,1,73890.04,1
2263,15979466,Ferreira,599,Spain,Male,19,6,0.0,1,1,1,77675.55,0
2264,15483778,Gomes,645,France,Female,25,5,73994.14,2,1,0,64609.38,0
2265,15693723,Martin,588,Germany,Male,46,0,0.0,2,1,0,198751.54,0
2266,15524561,Oliveira,716,Germany,Female,43,0,214987.37,2,0,0,173530.42,1
2267,15019579,Ferreira,577,Germany,Female,45,6,0.0,1,0,1,171059.29,0
2268,15219854,Martin,818,Germany,Female,53,6,53113.96,1,1,1,83921.52,1
2269,15994763,Pereira,576,France,Male,32,4,91859.86,1,0,1,115341.11,0
2270,15872239,Oliveira,480,Germany,Female,20,2,0.0,2,1,1,23865.71,0
2271,15827917,Oliveira,771,France,Male,69,1,236165.7,2,1,0,46267.74,1
2272,15055168,Bernard,749,France,Female,42,2,0.0,1,1,0,196608.33,1
2273,15580651,Thomas,659,France,Male,42,5,52929.86,1,1,1,91390.85,0
2274,15068335,Oliveira,633,Germany,Male,66,4,0.0,2,1,0,102337.62,1
2275,15155901,Fischer,687,Spain,Female,51,8,34268.36,1,1,1,116656.97,0
2276,15595373,Pereira,723,Germany,Female,45,8,0.0,1,1,0,179255.45,1
2277,15973503,Souza,755,Germany,Male,39,5,53560.95,1,0,1,179397.87,0
2278,15027345,Robert,616,Germany,Male,72,6,96736.37,2,0,1,154446.75,0
2279,15959846,Robert,850,Germany,Male,43,6,89271.96,2,1,0,118815.47,0
2280,15572808,Meyer,589,France,Female,31,6,0.0,1,1,1,114310.61,0
2281,15290767,Souza,536,France,Male,43,4,59405.69,1,1,0,116490.99,0
2282,15340923,Pereira,697,France,Male,38,3,0.0,1,1,0,164070.72,0
2283,15982315,Dubois,561,France,Female,53,3,45295.55,1,0,1,198702.01,0
2284,15203569,Santos,739,France,Female,50,8,102531.58,2,0,0,46181.31,0
2285,15650840,Alves,799,France,Female,53,6,200645.11,1,1,0,177143.67,1
2286,15003725,Fischer,744,France,Male,56,2,0.0,1,1,1,147448.13,0
2287,15149303,Robert,702,Spain,Male,51,2,0.0,2,1,1,82930.82,0
2288,15615532,Martin,517,France,Female,41,5,63518.17,1,1,0,63148.35,1
2289,15951127,Dubois,741,France,Female,56,4,0.0,1,0,1,31126.2,0
2290,15177672,Lima,537,France,Female,39,2,3922.07,1,1,1,41493.85,0
2291,15659121,Pereira,627,Germany,Female,21,6,3898.97,2,0,0,118623.78,0
2292,15645473,Ferreira,493,France,Female,51,0,165006.62,1,0,0,32187.76,1
2293,15850292,Dubois,572,France,Male,42,3,0.0,2,0,1,138695.72,0
2294,15126821,Gomes,681,Germany,Male,20,8,228350.89,1,1,0,116035.86,1
2295,15302861,Costa,662,France,Female,18,6,108646.64,2,1,1,108682.07,0
2296,15405741,Weber,681,France,Male,22,3,98459.21,1,1,0,73466.47,0
2297,15772921,Gomes,456,France,Male,47,8,62006.86,2,1,1,128029.06,0
2298,15027474,Bernard,708,France,Male,44,7,0.0,2,0,1,30726.52,0
2299,15025402,Meyer,836,France,Female,32,0,58096.79,2,1,1,143779.13,0
2300,15717426,Martin,560,France,Female,52,2,127430.21,1,1,0,180310.4,1
2301,15420633,Souza,622,Spain,Male,35,3,74145.87,2,1,1,139726.62,0
2302,15964228,Dubois,506,Germany,Male,51,8,0.0,1,1,1,165929.29,0
2303,15918796,Fischer,695,Germany,Female,42,6,224216.29,1,1,0,50527.38,1
2304,15687695,Meyer,850,France,Male,47,0,0.0,2,1,0,80173.47,0
2305,15870773,Alves,618,Spain,Male,34,4,0.0,2,1,0,175526.45,0
2306,15938642,Dubois,707,France,Female,39,6,10780.97,1,1,0,62313.76,1
2307,15727723,Santos,674,France,Male,59,3,52569.33,1,1,0,125994.15,1
2308,15468698,Müller,703,Germany,Male,28,6,62529.52,2,0,1,121544.38,0
2309,15382448,Pereira,557,France,Female,65,3,88329.28,1,0,1,111176.31,1
2310,15588468,Santos,608,France,Male,43,3,78683.45,1,1,0,145604.55,0
2311,15641561,Martin,551,Germany,Male,38,3,50052.49,1,1,1,139717.32,0
2312,15674659,Dubois,575,Spain,Male,43,8,0.0,2,0,1,103199.61,0
2313,15140684,Martin,651,France,Female,20,7,56656.34,1,1,1,145835.17,0
2314,15270131,Dubois,738,Germany,Female,43,7,248570.82,1,0,0,121606.79,1
2315,15444526,Lima,600,Spain,Male,78,7,0.0,2,1,1,182877.81,0
2316,15654553,Weber,669,France,Female,31,2,188158.21,2,1,0,142731.95,0
2317,15801449,Thomas,715,France,Female,50,7,0.0,1,1,0,111003.8,1
2318,15234970,Fischer,650,France,Female,35,2,179913.63,1,1,0,73324.49,1
2319,15442047,Weber,764,France,Female,45,6,70348.99,1,1,0,122046.44,1
2320,15476023,Robert,658,France,Male,32,4,0.0,2,0,1,188881.84,0
2321,15456305,Martin,504,Spain,Female,31,2,34537.19,1,1,0,195886.6,0
2322,15385836,Costa,744,Germany,Male,62,3,102264.86,2,0,0,58794.95,1
2323,15772876,Silva,563,Germany,Female,37,4,233631.65,2,0,0,47488.58,0
2324,15886770,Silva,758,France,Male,42,6,36364.54,2,1,1,150909.79,0
2325,15865302,Thomas,757,Spain,Female,48,5,18709.2,1,1,1,178064.39,0
2326,15218749,Fischer,577,Spain,Male,46,6,0.0,1,0,0,183304.79,0
2327,15078648,Thomas,826,Spain,Male,42,3,220.47,1,1,1,109650.61,0
2328,15325538,Müller,831,France,Female,46,6,67137.7,2,0,0,95576.17,0
2329,15837213,Bernard,485,Germany,Male,19,6,40273.22,1,1,0,125120.19,0
2330,15810393,Pereira,602,France,Female,58,1,109973.07,2,1,0,93754.12,1
2331,15225028,Weber,635,France,Male,54,3,122803.1,3,1,1,131100.98,1
2332,15095760,Meyer,636,France,Male,28,7,0.0,2,0,1,109214.33,0
2333,15511251,Pereira,786,Germany,Male,32,5,91551.68,1,1,1,94392.94,0
2334,15224916,Dubois,523,Germany,Male,60,4,83016.63,2,0,0,37299.87,0
2335,15685882,Costa,632,France,Female,63,2,0.0,2,1,0,152431.91,1
2336,15723015,Souza,812,France,Female,67,1,0.0,2,1,1,97618.99,0
2337,15372561,Silva,636,France,Female,60,2,0.0,1,1,0,110163.54,1
2338,15239082,Oliveira,741,France,Male,27,2,177090.42,2,0,0,16488.02,0
2339,15597570,Robert,505,France,Male,58,3,53018.06,2,1,0,163793.46,0
2340,15625230,Weber,827,France,Female,58,2,246801.4,2,0,1,63719.32,0
2341,15116180,Costa,799,Germany,Male,36,2,89307.42,2,0,0,136318.6,0
2342,15041266,Bernard,652,France,Female,36,6,56959.09,1,1,0,72305.22,1
2343,15222771,Gomes,613,France,Female,36,2,39659.53,1,1,0,140281.37,1
2344,15768686,Schmidt,686,France,Male,47,5,0.0,1,1,1,195857.23,0
2345,15408307,Pereira,619,Spain,Male,40,2,209543.84,1,1,0,185728.6,0
2346,15792009,Gomes,734,Germany,Male,30,4,12216.62,1,0,1,78612.24,0
2347,15439633,Gomes,604,Germany,Female,18,3,0.0,4,0,0,15404.74,1
2348,15518341,Gomes,533,France,Male,37,1,249256.05,1,1,1,54334.46,0
2349,15925761,Gomes,726,Germany,Female,33,8,0.0,1,1,1,69297.26,0
2350,15346312,Müller,559,France,Female,60,4,0.0,1,1,1,48580.74,0
2351,15188831,Schmidt,659,Germany,Male,28,3,179995.71,1,1,0,178563.31,1
2352,15827139,Alves,794,Spain,Male,55,2,37583.12,2,0,0,69712.21,0
2353,15541465,Müller,530,Germany,Female,52,4,0.0,1,1,1,82297.1,1
2354,15545580,Weber,521,Spain,Female,58,5,74447.56,2,1,1,61091.56,0
2355,15017186,Robert,638,Germany,Male,41,3,101060.75,1,1,0,109282.04,1
2356,15288147,Fischer,650,France,Female,27,4,22466.35,2,1,1,122331.07,0
2357,15186876,Meyer,716,Spain,Male,38,2,0.0,2,1,1,178913.2,0
2358,15530504,Ferreira,827,France,Male,27,4,0.0,2,1,0,142510.88,0
2359,15565920,Weber,507,Germany,Female,78,6,141443.27,2,1,1,100911.34,1
2360,15955341,Silva,654,France,Male,34,1,31505.89,2,1,0,74671.04,0
2361,15630711,Bernard,488,France,Male,49,4,234215.59,4,1,0,11612.54,1
2362,15584610,Bernard,706,France,Female,52,3,91535.38,2,1,1,124053.51,0
2363,15601720,Meyer,590,France,Male,55,1,62136.13,2,1,0,34869.22,0
2364,15909193,Weber,693,France,Female,47,8,79199.19,1,1,1,137899.62,0
2365,15002235,Costa,699,Germany,Male,50,3,0.0,1,1,1,180006.57,0
2366,15834231,Martin,698,France,Female,35,5,0.0,1,1,1,88774.56,0
2367,15694411,Robert,641,France,Male,48,3,0.0,2,1,0,69571.76,0
2368,15763949,Schmidt,465,Germany,Female,18,3,173511.46,1,1,0,110581.81,1
2369,15589322,Martin,524,France,Female,54,4,137124.44,1,0,0,65070.09,1
2370,15140723,Thomas,697,Germany,Male,45,5,123422.92,2,1,0,32572.93,0
2371,15914160,Meyer,751,Germany,Female,22,6,125676.01,1,1,1,159469.47,0
2372,15086261,Robert,482,Spain,Female,55,5,22090.35,2,1,0,61052.27,0
2373,15380283,Costa,443,Germany,Female,46,4,179144.14,2,1,1,27882.67,0
2374,15976179,Santos,826,France,Female,59,6,83830.94,2,0,1,50809.42,0
2375,15667816,Dubois,671,Germany,Male,54,4,210257.05,1,1,0,74489.76,1
2376,15694578,Weber,495,France,Male,58,8,0.0,1,1,1,152410.79,0
2377,15607315,Gomes,527,France,Female,26,4,30209.71,1,1,0,192918.65,0
2378,15909621,Ferreira,596,Spain,Male,39,3,434.59,1,0,0,65756.83,0
2379,15353867,Santos,546,France,Male,56,4,0.0,1,0,1,157651.63,0
2380,15667427,Lima,572,Spain,Male,54,4,65973.59,2,0,1,39149.44,0
2381,15727389,Santos,689,Spain,Female,36,3,222424.97,2,0,1,195843.07,0
2382,15332882,Weber,639,Spain,Male,32,2,239964.29,2,1,1,48435.2,0
2383,15743897,Oliveira,668,Spain,Male,29,4,151291.3,2,0,1,135637.62,0
2384,15769866,Silva,700,France,Male,68,7,0.0,1,0,0,12505.38,1
2385,15418126,Ferreira,587,France,Male,33,3,33612.68,2,0,1,163626.51,0
2386,15927208,Lima,794,Germany,Female,34,3,0.0,2,1,1,152674.03,0
2387,15856350,Weber,704,France,Male,44,6,12309.69,1,1,0,65072.26,0
2388,15637389,Santos,692,Germany,Female,39,1,19872.82,1,0,1,26694.21,0
2389,15181458,Ferreira,593,Germany,Male,79,6,228965.38,1,1,1,93889.25,1
2390,15745522,Silva,705,Germany,Female,22,6,0.0,2,0,1,20359.37,0
2391,15358383,Santos,695,France,Male,24,4,189675.88,1,0,0,21005.82,0
2392,15070873,Souza,697,France,Male,45,2,96893.14,2,0,0,168372.54,0
2393,15957592,Fischer,727,France,Male,46,1,51021.06,1,0,1,113441.89,0
2394,15857768,Costa,698,France,Male,21,2,244660.65,1,1,0,29937.85,0
2395,15346715,Fischer,675,Spain,Male,43,6,119597.17,1,0,1,189693.7,0
2396,15717044,Dubois,766,France,Female,38,8,0.0,4,1,0,127469.65,1
2397,15334660,Fischer,535,France,Male,54,6,208655.4,1,0,0,166949.32,1
2398,15058455,Bernard,781,France,Female,25,4,0.0,2,0,0,134489.99,0
2399,15097084,Bernard,659,Germany,Male,69,8,0.0,2,1,1,171368.59,0
2400,15896671,Santos,549,Germany,Female,43,6,248824.92,1,0,0,61059.6,1
2401,15444648,Costa,794,France,Male,22,5,147328.87,1,1,1,69786.66,0
2402,15978969,Costa,660,France,Male,23,0,13480.38,2,1,1,94118.31,0
2403,15315603,Müller,689,France,Female,43,3,0.0,2,1,1,119762.28,0
2404,15799688,Dubois,614,France,Female,31,3,121301.8,1,1,1,42928.49,0
2405,15518662,Gomes,717,Germany,Male,34,3,194422.16,2,1,1,132876.34,0
2406,15133251,Fischer,736,Germany,Female,32,3,0.0,1,1,1,191392.61,0
2407,15928134,Meyer,594,France,Female,45,8,242152.97,1,1,1,175803.85,0
2408,15376787,Bernard,551,France,Female,49,6,222880.38,1,1,1,62757.56,0
2409,15838698,Schmidt,709,Spain,Male,24,5,31729.72,2,1,0,101811.66,0
2410,15070878,Bernard,541,France,Male,48,4,20521.94,1,1,0,115182.76,0
2411,15366145,Alves,712,Germany,Male,53,3,0.0,2,1,1,130658.85,0
2412,15381641,Oliveira,660,France,Male,21,2,127557.56,1,1,0,142143.51,0
2413,15536036,Fischer,656,France,Female,54,4,97250.93,1,1,1,152376.18,0
2414,15896706,Santos,521,France,Male,49,2,142593.08,2,1,1,165017.18,0
2415,15026531,Souza,655,Germany,Female,63,3,58067.62,2,1,1,29487.29,1
2416,15526492,Schmidt,618,Spain,Female,22,2,0.0,1,1,1,172612.33,0
2417,15772055,Dubois,456,France,Female,65,3,192393.92,2,0,1,62338.2,1
2418,15711336,Gomes,578,France,Male,48,0,41509.12,2,0,0,72957.59,0
2419,15652627,Lima,604,France,Male,48,0,146652.88,2,0,0,57664.19,0
2420,15826280,Gomes,645,France,Female,46,6,0.0,2,0,1,102146.12,0
2421,15963713,Silva,630,France,Male,30,5,0.0,2,1,1,60853.01,0
2422,15965618,Gomes,545,France,Female,73,5,48068.69,2,1,0,135329.67,1
2423,15281493,Costa,461,Spain,Female,42,4,0.0,2,0,0,76272.56,0
2424,15132586,Pereira,586,France,Male,23,6,0.0,1,1,0,144878.29,0
2425,15181862,Alves,793,France,Male,24,6,0.0,1,0,1,164356.42,0
2426,15017212,Oliveira,790,Spain,Male,30,8,0.0,1,0,0,104708.77,0
2427,15438923,Santos,716,France,Male,49,2,0.0,2,1,0,139096.05,0
2428,15227315,Gomes,617,Spain,Male,45,6,145404.14,1,0,1,184080.68,0
2429,15806656,Gomes,752,France,Female,48,9,0.0,1,0,0,175330.09,1
2430,15202254,Meyer,516,Spain,Male,34,0,0.0,2,1,0,82405.27,0
2431,15698929,Lima,687,Germany,Male,42,3,187283.81,1,1,0,163996.47,1
2432,15860849,Thomas,619,Spain,Female,45,4,0.0,1,0,0,108917.15,0
2433,15058340,Gomes,611,Spain,Male,21,6,224112.82,2,1,1,64100.1,0
2434,15177965,Dubois,669,France,Male,33,0,45692.71,1,1,0,83984.79,0
2435,15124250,Gomes,654,Spain,Female,30,5,0.0,2,0,0,120245.46,0
2436,15138784,Schmidt,518,France,Male,55,7,0.0,1,0,1,128145.18,0
2437,15494580,Oliveira,799,France,Male,50,2,124556.7,1,1,0,180022.15,0
2438,15043592,Pereira,654,France,Female,66,2,0.0,1,0,0,25153.57,1
2439,15237143,Robert,819,Germany,Female,36,9,16807.12,2,1,1,76974.77,0
2440,15858014,Weber,597,France,Female,52,6,0.0,2,0,1,55858.32,0
2441,15778709,Silva,804,Germany,Male,43,5,193366.59,1,1,1,30844.78,0
2442,15958441,Souza,674,Germany,Male,33,3,0.0,2,0,0,43358.34,0
2443,15700566,Lima,765,Spain,Male,32,6,102866.79,1,1,0,74457.32,0
2444,15473092,Silva,585,Spain,Female,47,7,0.0,2,0,1,127066.35,0
2445,15703705,Oliveira,551,France,Female,57,6,0.0,1,0,0,149494.7,1
2446,15107340,Martin,843,France,Female,40,3,22645.01,2,1,1,105197.46,0
2447,15163425,Souza,366,France,Male,18,5,0.0,2,1,0,28453.76,0
2448,15387935,Oliveira,553,France,Male,47,1,0.0,2,0,0,157111.21,0
2449,15807252,Pereira,781,France,Male,64,2,163602.11,2,1,1,108820.71,0
2450,15167154,Costa,748,France,Female,44,6,79971.96,1,0,1,157155.15,0
2451,15790632,Dubois,763,France,Male,40,0,0.0,2,1,0,59209.85,0
2452,15938894,Alves,646,Spain,Male,37,0,13332.86,2,0,1,62896.0,0
2453,15421137,Pereira,664,Germany,Female,32,4,55577.68,1,1,0,50885.28,1
2454,15941273,Müller,687,France,Male,54,2,0.0,2,1,1,49303.78,0
2455,15925285,Schmidt,601,Germany,Female,59,3,152094.09,2,1,0,103907.04,1
2456,15518707,Bernard,603,France,Female,49,3,164559.25,1,0,0,113101.59,1
2457,15174550,Souza,650,France,Female,35,4,34330.21,1,1,1,41550.07,0
2458,15077341,Dubois,651,Germany,Male,74,3,205889.15,1,1,1,199055.02,1
2459,15893055,Pereira,659,France,Female,47,4,71933.54,2,0,1,102453.32,0
2460,15239277,Alves,850,France,Female,69,3,131671.27,1,1,0,78165.53,1
2461,15550347,Weber,597,Spain,Female,48,1,55573.62,1,1,1,171733.44,0
2462,15935493,Thomas,850,Spain,Male,51,6,0.0,1,1,0,164999.58,0
2463,15357475,Dubois,611,Germany,Male,57,3,0.0,1,1,0,55648.21,1
2464,15372736,Silva,714,Germany,Male,32,5,56610.53,1,1,1,170409.56,0
2465,15435780,Souza,640,Germany,Female,76,5,163558.42,2,0,0,64978.18,1
2466,15405408,Fischer,563,France,Female,20,2,224809.96,1,1,0,24325.15,1
2467,15223222,Santos,716,France,Female,56,0,238317.56,2,1,1,17900.51,0
2468,15252323,Oliveira,634,France,Female,70,6,92327.69,2,0,1,109686.67,0
2469,15204919,Silva,618,France,Male,37,4,0.0,3,1,0,75554.26,1
2470,15555131,Oliveira,464,Germany,Male,47,4,0.0,2,1,1,155522.86,0
2471,15709993,Souza,604,France,Male,49,6,0.0,2,1,0,112532.34,0
2472,15468528,Robert,674,Spain,Male,46,0,106415.01,1,1,1,158340.4,0
2473,15681548,Souza,703,Spain,Female,51,6,0.0,2,1,0,141016.37,0
2474,15045330,Martin,543,Germany,Female,45,4,0.0,2,1,0,197296.16,0
2475,15828929,Santos,620,Germany,Male,53,4,0.0,1,0,0,102306.68,1
2476,15169964,Ferreira,594,Spain,Female,38,6,70597.94,1,0,1,75367.41,0
2477,15029355,Schmidt,509,France,Female,34,4,0.0,2,0,1,45920.17,0
2478,15193840,Martin,607,Spain,Female,38,1,68655.24,1,1,0,135519.71,0
2479,15131423,Ferreira,535,France,Female,44,6,93243.03,1,0,1,113164.65,0
2480,15278945,Costa,574,Spain,Female,37,6,172550.71,2,1,1,144914.11,0
2481,15700066,Robert,577,France,Male,45,4,228193.75,1,1,1,159049.26,0
2482,15244053,Dubois,727,Spain,Male,32,4,15771.78,1,1,1,134346.05,0
2483,15333763,Robert,581,Spain,Female,58,2,163745.36,2,0,0,165782.68,1
2484,15381579,Santos,728,France,Female,26,5,21608.26,1,1,0,51557.61,0
2485,15924488,Weber,561,France,Male,47,7,0.0,2,1,0,181296.09,0
2486,15194139,Fischer,719,Spain,Female,41,5,0.0,1,1,1,56641.23,0
2487,15471258,Alves,546,France,Female,69,6,70629.01,2,0,1,74199.35,0
2488,15885187,Bernard,574,Spain,Female,47,6,0.0,2,1,1,35238.44,0
2489,15297166,Robert,639,Germany,Female,60,2,38644.19,1,1,1,44874.28,1
2490,15565188,Dubois,689,France,Male,53,4,0.0,2,0,1,144351.27,0
2491,15743106,Martin,743,France,Male,44,4,0.0,2,1,0,39252.12,0
2492,15784271,Souza,579,France,Female,37,5,175111.32,1,1,1,197636.86,0
2493,15300880,Santos,721,Spain,Female,60,0,0.0,2,1,1,189296.18,0
2494,15995630,Alves,467,France,Female,42,5,0.0,1,0,0,24471.71,1
2495,15411731,Lima,824,Germany,Female,36,1,0.0,2,0,1,160306.36,0
2496,15446288,Schmidt,524,France,Male,50,6,0.0,1,1,0,82812.45,0
2497,15859082,Santos,626,Germany,Male,55,8,0.0,1,1,0,163664.53,1
2498,15457068,Souza,567,Spain,Male,66,3,0.0,2,1,1,24070.89,0
2499,15454673,Gomes,682,Spain,Male,68,4,135207.47,1,1,0,129209.35,1
2500,15933062,Fischer,571,France,Male,39,6,227945.85,2,1,1,146694.22,0
2501,15309630,Pereira,472,Spain,Male,34,3,75395.92,1,1,0,171109.55,0
2502,15224460,Thomas,541,Spain,Female,29,2,211781.36,1,1,0,179007.68,1
2503,15794791,Oliveira,627,Germany,Female,37,6,0.0,1,1,1,13665.67,0
2504,15324417,Robert,494,Spain,Male,60,5,92507.12,2,1,0,152361.49,0
2505,15290671,Silva,711,France,Female,31,5,221717.84,2,0,1,39174.39,0
2506,15191226,Thomas,844,France,Male,49,8,51480.5,1,0,1,112353.41,0
2507,15401473,Martin,845,Spain,Male,46,8,68093.81,1,0,0,81526.55,0
2508,15707688,Meyer,540,France,Male,56,6,0.0,2,0,1,53794.66,0
2509,15736694,Silva,456,Spain,Female,31,3,0.0,1,1,1,68686.45,0
2510,15548767,Schmidt,552,Spain,Male,34,2,0.0,2,1,1,60728.89,0
2511,15275226,Fischer,679,France,Female,40,6,0.0,1,1,0,54318.12,0
2512,15672724,Gomes,578,Spain,Male,34,5,0.0,2,1,0,134275.8,0
2513,15368165,Fischer,719,France,Female,65,3,245541.97,2,0,0,76739.16,1
2514,15894045,Pereira,537,Germany,Male,55,4,0.0,1,1,0,180026.47,1
2515,15706506,Müller,697,Germany,Male,44,6,28114.82,2,1,1,113375.0,0
2516,15120914,Bernard,603,Spain,Female,56,2,180642.92,2,1,0,109230.46,1
2517,15152073,Silva,474,France,Male,34,8,78370.16,2,0,0,185711.8,0
2518,15167115,Weber,670,France,Male,59,5,57777.79,1,1,1,176976.45,0
2519,15233091,Thomas,779,Germany,Female,39,6,229797.0,1,0,1,16960.37,1
2520,15649231,Santos,558,Germany,Male,55,3,77884.74,2,1,1,126273.71,0
2521,15585092,Martin,627,Germany,Female,32,5,198605.32,1,1,0,125962.82,1
2522,15956868,Weber,552,France,Male,21,6,0.0,2,1,0,185736.13,0
2523,15868397,Thomas,723,France,Male,36,4,219818.19,2,1,0,145984.35,0
2524,15145855,Costa,719,France,Female,33,4,43159.32,2,0,0,95899.03,0
2525,15931935,Ferreira,622,Spain,Female,44,5,0.0,2,0,0,21755.91,0
2526,15316034,Robert,599,France,Male,29,1,154506.4,1,0,1,27744.63,0
2527,15001612,Pereira,716,France,Female,43,6,171519.02,1,1,1,99403.55,0
2528,15576799,Santos,626,Spain,Female,44,6,72418.96,2,1,1,196887.66,0
2529,15189556,Lima,743,France,Male,41,3,123388.32,1,0,1,198359.5,0
2530,15254263,Martin,641,Spain,Female,45,7,0.0,1,0,0,101534.9,0
2531,15582601,Lima,719,Germany,Female,22,6,68584.48,1,1,0,178137.35,1
2532,15131149,Costa,686,Spain,Male,49,4,43800.8,1,0,0,51626.14,0
2533,15983740,Alves,623,France,Female,70,3,0.0,2,1,0,70633.11,1
2534,15257927,Schmidt,422,France,Female,47,3,93950.15,2,0,0,83533.63,0
2535,15068624,Bernard,663,Germany,Female,42,4,70869.22,1,1,1,143285.4,0
2536,15606583,Martin,491,Spain,Male,50,4,0.0,2,0,1,166888.12,0
2537,15471488,Gomes,783,Germany,Male,36,4,0.0,1,1,0,85447.33,0
2538,15017058,Müller,560,France,Male,44,2,0.0,2,1,1,99369.56,0
2539,15541184,Dubois,656,Spain,Female,56,5,0.0,2,0,1,25607.05,0
2540,15590147,Santos,489,Spain,Female,29,5,82589.48,1,0,1,64028.35,0
2541,15946811,Bernard,409,Germany,Female,54,9,57611.83,1,1,1,163217.99,1
2542,15829931,Martin,571,Spain,Female,40,2,7159.06,2,1,0,19405.35,0
2543,15645219,Fischer,734,Spain,Male,40,2,15953.85,2,0,0,153874.89,0
2544,15415207,Alves,551,Germany,Female,54,4,199312.96,1,0,0,107170.13,1
2545,15133276,Oliveira,675,France,Female,52,2,0.0,1,1,1,62569.21,0
2546,15851666,Ferreira,632,France,Female,51,5,0.0,2,1,0,99716.11,0
2547,15180270,Martin,670,France,Male,68,2,62379.18,1,0,1,96541.06,0
2548,15188170,Oliveira,654,France,Male,39,4,153839.87,1,1,0,195407.77,0
2549,15342675,Lima,591,France,Male,48,5,154388.93,2,0,1,144095.41,0
2550,15277851,Martin,701,France,Male,33,4,222303.55,1,1,0,89376.01,0
2551,15795826,Gomes,666,France,Male,40,3,179754.0,2,1,1,187590.29,0
2552,15141793,Costa,690,France,Female,32,6,0.0,2,1,1,184791.61,0
2553,15595420,Weber,605,Spain,Female,46,6,0.0,2,1,1,107924.28,0
2554,15380667,Meyer,607,Spain,Male,46,3,95355.44,1,1,0,188416.61,0
2555,15799024,Gomes,716,France,Male,58,6,0.0,2,1,0,127365.43,0
2556,15774007,Müller,789,Spain,Male,49,3,34111.97,2,0,1,148784.74,0
2557,15439947,Silva,650,Germany,Male,18,4,0.0,2,0,0,99444.79,0
2558,15471759,Bernard,538,France,Male,45,2,84626.96,1,1,1,129206.15,0
2559,15132316,Santos,620,France,Male,38,5,0.0,2,1,1,85652.93,0
2560,15344846,Lima,677,France,Male,34,1,194892.35,2,1,0,40955.08,0
2561,15723850,Pereira,697,Spain,Male,55,5,98808.01,2,1,1,78568.32,0
2562,15871050,Ferreira,536,Germany,Female,50,9,23220.53,2,1,1,85592.51,0
2563,15556781,Pereira,576,France,Male,59,6,0.0,2,1,1,157559.21,0
2564,15805142,Silva,619,France,Male,49,7,83887.42,2,1,0,87248.36,0
2565,15951390,Santos,797,France,Female,47,4,195933.71,2,1,0,100760.24,0
2566,15008738,Meyer,475,France,Male,48,2,212612.56,1,1,1,154836.66,0
2567,15227428,Pereira,722,France,Male,23,3,0.0,1,0,1,112475.38,0
2568,15523600,Silva,479,France,Female,30,0,144291.58,1,1,1,76450.15,0
2569,15294325,Martin,631,Spain,Male,22,4,0.0,2,1,1,12966.24,0
2570,15332276,Robert,729,Spain,Female,37,5,0.0,1,0,1,152218.33,0
2571,15041511,Santos,527,France,Male,32,4,31787.88,2,0,1,185180.86,0
2572,15063009,Schmidt,570,Spain,Male,61,5,21467.23,1,1,1,12605.86,0
2573,15320601,Robert,739,France,Female,47,3,95550.28,2,1,1,137236.21,0
2574,15373665,Weber,742,France,Female,41,1,62708.64,1,1,1,108234.88,0
2575,15679498,Souza,639,France,Male,38,4,0.0,1,1,0,167941.21,0
2576,15843304,Fischer,654,Germany,Female,34,4,0.0,1,1,1,43100.82,0
2577,15069977,Fischer,814,Spain,Female,36,8,178594.58,2,1,1,78076.33,0
2578,15486203,Pereira,810,Germany,Male,49,3,0.0,1,1,1,29296.59,0
2579,15835257,Robert,786,France,Female,33,5,53717.16,1,1,0,62688.19,1
2580,15987482,Souza,511,Germany,Female,44,6,188033.61,2,0,1,101983.16,0
2581,15224704,Gomes,726,France,Male,42,3,189534.23,1,1,0,184591.97,0
2582,15548833,Martin,638,Spain,Male,60,8,207526.59,2,0,0,50846.68,0
2583,15516127,Martin,704,Germany,Male,20,3,0.0,2,1,0,141593.59,0
2584,15036166,Meyer,578,France,Male,60,8,2586.74,2,1,0,144842.48,0
2585,15069888,Silva,504,Germany,Female,48,0,25674.72,2,0,1,34216.3,0
2586,15547564,Bernard,594,Germany,Female,44,5,186936.72,1,0,0,195343.81,1
2587,15067956,Robert,780,France,Female,34,6,0.0,2,1,0,43820.83,0
2588,15644874,Lima,445,Germany,Male,39,3,248501.64,2,0,1,22211.46,0
2589,15971768,Bernard,731,France,Male,31,2,223242.71,2,1,0,193884.85,0
2590,15271162,Alves,689,Germany,Male,69,0,173893.38,2,1,0,82467.03,1
2591,15410217,Silva,606,Spain,Male,41,1,91885.34,1,0,0,65722.44,0
2592,15192329,Thomas,566,Spain,Male,71,4,96309.63,3,1,1,66547.07,1
2593,15501026,Müller,656,Germany,Female,46,6,0.0,1,1,0,14319.34,1
2594,15662444,Lima,632,Germany,Female,37,1,72492.42,1,0,1,138133.08,0
2595,15690339,Ferreira,523,France,Female,45,2,0.0,1,1,0,155007.39,1
2596,15779980,Alves,690,Spain,Female,29,0,91844.87,1,0,1,95308.04,0
2597,15068294,Ferreira,525,France,Male,58,3,89403.18,2,0,0,51962.61,0
2598,15168910,Robert,786,France,Female,53,7,38962.4,1,1,1,96565.86,0
2599,15733885,Silva,736,France,Male,49,3,0.0,1,1,0,189051.22,0
2600,15342250,Fischer,570,France,Male,41,4,56256.54,1,0,1,41998.93,0
2601,15719391,Robert,657,Germany,Female,43,2,133062.81,1,1,0,24275.62,1
2602,15068671,Silva,653,France,Male,75,2,97608.93,2,1,0,78902.47,0
2603,15558731,Fischer,850,Germany,Male,39,2,51213.18,2,0,0,182341.95,0
2604,15869656,Souza,449,France,Female,60,2,30489.77,2,1,0,81423.0,0
2605,15755318,Alves,768,France,Male,42,2,71570.91,2,1,0,147871.23,0
2606,15023436,Souza,577,Germany,Female,61,6,0.0,1,0,0,18686.7,1
2607,15961538,Costa,689,France,Male,55,4,86500.81,2,0,0,75377.67,0
2608,15668936,Thomas,676,France,Male,64,4,0.0,2,1,1,121927.78,0
2609,15972653,Oliveira,642,Germany,Male,41,3,97819.12,1,1,1,109099.01,0
2610,15585500,Pereira,690,France,Male,38,2,41917.22,1,0,0,115732.09,0
2611,15739727,Souza,511,Spain,Female,42,1,0.0,1,0,1,91314.59,0
2612,15099876,Gomes,477,France,Female,43,1,0.0,1,1,0,127363.33,1
2613,15766020,Martin,597,France,Female,54,2,209552.56,1,1,1,167288.93,1
2614,15765961,Lima,727,Germany,Female,21,6,0.0,1,0,0,26845.97,1
2615,15963951,Souza,630,France,Male,44,2,0.0,1,1,0,84751.16,0
2616,15287308,Weber,502,France,Male,33,3,108897.49,1,1,1,147516.5,0
2617,15283619,Müller,587,France,Female,57,5,0.0,1,1,1,160592.98,0
2618,15079065,Thomas,597,France,Female,18,4,0.0,1,1,1,128982.88,0
2619,15302113,Santos,474,Spain,Female,46,5,35944.96,2,1,1,85613.45,0
2620,15763510,Weber,629,France,Male,33,2,108460.93,1,0,0,61394.77,0
2621,15841831,Thomas,614,Spain,Male,35,4,0.0,2,1,0,104506.14,0
2622,15701610,Robert,595,Spain,Male,78,6,131997.94,2,0,0,76507.44,1
2623,15040735,Pereira,603,France,Male,39,3,69393.85,2,1,0,138754.27,0
2624,15518323,Schmidt,679,Spain,Female,22,8,0.0,1,1,1,146111.25,0
2625,15018411,Costa,630,France,Female,21,5,215088.67,2,1,1,111455.56,0
2626,15780429,Weber,565,Spain,Female,48,5,0.0,1,1,1,163675.46,0
2627,15517081,Lima,613,France,Female,47,4,63055.41,1,0,1,34757.86,0
2628,15191961,Pereira,539,Germany,Male,40,6,87186.41,2,1,0,178556.48,0
2629,15720450,Martin,611,France,Male,44,4,69179.87,1,1,0,35408.34,0
2630,15885285,Souza,670,France,Male,22,8,0.0,1,1,1,140419.03,0
2631,15992067,Lima,688,Germany,Male,58,3,0.0,2,1,1,87093.02,0
2632,15464164,Souza,678,Germany,Female,53,6,117809.02,1,0,0,95693.24,1
2633,15435491,Dubois,562,France,Female,64,5,0.0,1,1,0,185812.22,1
2634,15886511,Dubois,744,France,Male,78,6,98468.2,3,1,1,111902.82,1
2635,15106923,Müller,681,Germany,Male,32,0,7216.8,2,0,1,41090.21,0
2636,15707598,Souza,628,Germany,Female,34,3,0.0,1,1,1,145077.09,0
2637,15404163,Meyer,654,Spain,Male,46,6,40581.65,2,0,0,177204.6,0
2638,15421459,Weber,600,Spain,Male,29,3,0.0,1,1,1,185869.15,0
2639,15124333,Ferreira,714,Spain,Female,38,5,0.0,2,1,0,87365.73,0
2640,15754092,Weber,624,Germany,Male,21,9,211193.57,1,1,1,164798.51,0
2641,15775680,Robert,607,France,Female,31,2,111022.54,2,0,0,149087.65,0
2642,15616756,Robert,543,France,Male,47,4,0.0,3,1,0,180802.83,1
2643,15108657,Souza,534,Spain,Male,31,2,0.0,3,1,0,151450.09,1
2644,15675074,Weber,502,Germany,Male,27,2,158572.13,1,1,1,171212.85,0
2645,15256839,Ferreira,669,France,Female,49,5,86966.97,2,1,1,90063.77,0
2646,15640831,Ferreira,706,France,Female,21,2,0.0,1,1,1,102926.41,0
2647,15932523,Fischer,778,Spain,Female,79,4,0.0,1,1,0,50571.61,1
2648,15345614,Silva,700,France,Female,31,8,145525.17,1,0,0,133551.21,1
2649,15571166,Schmidt,514,France,Male,41,3,69595.75,2,0,1,33385.14,0
2650,15151559,Souza,721,France,Male,34,7,210734.05,2,0,0,63876.77,0
2651,15788973,Oliveira,631,France,Female,29,3,106147.05,2,1,1,146671.78,0
2652,15904537,Thomas,679,France,Female,38,3,174695.69,2,0,0,182045.27,0
2653,15579062,Souza,593,France,Female,45,3,90865.52,1,1,0,162431.27,1
2654,15019929,Martin,732,France,Male,55,2,0.0,1,1,1,119541.23,0
2655,15662574,Silva,700,Spain,Female,47,5,0.0,2,1,1,187177.29,0
2656,15239102,Santos,495,France,Female,26,4,0.0,2,0,1,131499.05,0
2657,15280705,Robert,616,Spain,Male,31,5,0.0,1,1,1,52045.62,0
2658,15168775,Schmidt,553,Spain,Female,33,3,66612.54,2,1,1,93022.87,0
2659,15853554,Thomas,748,France,Male,23,5,22124.7,1,1,1,175007.87,0
2660,15204786,Gomes,651,Germany,Male,31,2,136344.87,2,1,1,185838.84,0
2661,15508997,Müller,602,France,Female,76,5,0.0,1,1,1,183369.84,1
2662,15598237,Oliveira,637,Spain,Male,47,1,0.0,1,0,0,19484.43,0
2663,15830200,Weber,692,France,Male,45,3,64721.1,2,1,1,132982.65,0
2664,15273389,Souza,767,Germany,Male,49,5,141976.75,1,0,1,105468.59,0
2665,15845778,Ferreira,589,Germany,Female,55,6,65900.27,2,0,1,95308.86,0
2666,15809157,Lima,676,France,Female,33,6,0.0,1,1,0,25821.57,0
2667,15074153,Martin,669,France,Male,47,4,3021.74,2,1,0,83579.24,0
2668,15416442,Ferreira,520,Germany,Male,52,7,176426.33,2,1,0,99266.73,1
2669,15681880,Oliveira,703,Germany,Female,18,4,156932.68,1,1,1,68555.16,0
2670,15307914,Pereira,599,France,Female,39,4,0.0,2,0,0,158313.44,0
2671,15374997,Costa,850,Germany,Female,64,6,0.0,1,1,0,50288.8,1
2672,15911369,Bernard,555,France,Female,60,7,86910.36,2,1,0,82078.27,0
2673,15900464,Martin,603,Germany,Male,39,5,213149.49,2,1,0,108571.19,0
2674,15135996,Müller,525,France,Female,49,8,0.0,1,1,0,112539.76,1
2675,15885745,Meyer,532,Spain,Female,40,2,68179.39,2,1,0,40279.89,0
2676,15297196,Müller,676,France,Male,49,7,63142.14,1,1,0,24515.05,0
2677,15486386,Ferreira,809,France,Female,39,2,0.0,1,1,0,176977.09,0
2678,15028845,Costa,550,France,Male,37,4,1934.78,1,1,0,34924.17,0
2679,15036089,Weber,624,France,Male,48,6,0.0,2,1,0,133203.79,0
2680,15589176,Martin,692,Germany,Female,51,6,50605.0,1,0,1,146723.96,1
2681,15138203,Oliveira,598,France,Male,52,3,0.0,1,1,0,160356.83,1
2682,15102035,Dubois,685,Spain,Male,27,9,0.0,2,0,1,29159.27,0
2683,15787058,Silva,700,France,Female,58,1,235875.59,1,0,1,67839.63,1
2684,15292283,Bernard,599,France,Female,39,0,23991.09,2,0,1,48676.65,0
2685,15354461,Thomas,663,France,Male,38,6,59080.91,2,1,0,20584.53,0
2686,15923055,Souza,761,France,Male,51,6,89507.38,2,1,0,129206.78,0
2687,15444060,Silva,609,France,Male,35,5,0.0,1,0,0,39936.47,0
2688,15403538,Silva,607,France,Female,35,6,0.0,2,0,1,47105.93,0
2689,15512536,Martin,658,France,Male,23,2,50086.85,2,1,1,92883.31,0
2690,15624368,Dubois,714,France,Female,31,1,0.0,1,0,0,33778.71,0
2691,15585336,Martin,730,Germany,Male,42,8,21267.98,1,1,1,130244.1,0
2692,15429909,Costa,480,Germany,Male,78,5,122513.24,3,0,1,158547.7,1
2693,15211410,Bernard,745,France,Male,52,7,0.0,1,0,1,125876.12,0
2694,15582276,Santos,561,France,Male,52,7,0.0,1,1,1,91225.01,0
2695,15116405,Weber,595,Spain,Male,48,5,0.0,1,1,0,168094.42,0
2696,15286072,Meyer,571,Germany,Male,59,5,226176.34,1,1,1,164634.51,1
2697,15755086,Martin,598,Germany,Female,27,3,0.0,1,0,0,182966.05,1
2698,15466399,Pereira,674,France,Male,55,2,31144.29,1,0,1,182143.7,0
2699,15969283,Schmidt,778,Spain,Male,40,5,73525.44,1,1,0,164059.56,0
2700,15624817,Alves,850,Spain,Female,60,6,75243.04,2,0,1,118064.14,0
2701,15601713,Fischer,567,Germany,Male,26,4,0.0,2,1,1,14551.51,0
2702,15622150,Müller,522,Spain,Female,48,0,73563.83,1,0,1,148334.56,0
2703,15501093,Dubois,606,France,Male,50,2,0.0,1,1,0,102534.42,0
2704,15095511,Pereira,707,France,Male,67,1,31806.93,3,0,0,27708.74,1
2705,15779357,Müller,600,Spain,Female,57,5,3953.87,2,1,0,149038.49,0
2706,15046627,Schmidt,837,Spain,Male,34,5,106762.31,3,1,0,88834.16,1
2707,15232156,Oliveira,419,France,Female,50,4,91154.17,2,0,1,79454.38,0
2708,15860820,Müller,666,France,Male,37,4,122104.14,2,1,0,163805.73,0
2709,15878788,Weber,602,France,Male,32,3,94815.25,1,1,1,66658.07,0
2710,15011638,Thomas,541,France,Female,31,6,183672.14,3,1,1,62341.77,1
2711,15304307,Lima,672,Spain,Female,34,3,79203.42,2,1,0,56223.34,0
2712,15697306,Bernard,506,Germany,Female,44,5,160445.04,2,0,1,59199.39,0
2713,15987594,Fischer,728,France,Male,52,3,60909.45,2,1,0,117689.48,0
2714,15989617,Bernard,819,France,Male,60,1,0.0,2,1,0,164543.13,0
2715,15725466,Müller,845,France,Female,29,3,0.0,2,0,0,192489.85,0
2716,15125309,Thomas,642,France,Female,21,8,102172.08,1,0,0,13163.27,1
2717,15266440,Meyer,683,Germany,Female,34,2,74502.35,1,1,0,53792.85,1
2718,15427080,Fischer,719,Spain,Male,33,1,38735.87,1,1,1,99347.59,0
2719,15561104,Bernard,705,Spain,Male,23,3,28454.9,2,0,1,197880.09,0
2720,15279512,Lima,671,France,Female,37,7,99513.83,2,0,0,174379.68,0
2721,15834956,Thomas,782,Spain,Male,45,3,99653.24,1,1,0,71301.49,0
2722,15595939,Lima,563,Spain,Female,42,4,0.0,2,1,1,75821.75,0
2723,15730514,Schmidt,656,Spain,Male,42,3,162764.43,1,1,1,16691.32,0
2724,15961528,Souza,548,France,Male,38,9,57111.91,2,1,0,148692.36,0
2725,15523743,Ferreira,822,France,Male,49,9,78149.01,1,1,1,156458.14,0
2726,15271545,Costa,605,France,Male,54,4,37635.61,2,1,0,55734.04,0
2727,15635408,Silva,540,France,Male,31,6,139288.09,1,1,1,167014.86,0
2728,15638071,Souza,589,France,Male,29,2,0.0,1,1,1,108262.32,0
2729,15977579,Alves,563,France,Male,37,3,99721.45,1,0,1,99390.82,0
2730,15232357,Meyer,613,France,Female,24,5,150575.76,2,1,0,90314.69,0
2731,15197571,Oliveira,639,Germany,Female,36,3,74936.06,1,1,1,123554.16,0
2732,15074606,Ferreira,427,France,Female,25,2,53438.05,2,0,1,116792.1,0
2733,15606101,Oliveira,658,France,Male,33,7,178466.16,2,1,1,147960.55,0
2734,15759280,Thomas,572,Spain,Female,34,2,0.0,1,1,0,101355.71,0
2735,15123072,Meyer,389,Spain,Female,46,1,0.0,2,1,0,56037.7,0
2736,15664702,Lima,676,Spain,Male,19,6,206017.46,1,1,0,38441.56,0
2737,15931947,Schmidt,712,Spain,Female,50,2,95365.57,2,1,0,48687.85,0
2738,15975620,Meyer,667,Germany,Male,22,4,229770.22,2,0,1,76493.54,0
2739,15675972,Fischer,567,Spain,Male,26,2,35486.94,1,1,1,188513.32,0
2740,15784878,Ferreira,610,France,Male,52,1,26915.49,2,0,1,142886.96,0
2741,15330351,Meyer,562,France,Male,50,4,78396.87,1,1,1,91042.4,0
2742,15680626,Santos,733,France,Male,26,3,0.0,1,1,0,41171.28,0
2743,15502972,Souza,554,France,Male,46,4,0.0,2,0,1,149775.3,0
2744,15363813,Thomas,746,France,Female,46,8,148439.05,1,1,1,91674.3,0
2745,15646785,Müller,817,Germany,Male,39,4,120648.4,1,1,1,156588.97,0
2746,15029961,Meyer,670,Spain,Female,32,5,53011.54,1,1,0,166130.2,0
2747,15746741,Weber,729,Germany,Female,58,1,0.0,2,1,0,122065.97,1
2748,15331517,Alves,628,France,Male,38,7,84521.54,1,1,0,164912.68,0
2749,15750616,Martin,688,Spain,Female,36,6,0.0,2,1,1,120739.47,0
2750,15766892,Thomas,688,Germany,Female,32,4,9065.09,2,1,1,106919.68,0
2751,15594168,Thomas,687,France,Female,57,2,57346.61,2,1,0,156089.68,0
2752,15849191,Weber,783,Germany,Female,55,4,28374.16,1,1,1,90064.75,1
2753,15307707,Ferreira,850,France,Female,53,3,27900.9,1,0,0,128547.21,1
2754,15020321,Santos,624,France,Female,56,9,3929.89,2,1,0,84022.99,0
2755,15506398,Santos,679,Spain,Male,79,4,94335.75,1,0,1,188137.27,0
2756,15310682,Martin,475,France,Male,46,4,0.0,1,0,1,144692.8,0
2757,15346798,Souza,588,France,Female,48,2,61936.08,1,1,0,175744.37,1
2758,15602940,Gomes,677,Spain,Male,71,2,60162.08,1,1,1,110833.0,0
2759,15647997,Müller,633,Germany,Female,24,5,0.0,1,0,1,178640.56,0
2760,15966241,Alves,812,France,Female,47,4,120380.16,2,1,0,115651.54,0
2761,15472877,Müller,624,France,Female,43,3,0.0,1,1,0,153800.46,1
2762,15761150,Souza,765,France,Male,53,3,0.0,2,1,0,152050.17,0
2763,15887235,Alves,558,Germany,Female,51,2,85055.53,1,1,1,28134.01,1
2764,15407924,Souza,722,France,Male,56,0,113548.15,2,1,1,80904.7,0
2765,15076882,Souza,711,France,Male,68,8,0.0,2,1,1,198069.25,0
2766,15231283,Ferreira,482,Spain,Male,50,6,90758.68,1,0,1,51921.02,0
2767,15637288,Santos,606,Germany,Male,18,8,0.0,2,1,0,79047.0,0
2768,15194194,Martin,812,France,Male,25,4,0.0,1,0,1,195801.71,0
2769,15374543,Souza,707,France,Female,42,6,133806.13,2,1,0,73967.99,0
2770,15589328,Oliveira,770,Germany,Female,38,3,174121.83,2,0,1,166914.67,0
2771,15681798,Oliveira,535,France,Male,37,4,0.0,1,1,0,93412.56,0
2772,15001493,Souza,554,France,Male,39,2,246886.27,1,1,1,187622.52,0
2773,15171975,Ferreira,582,Spain,Female,52,6,45268.55,2,1,1,124473.86,0
2774,15175106,Dubois,747,France,Female,38,4,0.0,2,0,0,194682.45,0
2775,15634737,Martin,719,Germany,Male,60,4,0.0,1,1,1,32440.9,0
2776,15810482,Lima,563,France,Female,57,6,55752.4,1,1,1,62591.13,0
2777,15680288,Robert,664,France,Female,50,6,0.0,2,1,0,124291.08,0
2778,15626805,Santos,768,France,Male,38,8,57646.68,1,0,1,32909.94,0
2779,15177392,Meyer,763,France,Male,41,4,0.0,1,1,0,151292.86,0
2780,15962151,Ferreira,663,France,Male,49,4,0.0,1,0,1,187218.26,0
2781,15120214,Lima,705,France,Male,31,5,71973.99,1,1,1,131730.91,0
2782,15513615,Pereira,710,Spain,Male,25,4,209164.47,2,1,0,143624.31,0
2783,15558873,Oliveira,535,Spain,Female,39,4,182586.01,2,0,1,41136.31,0
2784,15548961,Bernard,595,Spain,Female,27,3,0.0,2,1,1,131949.04,0
2785,15945676,Oliveira,850,Spain,Male,37,6,214125.42,2,1,1,93496.52,0
2786,15228929,Alves,829,France,Male,31,4,0.0,2,0,1,153664.82,0
2787,15397764,Fischer,640,Spain,Female,44,5,177697.45,1,1,0,69256.35,1
2788,15074669,Santos,593,France,Male,70,2,169826.69,1,1,1,136796.01,1
2789,15080924,Martin,540,Spain,Male,45,2,6997.91,1,1,0,26136.07,0
2790,15030275,Fischer,850,Spain,Female,60,3,72389.06,2,0,0,70095.08,0
2791,15754766,Ferreira,649,Germany,Female,60,4,0.0,2,1,1,124497.53,0
2792,15716897,Fischer,744,Spain,Female,43,0,134638.96,1,0,1,119200.97,0
2793,15071692,Lima,649,Germany,Male,33,7,0.0,1,1,0,121347.1,0
2794,15845967,Fischer,751,France,Male,35,7,104618.25,2,1,1,99303.24,0
2795,15036555,Thomas,532,France,Female,57,5,0.0,1,0,0,125547.48,1
2796,15794593,Silva,608,Germany,Male,52,3,6938.42,1,1,0,64430.04,1
2797,15313200,Ferreira,700,France,Male,31,3,146437.64,2,0,0,95742.11,0
2798,15938307,Oliveira,794,Germany,Male,26,6,177095.82,2,0,1,41361.38,0
2799,15880776,Robert,622,Spain,Male,60,3,95669.34,1,1,1,78383.82,0
2800,15468593,Fischer,642,France,Female,33,5,0.0,2,1,0,135802.58,0
2801,15645486,Costa,771,Spain,Male,29,7,0.0,1,1,1,118138.09,0
2802,15550703,Bernard,753,Spain,Female,51,4,79479.24,2,1,1,18351.54,0
2803,15156111,Martin,663,Spain,Male,43,5,169469.16,2,1,1,144716.92,0
2804,15254947,Souza,572,Spain,Female,46,8,1619.4,2,0,0,124001.48,0
2805,15181604,Lima,805,Germany,Male,59,3,0.0,1,1,0,85104.0,1
2806,15561025,Dubois,534,Spain,Male,50,6,0.0,2,1,0,124378.63,0
2807,15124527,Souza,780,Spain,Female,46,6,198490.84,2,0,0,22817.95,0
2808,15661536,Silva,565,France,Female,35,8,0.0,2,1,1,153437.43,0
2809,15299637,Ferreira,610,France,Male,36,6,56024.75,2,1,0,126049.5,0
2810,15047987,Dubois,587,Germany,Male,54,6,166970.79,1,0,1,57113.77,1
2811,15349442,Ferreira,756,France,Female,33,5,113314.3,1,1,0,15915.91,1
2812,15971445,Costa,704,Germany,Male,24,2,0.0,2,1,1,131679.77,0
2813,15107215,Silva,620,Germany,Female,30,5,228167.97,2,1,0,175389.87,0
2814,15748426,Bernard,803,France,Female,31,3,101563.49,1,1,1,33146.06,0
2815,15903372,Silva,580,Germany,Female,35,4,236014.07,1,1,0,180505.07,1
2816,15407355,Robert,479,Spain,Female,47,5,70698.46,2,1,0,169282.54,0
2817,15910715,Martin,550,France,Male,37,5,74970.01,1,1,1,101104.53,0
2818,15983596,Gomes,635,France,Male,28,3,239635.17,1,1,0,84439.83,0
2819,15200146,Gomes,586,France,Female,48,2,55793.42,1,1,0,55883.11,1
2820,15339665,Santos,585,France,Male,57,4,41682.44,2,1,1,23047.8,0
2821,15857069,Meyer,650,Spain,Female,25,3,70620.65,2,1,1,63273.27,0
2822,15507753,Lima,473,France,Male,43,3,92018.65,1,0,1,165974.71,0
2823,15623651,Silva,697,Germany,Female,50,3,89354.49,2,1,0,102354.12,0
2824,15943006,Ferreira,617,France,Male,44,5,89281.8,2,1,0,19870.57,0
2825,15029593,Ferreira,701,France,Male,20,4,146696.41,2,0,1,109559.37,0
2826,15000251,Bernard,572,Spain,Female,69,3,0.0,1,1,1,149564.02,1
2827,15754702,Oliveira,683,Germany,Male,46,7,127698.6,1,1,0,153618.68,1
2828,15345848,Lima,772,France,Female,55,5,0.0,1,1,0,171993.86,1
2829,15178119,Thomas,722,France,Female,36,4,78146.6,1,1,1,147253.26,0
2830,15246739,Dubois,481,France,Female,44,4,221975.23,2,1,1,13066.89,0
2831,15762860,Martin,809,France,Female,60,6,0.0,2,1,1,90201.94,0
2832,15161263,Martin,673,Germany,Female,34,2,133395.98,2,1,0,74776.82,0
2833,15529172,Dubois,590,France,Female,37,5,134611.48,1,1,0,97371.49,1
2834,15578680,Meyer,588,France,Female,46,0,223578.85,1,1,0,160940.08,1
2835,15637903,Robert,666,France,Female,26,0,90316.51,1,1,1,18786.08,0
2836,15730928,Pereira,569,Spain,Male,44,8,0.0,2,1,0,138133.14,0
2837,15622420,Pereira,646,Spain,Male,23,4,0.0,1,0,1,88132.59,0
2838,15885510,Thomas,828,France,Female,39,3,0.0,3,0,0,199703.1,1
2839,15996003,Dubois,466,Spain,Female,42,6,65611.49,1,1,1,66526.01,0
2840,15667027,Alves,694,France,Female,25,9,53534.65,1,0,1,103862.11,0
2841,15484830,Schmidt,759,France,Male,76,0,0.0,2,0,1,190052.1,0
2842,15966649,Martin,635,Spain,Male,55,0,52498.71,2,0,0,42764.74,0
2843,15864268,Meyer,671,Spain,Male,44,6,82559.43,2,1,0,120037.85,0
2844,15977013,Bernard,674,Spain,Female,54,4,102630.49,2,0,1,129199.69,0
2845,15589308,Schmidt,714,Germany,Female,52,7,0.0,2,1,1,128217.77,0
2846,15572933,Souza,680,France,Female,33,5,134839.43,2,1,0,155281.5,0
2847,15281310,Dubois,740,Spain,Male,53,4,124886.1,2,0,0,37119.48,0
2848,15143670,Robert,719,France,Male,38,2,96552.36,1,0,0,145994.35,0
2849,15641163,Gomes,732,Germany,Female,34,3,0.0,2,0,1,42099.91,0
2850,15471589,Ferreira,666,France,Male,50,6,0.0,2,0,1,93172.9,0
2851,15116523,Müller,549,Germany,Female,50,2,195423.21,2,1,1,183471.35,0
2852,15398750,Santos,503,France,Female,22,5,51898.18,2,0,0,41648.66,0
2853,15898269,Martin,697,France,Male,32,2,95016.35,2,1,1,144107.35,0
2854,15541100,Lima,619,Spain,Male,48,4,140370.72,1,1,0,132636.29,0
2855,15983538,Alves,611,France,Female,37,1,0.0,2,1,0,148676.16,0
2856,15332590,Santos,664,Germany,Female,55,4,0.0,2,1,1,182484.52,0
2857,15416612,Silva,582,France,Male,44,5,23456.93,1,1,0,163658.2,0
2858,15292016,Müller,618,France,Male,40,5,0.0,1,1,1,114126.98,0
2859,15330334,Robert,751,France,Male,21,4,135760.19,2,1,1,50490.37,0
2860,15466870,Robert,621,France,Female,49,3,0.0,2,1,1,39766.9,0
2861,15060716,Thomas,595,Spain,Female,33,3,123755.68,2,1,0,23568.93,0
2862,15768410,Fischer,640,France,Male,20,6,54378.68,1,1,1,103270.48,0
2863,15317155,Santos,768,Spain,Male,36,6,0.0,2,0,0,175283.77,0
2864,15702542,Weber,554,Germany,Female,31,4,67037.31,4,0,1,52492.41,1
2865,15249866,Schmidt,819,France,Male,19,3,130088.82,1,1,1,181742.96,0
2866,15005653,Meyer,634,Germany,Male,42,5,0.0,2,1,0,40663.68,0
2867,15279693,Souza,726,Germany,Female,46,4,23351.3,2,1,1,179178.53,0
2868,15302887,Lima,710,Spain,Female,42,5,0.0,2,0,1,142913.77,0
2869,15324881,Fischer,710,France,Male,59,3,0.0,1,1,1,61631.59,0
2870,15745095,Müller,755,France,Male,26,6,92619.26,2,1,0,196127.29,0
2871,15392157,Weber,569,Spain,Male,38,3,95952.69,1,1,0,95165.41,0
2872,15481581,Pereira,666,Spain,Male,44,4,0.0,1,0,1,45769.84,0
2873,15261218,Weber,685,Spain,Female,47,2,173478.32,1,1,1,140668.17,0
2874,15667768,Pereira,618,France,Female,49,6,66154.51,2,1,0,42552.57,0
2875,15456855,Weber,662,Spain,Male,43,5,0.0,2,1,0,179389.79,0
2876,15610989,Alves,775,France,Female,50,2,84744.45,1,1,0,185537.84,1
2877,15826204,Souza,587,France,Male,23,6,244652.05,1,0,0,24959.89,0
2878,15181628,Oliveira,737,France,Male,48,5,48200.08,1,1,0,102133.97,0
2879,15657108,Costa,643,Germany,Male,49,4,191652.16,2,1,1,23634.64,0
2880,15055533,Dubois,624,France,Female,73,9,0.0,2,1,1,81418.63,0
2881,15475166,Martin,622,France,Male,44,3,0.0,1,1,1,144964.08,0
2882,15337743,Santos,571,Spain,Male,44,1,129972.44,2,0,1,80762.05,0
2883,15741638,Alves,688,France,Male,47,6,0.0,1,1,1,187152.04,0
2884,15776963,Dubois,435,France,Male,56,6,75514.4,2,1,1,55700.12,0
2885,15604694,Oliveira,594,France,Female,61,1,0.0,2,0,0,45560.71,1
2886,15035741,Santos,651,Spain,Female,53,6,65920.52,2,0,0,134650.17,0
2887,15699740,Bernard,548,Germany,Female,47,6,0.0,1,1,0,183987.42,1
2888,15642997,Alves,661,France,Female,27,8,0.0,2,1,1,13435.07,0
2889,15200533,Bernard,679,Spain,Male,49,2,73720.16,2,1,1,164103.3,0
2890,15077348,Alves,663,Spain,Male,49,5,108893.36,4,1,0,111393.97,1
2891,15868408,Müller,649,France,Male,59,2,246898.6,1,0,0,24609.72,1
2892,15262780,Bernard,655,Germany,Male,29,3,0.0,1,1,0,136211.32,0
2893,15718755,Oliveira,698,Spain,Female,46,3,0.0,2,0,0,90723.41,0
2894,15591484,Gomes,850,Germany,Male,36,4,160627.89,2,0,1,90872.32,0
2895,15040972,Alves,639,France,Female,48,2,0.0,2,1,1,28194.67,0
2896,15254941,Dubois,518,Spain,Female,32,3,0.0,1,1,0,140253.8,0
2897,15369380,Silva,652,Germany,Male,47,1,0.0,2,0,1,32084.14,0
2898,15587522,Gomes,719,France,Male,31,4,148003.49,2,1,0,102959.04,0
2899,15180546,Fischer,685,France,Male,29,3,247039.97,1,1,1,168113.5,0
2900,15387924,Ferreira,781,France,Female,46,5,2679.9,1,1,0,151891.78,1
2901,15372256,Bernard,572,France,Male,18,4,128572.58,2,1,0,51100.94,0
2902,15977120,Oliveira,647,Spain,Female,45,2,175368.93,1,1,0,166189.79,1
2903,15287239,Costa,556,France,Female,58,1,18280.07,2,1,1,177607.02,0
2904,15873722,Robert,755,France,Male,64,6,0.0,2,0,0,150979.46,0
2905,15760269,Pereira,665,Germany,Male,32,5,146560.11,1,1,1,199060.69,0
2906,15777409,Bernard,452,France,Male,60,0,51516.82,2,1,0,26103.98,0
2907,15051391,Robert,564,Spain,Male,35,9,0.0,1,0,0,25489.49,0
2908,15695330,Alves,642,France,Male,52,5,64571.39,2,1,1,129719.59,0
2909,15259286,Martin,457,France,Male,60,2,182468.35,1,0,0,73636.67,1
2910,15393416,Robert,528,France,Male,26,6,163686.13,1,1,1,94341.44,0
2911,15776429,Meyer,492,France,Male,34,7,236763.18,2,1,1,150180.86,0
2912,15594186,Lima,655,France,Male,36,5,33724.23,2,0,0,181981.57,0
2913,15398452,Alves,684,Germany,Male,54,7,217577.37,1,1,1,56422.37,1
2914,15858310,Thomas,554,Spain,Female,34,0,0.0,2,0,0,44767.21,0
2915,15437788,Schmidt,618,France,Male,48,8,61942.66,1,0,0,153089.4,0
2916,15252814,Lima,758,Germany,Male,50,1,0.0,2,0,1,171603.94,0
2917,15631101,Schmidt,576,Germany,Female,63,5,0.0,3,1,0,157394.25,1
2918,15267702,Silva,502,Spain,Male,68,3,167607.91,1,1,0,35666.21,1
2919,15151610,Costa,569,France,Female,36,0,25776.25,1,0,0,154605.47,1
2920,15458494,Ferreira,690,France,Male,47,8,51705.34,2,1,1,94244.85,0
2921,15375267,Gomes,713,France,Male,57,2,124991.83,2,1,1,126355.92,0
2922,15712760,Thomas,764,Germany,Female,57,6,96233.1,1,1,0,87371.31,1
2923,15914842,Santos,455,Spain,Female,18,3,13409.2,1,1,0,14114.55,0
2924,15415099,Silva,716,France,Male,40,6,65344.76,2,0,0,199286.9,0
2925,15488990,Weber,543,France,Female,34,2,155422.97,2,1,1,44710.93,0
2926,15270074,Costa,750,Spain,Female,33,5,0.0,1,1,1,138434.93,0
2927,15674345,Santos,673,Spain,Female,26,6,0.0,1,1,0,53339.44,0
2928,15272095,Fischer,617,Spain,Male,42,5,190097.68,1,0,0,18568.45,0
2929,15700939,Fischer,575,Spain,Male,46,3,161748.41,1,1,1,197885.82,0
2930,15902473,Pereira,434,France,Male,45,2,51764.39,1,0,1,12795.3,0
2931,15951007,Souza,590,Germany,Female,46,2,0.0,1,1,0,127953.67,1
2932,15359962,Robert,609,Germany,Male,26,6,111328.88,1,1,1,150989.69,0
2933,15591831,Bernard,740,France,Male,55,5,62237.9,2,1,1,118160.82,0
2934,15261797,Fischer,668,Germany,Female,66,4,96298.18,1,1,1,156384.4,1
2935,15924897,Souza,632,Germany,Male,43,2,119157.99,2,0,1,43730.05,0
2936,15680174,Souza,850,France,Male,58,4,0.0,2,1,1,16066.27,0
2937,15680080,Alves,567,Spain,Male,23,5,0.0,2,1,1,112360.18,0
2938,15073303,Robert,713,Germany,Female,59,1,80056.94,2,1,0,93333.58,1
2939,15349742,Silva,850,Spain,Female,28,3,0.0,1,1,0,156062.89,0
2940,15797936,Lima,682,France,Female,39,2,217717.14,2,1,1,23041.31,0
2941,15799556,Souza,644,France,Female,39,5,113672.64,2,1,0,21677.88,0
2942,15545914,Ferreira,670,Germany,Male,44,5,0.0,3,1,0,74875.67,1
2943,15161551,Santos,666,France,Female,32,3,0.0,1,1,0,160566.38,0
2944,15973851,Alves,570,Germany,Male,48,0,0.0,1,0,0,99890.47,0
2945,15709673,Weber,799,Spain,Female,32,2,138722.26,3,1,1,159856.01,1
2946,15680463,Meyer,740,France,Female,58,2,0.0,1,1,0,132022.46,1
2947,15864860,Meyer,625,Germany,Male,42,5,0.0,2,1,1,92397.05,0
2948,15440436,Lima,622,Germany,Female,31,2,218787.14,2,1,0,168862.04,0
2949,15504886,Meyer,666,France,Male,32,4,98636.52,1,1,1,137074.58,0
2950,15747768,Müller,705,Spain,Female,57,5,0.0,1,1,1,90740.45,0
2951,15382213,Souza,745,Spain,Female,39,7,71207.59,1,0,1,32613.2,0
2952,15518378,Souza,610,Germany,Male,47,2,166367.75,1,1,1,80589.54,0
2953,15741544,Santos,550,Germany,Male,45,2,43240.25,1,1,0,22654.26,1
2954,15515153,Thomas,656,France,Female,35,2,0.0,2,0,0,102638.15,0
2955,15388562,Costa,711,Spain,Female,33,3,111158.33,2,1,0,21908.72,0
2956,15191869,Lima,696,Germany,Male,38,5,248970.08,1,1,0,156731.85,1
2957,15334370,Meyer,598,Germany,Male,36,5,0.0,1,0,1,78665.55,0
2958,15776569,Pereira,609,Spain,Male,40,2,94633.54,2,0,1,126463.56,0
2959,15173892,Fischer,597,France,Female,26,2,38005.6,1,1,1,69029.64,0
2960,15593576,Bernard,676,Spain,Male,35,4,54931.8,2,1,0,177811.15,0
2961,15379348,Souza,428,France,Female,34,2,0.0,2,1,0,104190.3,0
2962,15645584,Santos,737,France,Female,69,6,102901.38,2,1,1,152473.52,0
2963,15398090,Silva,597,France,Male,46,1,0.0,2,1,1,135984.37,0
2964,15087483,Alves,446,Spain,Female,59,6,0.0,1,0,0,143682.39,1
2965,15704358,Costa,672,Spain,Female,25,0,50067.03,1,0,1,108921.48,0
2966,15376559,Alves,637,Germany,Female,19,6,0.0,1,1,1,199731.47,0
2967,15068635,Meyer,477,Germany,Female,52,5,198036.11,1,0,0,30637.88,1
2968,15315592,Müller,608,Germany,Male,48,3,0.0,1,1,1,107310.97,0
2969,15018500,Weber,775,Spain,Male,33,4,151727.0,1,1,0,80532.71,0
2970,15928593,Alves,580,France,Female,36,5,247011.86,1,1,1,79310.28,0
2971,15088791,Lima,662,France,Male,44,2,0.0,1,1,0,153696.35,0
2972,15304909,Gomes,835,France,Male,57,7,249009.37,1,1,0,12970.71,1
2973,15506165,Martin,725,Spain,Male,19,4,0.0,2,1,1,84119.34,0
2974,15620972,Pereira,785,Germany,Female,44,6,97210.26,2,1,1,88921.79,0
2975,15773170,Meyer,693,France,Male,44,4,0.0,2,1,1,106981.18,0
2976,15908659,Dubois,551,France,Male,78,4,0.0,2,1,1,85952.03,0
2977,15226439,Lima,656,Spain,Female,60,4,0.0,2,0,0,66920.06,0
2978,15933581,Alves,686,France,Female,40,3,0.0,1,1,0,115271.31,0
2979,15516709,Silva,594,Germany,Female,47,6,112398.41,1,1,1,182604.62,1
2980,15039528,Santos,599,Spain,Male,41,6,191486.42,3,1,1,73236.42,1
2981,15709787,Bernard,708,France,Female,45,6,0.0,2,1,0,31481.12,0
2982,15529514,Weber,559,France,Male,55,2,90384.81,1,0,0,105791.06,1
2983,15790353,Thomas,610,Germany,Female,57,6,88217.07,1,0,1,170421.82,1
2984,15712120,Martin,685,Spain,Male,24,2,112849.74,1,1,0,37488.03,0
2985,15765079,Martin,502,Germany,Female,30,0,0.0,2,1,1,171510.81,0
2986,15660061,Pereira,558,Spain,Male,51,3,98345.64,2,0,0,145875.35,0
2987,15217783,Ferreira,665,France,Male,31,3,0.0,1,1,1,116899.95,0
2988,15072116,Ferreira,816,Germany,Female,18,6,105862.68,2,1,1,95893.81,0
2989,15212929,Lima,565,Germany,Male,35,6,52110.19,1,1,1,90611.19,0
2990,15986597,Lima,617,Spain,Female,60,1,51029.91,1,1,1,148332.61,0
2991,15574654,Weber,620,France,Male,21,3,191615.67,1,0,0,100971.1,0
2992,15005456,Gomes,850,Spain,Male,42,2,12590.94,1,0,1,134811.56,0
2993,15560280,Gomes,695,Germany,Female,26,5,0.0,2,1,1,18550.93,0
2994,15915917,Robert,645,France,Female,26,4,0.0,2,1,0,188758.49,0
2995,15535507,Lima,658,France,Female,35,5,171889.71,2,1,0,96671.15,0
2996,15380559,Schmidt,597,Spain,Male,20,7,222566.23,2,0,0,183782.2,0
2997,15863407,Oliveira,602,France,Male,57,4,48333.99,2,0,1,130336.14,0
2998,15868946,Thomas,702,France,Male,51,5,0.0,1,1,0,136132.99,1
2999,15008780,Schmidt,784,France,Female,42,7,0.0,1,0,1,48537.22,0
3000,15528711,Oliveira,656,Spain,Female,35,4,48822.97,1,0,1,24954.43,0
3001,15473933,Costa,850,Germany,Male,49,3,63855.62,1,1,0,52498.83,1
3002,15491978,Schmidt,635,Spain,Female,32,4,64831.83,1,1,1,112391.51,0
3003,15703646,Weber,650,France,Male,37,6,0.0,2,1,0,18305.96,0
3004,15429375,Gomes,625,Germany,Female,42,6,70501.16,1,1,0,177006.99,1
3005,15922817,Ferreira,564,Germany,Female,46,6,78238.18,1,1,0,91440.96,1
3006,15253999,Robert,644,Spain,Male,21,6,0.0,1,0,1,102887.29,0
3007,15743057,Santos,725,Spain,Male,33,7,22511.79,1,1,1,38674.18,0
3008,15681984,Robert,559,France,Male,55,6,128420.42,1,1,1,173401.65,0
3009,15981212,Silva,806,Germany,Female,35,6,108559.08,1,0,0,135876.2,1
3010,15951489,Santos,769,France,Female,79,5,128740.35,2,1,1,28291.29,0
3011,15133157,Meyer,764,Germany,Male,65,5,176591.48,1,1,0,46506.36,1
3012,15901698,Lima,726,France,Male,47,8,0.0,1,1,1,20949.15,0
3013,15535535,Santos,605,France,Male,35,7,192381.42,2,1,1,127472.21,0
3014,15157465,Santos,655,France,Female,57,6,51199.42,1,0,0,34915.55,1
3015,15595080,Müller,776,Germany,Male,25,5,244737.51,1,0,1,102882.53,0
3016,15736000,Santos,661,France,Male,31,3,0.0,1,1,0,144907.56,0
3017,15242973,Oliveira,534,Germany,Male,58,4,0.0,2,1,1,110823.52,0
3018,15994023,Dubois,675,France,Male,38,1,3023.24,2,0,1,100137.3,0
3019,15208731,Silva,648,France,Female,33,4,0.0,1,0,1,29932.48,0
3020,15909424,Robert,504,Spain,Male,44,2,36196.13,2,1,0,108740.78,0
3021,15521227,Bernard,707,France,Male,44,6,181988.34,2,0,0,25129.73,0
3022,15781692,Silva,659,France,Male,29,7,229372.45,2,1,0,14195.94,0
3023,15050748,Dubois,629,Germany,Male,39,2,0.0,2,1,1,171722.93,0
3024,15627560,Meyer,488,France,Male,39,2,0.0,2,0,0,186770.97,0
3025,15156132,Martin,766,France,Male,34,6,163322.81,2,1,1,12002.97,0
3026,15722270,Silva,562,France,Female,50,5,0.0,1,0,1,132819.57,0
3027,15856608,Silva,850,Spain,Female,50,5,17852.95,1,1,1,55251.65,0
3028,15952942,Dubois,736,Germany,Female,48,5,136740.75,1,1,0,99069.89,1
3029,15194064,Lima,785,Germany,Female,18,2,67015.43,1,0,1,107675.9,0
3030,15554798,Meyer,663,Germany,Female,20,2,121386.83,3,0,0,106468.24,1
3031,15719791,Müller,683,France,Female,34,8,202516.59,2,0,1,132294.14,0
3032,15768925,Fischer,619,France,Female,38,6,201832.48,1,1,0,49941.68,1
3033,15150917,Pereira,675,Germany,Female,30,1,63972.67,1,1,1,153121.34,0
3034,15999473,Thomas,556,France,Female,39,2,58035.05,2,1,1,53344.97,0
3035,15197420,Santos,405,France,Female,29,5,214072.15,1,1,1,180155.07,0
3036,15714579,Pereira,640,France,Male,45,3,0.0,2,1,1,25850.61,0
3037,15156759,Fischer,480,France,Male,51,2,26332.14,1,1,1,25591.83,0
3038,15726707,Müller,670,Spain,Female,42,2,71684.82,2,0,1,28160.67,0
3039,15402503,Costa,605,France,Male,23,2,0.0,2,0,1,136961.51,0
3040,15981246,Ferreira,640,Germany,Male,55,5,64839.03,1,1,1,31329.91,0
3041,15609167,Santos,603,France,Female,68,7,0.0,1,0,1,47533.66,1
3042,15341167,Müller,754,Spain,Male,38,3,20494.35,1,1,0,73119.01,0
3043,15081590,Meyer,566,France,Male,50,2,0.0,2,0,0,136077.09,0
3044,15943510,Pereira,775,France,Male,59,2,170251.1,1,0,0,128615.08,1
3045,15291142,Martin,668,Germany,Female,49,8,0.0,2,0,1,177207.29,0
3046,15792662,Costa,525,Germany,Male,37,4,239798.59,1,1,1,38291.2,0
3047,15633180,Dubois,594,France,Female,41,4,238078.69,2,1,1,42869.53,0
3048,15574364,Lima,498,France,Male,45,7,0.0,1,1,1,55952.63,0
3049,15146763,Weber,511,France,Male,34,4,86991.2,3,1,0,68826.54,1
3050,15611388,Costa,595,France,Male,52,4,10116.55,1,1,0,145413.21,1
3051,15201075,Martin,695,France,Male,41,7,199594.9,2,0,1,109046.03,0
3052,15702164,Ferreira,834,France,Female,40,4,73067.27,2,1,0,112379.4,0
3053,15954424,Martin,681,France,Male,47,3,65112.49,1,1,1,65983.35,0
3054,15575074,Gomes,629,France,Male,48,5,186405.07,2,1,1,151273.71,0
3055,15430974,Schmidt,581,Germany,Female,30,8,1344.83,2,1,0,98730.16,0
3056,15023943,Thomas,396,Spain,Male,36,8,46509.64,1,1,1,99961.73,0
3057,15269345,Müller,574,Germany,Female,54,6,0.0,2,1,1,56779.86,0
3058,15278758,Silva,643,France,Female,49,4,0.0,2,0,0,66026.4,0
3059,15563932,Silva,713,France,Male,32,7,25009.34,1,0,0,111970.04,0
3060,15049819,Bernard,728,Spain,Female,23,4,94688.77,2,0,0,23163.44,0
3061,15882360,Martin,588,France,Male,45,5,0.0,1,0,1,188686.9,0
3062,15028465,Souza,728,France,Female,45,2,0.0,1,0,1,114067.04,0
3063,15151254,Thomas,850,Germany,Female,37,5,216996.85,2,1,0,131510.61,0
3064,15168995,Fischer,821,Germany,Male,46,3,82670.7,2,1,0,16792.16,0
3065,15359604,Thomas,824,Germany,Female,21,6,0.0,2,1,0,19504.21,0
3066,15731778,Alves,604,France,Male,19,4,208770.13,2,1,1,192868.12,0
3067,15156669,Alves,535,France,Male,41,3,64459.46,2,1,1,41244.69,0
3068,15982296,Müller,524,Spain,Male,29,6,8080.02,2,1,1,41989.35,0
3069,15232110,Robert,701,France,Male,51,4,80025.29,1,0,0,177988.63,1
3070,15486182,Ferreira,850,Germany,Male,21,6,162933.62,1,0,1,161658.57,0
3071,15459755,Thomas,628,Germany,Female,47,6,0.0,2,0,1,134954.29,0
3072,15669323,Silva,607,Germany,Male,37,2,60214.18,2,1,1,143520.18,0
3073,15200138,Fischer,817,France,Female,37,4,101434.56,1,0,0,15727.75,1
3074,15142647,Weber,694,France,Male,54,8,0.0,2,1,1,140319.84,0
3075,15979435,Dubois,700,Germany,Male,43,6,248365.89,1,1,1,54598.4,0
3076,15831202,Silva,657,Spain,Male,44,8,130447.62,1,1,1,54282.89,0
3077,15416931,Martin,721,Spain,Male,42,6,90439.48,2,1,0,93479.4,0
3078,15964891,Silva,598,France,Male,50,3,134237.31,1,1,1,91047.31,0
3079,15911626,Oliveira,622,France,Male,41,2,57569.92,1,1,0,111436.43,0
3080,15672514,Ferreira,663,Spain,Male,44,2,0.0,1,1,1,148835.65,0
3081,15388628,Thomas,797,Germany,Female,49,2,0.0,3,1,0,180991.89,1
3082,15525448,Alves,694,Spain,Female,59,1,183051.88,2,1,0,96686.07,1
3083,15774597,Oliveira,843,France,Male,73,7,84762.89,1,1,0,123716.95,1
3084,15129116,Meyer,608,Germany,Male,38,4,76590.48,1,1,1,104723.49,0
3085,15284304,Santos,680,Germany,Female,41,1,71884.38,1,1,1,12045.61,0
3086,15075924,Santos,450,Germany,Female,24,6,119541.22,2,0,0,167264.28,0
3087,15014001,Lima,711,France,Female,37,3,0.0,2,1,1,150213.72,0
3088,15230697,Weber,397,France,Male,32,1,0.0,3,1,1,192371.95,1
3089,15921708,Weber,768,Germany,Male,55,2,138633.44,2,1,0,81740.32,1
3090,15814983,Fischer,757,France,Female,44,5,0.0,2,1,0,166102.81,0
3091,15331914,Costa,601,France,Female,48,6,41972.78,2,0,1,148679.97,0
3092,15446393,Müller,529,Spain,Female,25,2,0.0,2,1,1,33577.45,0
3093,15025044,Gomes,562,France,Female,36,5,94107.35,1,0,1,194378.57,0
3094,15084159,Souza,516,Spain,Female,55,0,33793.49,2,1,1,40450.61,0
3095,15593692,Martin,613,France,Male,31,3,249275.18,1,1,1,168050.99,0
3096,15402709,Bernard,638,Germany,Male,27,2,0.0,1,1,1,100829.07,0
3097,15746757,Souza,619,Spain,Female,39,1,40200.01,3,1,0,124751.09,1
3098,15394501,Müller,770,France,Female,46,4,0.0,2,1,1,108769.58,0
3099,15094402,Alves,678,France,Female,33,5,0.0,1,1,1,24216.36,0
3100,15028063,Lima,722,France,Male,31,0,0.0,2,1,0,190059.85,0
3101,15759836,Ferreira,644,France,Female,49,2,126729.58,2,1,1,176114.78,0
3102,15261196,Schmidt,600,Germany,Female,40,8,45944.78,1,1,1,122095.38,0
3103,15656618,Robert,577,Spain,Female,48,2,75313.33,2,1,0,103952.96,0
3104,15994806,Schmidt,535,France,Male,19,6,101798.6,1,1,1,74262.34,0
3105,15089166,Weber,781,France,Male,32,6,199173.5,1,1,1,44513.6,0
3106,15706652,Bernard,582,France,Male,42,3,0.0,3,1,0,159022.83,1
3107,15603441,Weber,657,Germany,Female,53,2,0.0,2,1,1,108943.79,0
3108,15743337,Müller,732,France,Male,56,2,35191.24,2,1,1,139412.91,0
3109,15063037,Alves,633,Germany,Male,42,5,0.0,2,1,0,67184.72,0
3110,15581054,Silva,552,Germany,Female,31,3,23111.19,1,1,1,179523.32,0
3111,15053900,Silva,608,Germany,Female,21,4,83912.61,2,1,0,195872.4,0
3112,15645806,Robert,829,France,Male,31,6,90396.53,2,0,1,136119.13,0
3113,15836151,Schmidt,720,Germany,Female,57,4,81179.46,1,1,1,172535.47,1
3114,15436776,Silva,568,France,Female,60,9,0.0,2,1,0,55716.46,0
3115,15846870,Thomas,714,France,Male,71,5,84032.2,1,0,0,194761.78,1
3116,15714053,Silva,726,Spain,Male,19,2,95280.42,1,1,1,54395.39,0
3117,15178675,Weber,850,Germany,Female,48,4,108981.12,1,1,0,54636.13,1
3118,15820456,Silva,740,France,Male,46,6,0.0,2,0,1,185010.19,0
3119,15445688,Bernard,707,France,Male,43,2,0.0,1,1,1,65319.24,0
3120,15910180,Weber,673,France,Female,43,6,0.0,1,1,1,80141.26,0
3121,15916580,Pereira,673,France,Male,56,0,0.0,2,0,0,172351.86,0
3122,15355229,Martin,532,France,Female,33,8,216973.23,2,1,0,173145.4,0
3123,15934441,Fischer,495,France,Female,18,5,0.0,1,1,0,27308.52,0
3124,15867127,Martin,646,France,Male,33,2,0.0,2,1,0,71840.03,0
3125,15698070,Oliveira,739,Germany,Female,29,7,157544.04,2,1,0,57023.05,0
3126,15180529,Martin,583,Germany,Female,36,1,3851.55,2,1,0,180809.8,0
3127,15622220,Weber,566,Germany,Female,22,4,63897.38,1,1,1,67392.99,0
3128,15156887,Schmidt,554,France,Male,33,6,0.0,3,0,1,56337.59,1
3129,15825057,Oliveira,659,Spain,Male,45,8,70967.32,3,1,0,66991.87,1
3130,15377103,Thomas,551,Spain,Female,60,3,176965.44,1,1,0,176594.95,1
3131,15294586,Oliveira,850,Spain,Male,57,6,202554.68,3,1,1,47483.28,1
3132,15193802,Santos,568,Spain,Female,39,2,0.0,2,1,1,46348.4,0
3133,15396093,Oliveira,808,Spain,Male,27,0,0.0,1,1,1,169438.36,0
3134,15561402,Costa,784,Germany,Female,39,0,0.0,2,1,1,43974.82,0
3135,15233584,Müller,621,France,Male,64,5,162805.81,2,1,1,106301.68,0
3136,15526565,Meyer,637,Germany,Male,46,2,94640.4,1,0,0,102661.1,1
3137,15314971,Fischer,778,Germany,Male,31,0,0.0,1,1,1,13645.55,0
3138,15284325,Souza,556,Germany,Female,52,8,135239.57,2,0,0,126197.93,1
3139,15408041,Santos,699,Germany,Male,39,2,0.0,2,1,1,138150.91,0
3140,15034883,Costa,419,France,Female,55,4,91576.69,2,1,1,49670.11,0
3141,15851982,Ferreira,630,France,Male,40,5,120682.12,2,1,0,120386.08,0
3142,15724537,Pereira,720,Spain,Female,31,2,216921.17,1,1,1,38723.21,0
3143,15616967,Meyer,505,Germany,Female,45,3,164037.58,2,1,1,151152.33,0
3144,15956671,Meyer,679,Germany,Female,54,5,108384.41,1,1,1,112512.19,1
3145,15497915,Fischer,502,France,Female,59,5,0.0,2,1,0,89006.34,0
3146,15317882,Fischer,603,France,Male,41,6,35815.44,2,1,1,192741.66,0
3147,15584486,Oliveira,850,Spain,Male,38,4,151448.86,3,1,0,191167.53,1
3148,15570870,Fischer,765,Germany,Male,40,7,0.0,2,1,0,18751.41,0
3149,15177486,Schmidt,673,Spain,Male,79,5,213810.25,2,1,0,67823.06,1
3150,15577248,Dubois,629,France,Male,43,5,0.0,2,0,1,56838.51,0
3151,15392293,Schmidt,619,Germany,Female,59,2,65943.83,2,1,1,191167.06,0
3152,15205515,Lima,514,France,Female,39,5,0.0,1,1,1,46242.66,0
3153,15449844,Costa,610,Germany,Female,41,5,175786.09,1,1,1,21890.46,1
3154,15258362,Martin,607,France,Female,33,6,86694.16,2,1,0,49626.25,0
3155,15681582,Schmidt,850,France,Female,43,6,0.0,2,1,1,153323.75,0
3156,15807237,Thomas,623,Germany,Female,59,4,223630.58,1,1,0,108429.02,1
3157,15915541,Lima,589,Spain,Female,42,5,21143.15,1,1,0,193827.22,1
3158,15901307,Müller,626,France,Female,42,6,198154.76,1,1,0,164522.46,1
3159,15141651,Silva,710,Spain,Male,36,3,8926.63,2,1,0,48725.43,0
3160,15465212,Müller,679,France,Female,24,2,179619.17,2,1,0,82735.97,0
3161,15153499,Thomas,721,France,Male,73,7,0.0,1,0,0,165139.4,1
3162,15961888,Bernard,811,France,Male,31,8,227919.06,2,1,0,150242.48,0
3163,15631078,Lima,635,France,Male,59,4,31899.1,2,1,1,73825.81,0
3164,15053461,Ferreira,706,Germany,Female,44,9,18842.23,2,1,0,122706.72,0
3165,15184590,Pereira,608,France,Female,57,3,0.0,1,1,1,121712.86,0
3166,15335541,Costa,544,France,Female,67,1,0.0,2,1,1,177120.61,0
3167,15523336,Dubois,591,Spain,Female,50,5,0.0,1,1,1,15545.2,0
3168,15057378,Pereira,794,France,Female,51,6,192263.07,2,1,1,60364.24,0
3169,15262753,Souza,720,Spain,Male,21,5,81532.08,1,1,0,145576.71,0
3170,15554682,Lima,758,France,Male,44,0,118582.79,1,1,0,133583.05,0
3171,15390523,Müller,639,Germany,Male,51,0,249246.1,1,0,1,75916.12,1
3172,15870266,Oliveira,723,France,Female,39,6,201838.19,1,0,1,173444.19,0
3173,15569901,Dubois,806,France,Female,43,6,97871.67,4,1,1,150064.81,1
3174,15588234,Costa,658,France,Male,58,2,198436.56,1,1,1,124440.19,0
3175,15674933,Costa,642,France,Female,56,4,0.0,3,1,1,57826.68,1
3176,15726365,Ferreira,674,France,Male,34,8,0.0,1,0,0,67699.48,0
3177,15328212,Ferreira,667,Germany,Male,50,4,77008.81,2,1,1,133315.64,0
3178,15967562,Souza,691,Spain,Female,39,2,0.0,2,0,1,193392.4,0
3179,15684776,Ferreira,622,Spain,Female,49,7,13437.5,1,1,1,172374.57,0
3180,15643981,Thomas,697,Germany,Male,31,4,75895.5,2,1,0,50957.83,0
3181,15583181,Bernard,592,France,Female,42,3,205943.95,2,1,0,152484.31,0
3182,15519140,Schmidt,816,France,Female,36,1,230247.5,2,1,1,188079.17,0
3183,15274449,Pereira,533,France,Female,18,4,225359.06,2,1,1,30118.11,0
3184,15714523,Oliveira,620,France,Female,24,6,21159.01,1,1,0,139680.42,0
3185,15509882,Alves,741,Germany,Male,22,6,144345.19,2,1,1,27555.16,0
3186,15674206,Alves,584,Germany,Male,45,4,0.0,1,0,0,12465.25,0
3187,15189494,Schmidt,514,France,Female,60,6,224918.22,2,1,0,195358.72,1
3188,15167591,Lima,715,France,Male,23,3,40923.85,2,1,1,51029.92,0
3189,15507851,Silva,701,Spain,Male,21,6,0.0,2,0,0,162204.89,0
3190,15196343,Weber,641,Spain,Male,39,1,3448.25,2,1,0,116739.48,0
3191,15175097,Santos,661,France,Male,45,2,196350.87,2,0,0,130252.85,0
3192,15979746,Thomas,612,Spain,Female,21,7,75938.02,2,1,1,40124.73,0
3193,15772132,Müller,750,Spain,Female,33,3,0.0,1,0,0,154210.37,0
3194,15829192,Gomes,797,France,Male,39,2,88859.54,1,0,1,75337.38,0
3195,15037900,Alves,698,France,Male,35,1,151464.46,1,1,0,125235.02,0
3196,15316525,Alves,741,Germany,Male,31,3,0.0,2,0,0,86710.14,0
3197,15385124,Meyer,683,Spain,Male,35,1,0.0,2,1,1,45364.72,0
3198,15744277,Costa,809,Spain,Male,41,4,0.0,1,1,1,37140.5,0
3199,15560255,Meyer,596,France,Female,46,7,0.0,1,1,1,85598.2,0
3200,15001783,Pereira,611,France,Female,30,6,0.0,2,0,0,12974.06,0
3201,15642875,Pereira,685,Germany,Female,50,0,214880.04,2,1,0,193190.55,1
3202,15618536,Martin,629,Germany,Male,48,3,149686.16,2,1,1,65583.77,0
3203,15196316,Meyer,645,France,Male,73,2,166195.78,1,1,0,138856.3,1
3204,15735544,Oliveira,739,Spain,Male,37,1,0.0,2,1,1,119397.17,0
3205,15049331,Costa,532,Germany,Male,41,2,70580.68,1,1,1,149275.4,0
3206,15567526,Costa,630,Spain,Male,43,7,35498.13,1,1,1,167708.85,0
3207,15529478,Robert,664,Spain,Male,35,3,52309.91,1,1,0,176695.72,0
3208,15665065,Alves,648,Germany,Male,59,3,44461.45,2,1,0,137904.26,0
3209,15742155,Fischer,586,France,Female,46,4,45782.71,1,1,1,84694.67,0
3210,15309718,Thomas,449,Germany,Male,47,6,0.0,1,1,0,104643.6,1
3211,15680742,Dubois,707,France,Male,19,6,63631.9,2,1,1,80684.48,0
3212,15149050,Weber,833,Germany,Female,31,8,0.0,2,0,1,190639.02,0
3213,15493966,Fischer,647,France,Female,43,2,0.0,2,1,0,71946.46,0
3214,15509456,Meyer,772,Germany,Male,33,3,109697.87,2,1,1,61459.07,0
3215,15233114,Fischer,400,France,Female,48,3,92711.97,1,1,0,114947.82,1
3216,15806224,Pereira,711,France,Male,39,4,0.0,1,0,0,29543.65,0
3217,15472365,Souza,751,France,Female,45,6,67468.39,1,1,0,178229.99,1
3218,15898868,Martin,779,France,Male,46,2,0.0,1,1,1,197322.51,0
3219,15237228,Müller,629,Germany,Male,28,6,117530.2,1,1,1,77222.69,0
3220,15288804,Schmidt,778,Germany,Female,42,2,0.0,2,1,1,33412.15,0
3221,15987781,Robert,606,Germany,Female,38,5,105019.28,1,1,0,63858.7,1
3222,15809359,Schmidt,508,France,Male,40,6,0.0,1,1,1,90497.16,0
3223,15023671,Meyer,683,France,Male,30,6,93930.38,2,0,1,169593.43,0
3224,15223128,Weber,723,France,Male,36,4,0.0,2,1,0,193906.34,0
3225,15233776,Souza,701,France,Female,36,3,237581.43,2,1,0,147180.56,0
3226,15750260,Silva,759,Spain,Female,68,6,0.0,2,1,0,187268.86,1
3227,15495260,Bernard,663,France,Female,35,3,0.0,2,0,0,45674.26,0
3228,15930824,Gomes,785,France,Male,20,2,0.0,2,1,1,186631.13,0
3229,15866623,Meyer,654,France,Female,24,6,120500.0,2,1,1,120630.57,0
3230,15323741,Alves,555,France,Female,24,4,0.0,2,0,0,96174.2,0
3231,15589775,Santos,624,Germany,Female,47,5,224995.53,2,0,0,97090.26,1
3232,15876894,Santos,726,Germany,Female,37,7,0.0,2,1,0,191126.17,0
3233,15708912,Fischer,657,France,Male,45,2,0.0,1,1,1,80430.68,0
3234,15878222,Fischer,561,France,Female,34,4,122501.28,1,1,1,40869.24,0
3235,15246347,Santos,655,France,Male,55,5,216725.87,1,1,1,123100.79,0
3236,15017989,Oliveira,708,France,Male,35,6,0.0,1,0,1,32481.22,0
3237,15292285,Santos,616,France,Female,37,3,0.0,2,1,1,145795.11,0
3238,15731632,Silva,645,Spain,Male,46,3,35376.52,2,0,1,11723.98,0
3239,15587096,Lima,592,Germany,Male,34,4,173373.46,2,1,0,88536.07,0
3240,15101602,Lima,641,Germany,Male,51,2,62547.21,2,1,1,162269.29,0
3241,15003967,Müller,601,France,Female,50,4,82494.67,2,0,1,88645.95,0
3242,15706430,Müller,650,France,Female,39,4,0.0,1,1,0,155837.95,0
3243,15325578,Thomas,698,Germany,Female,48,2,60645.38,1,1,0,144161.42,1
3244,15318581,Fischer,803,Germany,Male,74,6,0.0,1,0,0,137771.44,1
3245,15021130,Schmidt,670,Germany,Male,50,4,97928.75,2,1,1,89572.26,0
3246,15935056,Martin,563,France,Male,52,3,69973.08,2,1,0,184620.16,0
3247,15384011,Schmidt,618,France,Female,28,2,88861.52,2,1,1,79424.66,0
3248,15833216,Ferreira,797,France,Female,42,1,0.0,1,0,0,83467.87,1
3249,15161137,Santos,693,Spain,Male,53,8,0.0,2,1,0,142997.02,0
3250,15070440,Pereira,611,Germany,Male,31,9,211265.53,2,1,1,152208.45,0
3251,15010442,Schmidt,677,Germany,Male,67,7,0.0,2,1,1,70863.09,0
3252,15287751,Martin,502,France,Female,26,4,0.0,2,1,1,161597.76,0
3253,15155995,Gomes,529,Germany,Female,57,6,241491.93,2,1,1,167368.92,0
3254,15824511,Meyer,542,France,Female,40,6,53835.04,2,1,0,20138.95,0
3255,15876705,Meyer,698,France,Female,25,3,0.0,2,0,1,100061.64,0
3256,15793334,Silva,537,France,Female,60,5,22618.5,1,0,0,135856.4,1
3257,15838870,Gomes,745,Germany,Female,34,8,215162.52,2,0,1,58789.58,0
3258,15425711,Gomes,595,France,Female,21,3,197324.31,1,1,0,136341.13,1
3259,15697592,Meyer,569,France,Female,19,5,64551.78,2,1,1,44929.38,0
3260,15009581,Schmidt,688,Spain,Female,48,5,0.0,2,1,0,13530.14,0
3261,15959371,Oliveira,737,France,Male,76,4,211981.11,1,0,1,121025.57,1
3262,15049167,Gomes,627,Germany,Female,20,4,190553.35,2,0,0,24157.38,0
3263,15862861,Oliveira,763,France,Male,31,4,244902.28,2,1,0,96710.52,0
3264,15767921,Oliveira,693,France,Male,26,4,0.0,2,1,0,93368.21,0
3265,15279601,Alves,488,Spain,Male,50,2,46053.36,2,1,0,190966.74,0
3266,15478662,Santos,660,France,Male,19,6,0.0,1,1,0,34323.8,0
3267,15676918,Dubois,676,France,Female,33,5,0.0,2,1,1,105887.97,0
3268,15198641,Schmidt,600,Germany,Male,35,8,43473.32,1,0,0,159592.26,0
3269,15952586,Silva,639,Germany,Male,43,2,0.0,2,1,1,31497.84,0
3270,15527631,Souza,623,Germany,Male,56,2,198602.71,1,1,1,132412.8,1
3271,15048391,Meyer,569,France,Female,47,3,217890.76,2,1,0,192296.67,0
3272,15621155,Dubois,594,France,Female,19,4,231289.35,1,1,0,14382.96,1
3273,15013756,Bernard,671,Germany,Female,47,2,0.0,1,1,0,99726.85,1
3274,15394802,Pereira,652,Germany,Male,51,4,60431.95,2,1,1,172659.64,0
3275,15368161,Ferreira,620,Spain,Male,23,5,0.0,2,1,0,46035.07,0
3276,15963833,Silva,689,Spain,Female,29,1,94089.66,1,0,0,127345.61,0
3277,15375106,Bernard,753,Spain,Male,32,6,0.0,2,1,1,118092.22,0
3278,15916201,Robert,788,France,Male,43,8,41860.27,1,0,1,141383.02,0
3279,15279304,Gomes,821,France,Female,43,3,0.0,1,1,0,148884.51,1
3280,15665374,Thomas,673,Spain,Male,41,6,0.0,2,1,1,124147.95,0
3281,15205366,Meyer,850,France,Male,38,4,0.0,3,1,1,156603.55,1
3282,15294765,Weber,850,France,Female,38,5,0.0,2,0,0,54789.94,0
3283,15021410,Weber,770,Spain,Male,76,6,0.0,1,0,1,176182.15,0
3284,15887711,Ferreira,606,Spain,Female,39,3,129471.67,2,1,0,183430.6,0
3285,15207951,Weber,765,France,Male,58,6,189635.83,1,0,1,54510.28,0
3286,15377896,Meyer,815,France,Male,49,1,216739.1,1,1,0,198136.87,0
3287,15417963,Silva,672,France,Male,20,9,73432.54,2,1,0,159617.42,0
3288,15136782,Alves,713,Spain,Female,38,3,0.0,1,1,0,30458.27,0
3289,15452598,Müller,708,Spain,Female,61,2,63116.88,1,0,0,84437.93,1
3290,15228025,Lima,596,France,Female,38,2,0.0,1,1,0,12992.26,0
3291,15806468,Martin,632,France,Male,54,6,74870.48,3,1,0,96790.21,1
3292,15334789,Pereira,695,Spain,Female,31,5,229043.9,2,1,1,141193.93,0
3293,15351485,Silva,737,France,Male,45,8,0.0,1,1,0,79977.29,0
3294,15081390,Müller,530,Germany,Female,53,5,110046.65,1,1,1,41636.4,1
3295,15091475,Gomes,633,Spain,Female,53,3,19444.27,1,0,0,192010.23,1
3296,15675240,Gomes,684,France,Female,45,6,0.0,1,1,0,40355.04,1
3297,15816072,Fischer,593,Germany,Male,50,3,51898.25,2,1,0,194849.62,0
3298,15625518,Lima,629,France,Male,23,3,240958.93,2,1,1,137746.16,0
3299,15231901,Oliveira,725,France,Female,37,0,0.0,3,0,1,37468.2,1
3300,15994259,Silva,706,Spain,Female,38,2,0.0,1,1,1,170087.37,0
3301,15802163,Silva,691,France,Male,18,3,72243.89,2,1,1,176954.07,0
3302,15138552,Robert,621,Spain,Female,36,3,90233.3,1,0,1,39703.45,0
3303,15266402,Gomes,476,Germany,Male,33,3,0.0,1,1,0,121278.99,0
3304,15094947,Meyer,641,France,Male,72,5,0.0,2,0,0,178247.67,0
3305,15851650,Martin,804,France,Male,49,2,0.0,1,1,0,157142.27,0
3306,15700195,Meyer,834,France,Male,40,5,98969.23,1,1,1,50502.12,0
3307,15643887,Oliveira,770,France,Male,62,2,99808.91,1,0,0,29831.92,1
3308,15117937,Robert,520,France,Male,20,8,163665.88,2,1,1,121176.08,0
3309,15029520,Schmidt,716,France,Male,37,0,53581.17,1,1,0,102344.22,0
3310,15564518,Weber,740,France,Male,43,7,0.0,1,1,1,194142.69,0
3311,15045088,Souza,764,Germany,Female,21,4,0.0,2,0,0,92775.97,0
3312,15544724,Oliveira,604,Germany,Male,45,5,1186.23,2,0,0,38682.69,0
3313,15532007,Costa,525,Germany,Female,21,3,0.0,2,1,0,83069.22,0
3314,15586696,Bernard,744,France,Male,23,2,146003.06,1,0,0,20691.65,0
3315,15561904,Alves,697,France,Male,26,8,52297.2,1,1,1,100512.82,0
3316,15482900,Müller,850,Germany,Female,51,4,142928.54,2,1,1,197939.69,0
3317,15707771,Alves,678,France,Female,47,4,70964.11,1,1,0,142889.0,1
3318,15717149,Weber,850,France,Male,48,9,35180.95,1,1,1,83690.65,0
3319,15443379,Gomes,639,Spain,Male,45,3,17839.89,1,0,0,182197.04,0
3320,15428250,Pereira,679,Spain,Male,36,1,84909.83,1,1,0,67739.49,0
3321,15550343,Meyer,553,Germany,Male,44,5,190792.33,2,1,1,107470.56,0
3322,15578324,Dubois,554,France,Female,31,4,0.0,2,1,1,166318.02,0
3323,15215983,Martin,850,Spain,Male,26,6,53984.78,1,0,0,142939.69,0
3324,15849030,Bernard,641,Germany,Female,48,8,95202.41,2,1,1,21174.16,0
3325,15318385,Bernard,646,Spain,Male,21,3,0.0,1,1,0,179346.94,0
3326,15676801,Costa,655,Germany,Female,34,6,173152.95,3,0,0,129702.88,1
3327,15511431,Gomes,626,Spain,Male,54,4,0.0,1,1,1,197664.9,0
3328,15570760,Oliveira,658,Germany,Female,41,6,194205.88,1,1,0,182408.49,1
3329,15645980,Souza,505,France,Female,48,2,0.0,1,1,0,99033.94,1
3330,15341684,Alves,723,Germany,Male,31,4,61526.04,1,0,0,155819.14,0
3331,15024389,Müller,595,Germany,Female,39,1,1188.89,2,1,1,153546.57,0
3332,15655303,Weber,735,Germany,Female,42,5,0.0,2,0,1,18733.57,0
3333,15280179,Ferreira,475,France,Male,47,2,104621.35,2,0,1,110611.42,0
3334,15716934,Pereira,739,France,Male,45,8,0.0,2,1,1,93377.39,0
3335,15811824,Bernard,620,Spain,Female,75,4,51173.02,1,0,0,57756.8,1
3336,15224737,Martin,614,Germany,Male,65,4,98058.18,2,0,0,21726.75,1
3337,15559713,Gomes,589,Spain,Male,36,8,215443.86,1,0,0,127999.2,0
3338,15643479,Dubois,748,Spain,Female,58,4,94743.88,2,1,0,91299.43,0
3339,15192160,Souza,677,Germany,Female,49,5,0.0,2,1,1,15765.19,0
3340,15438527,Müller,547,Germany,Female,43,0,44101.61,3,0,0,196724.56,1
3341,15744780,Müller,456,Spain,Male,27,5,229591.99,2,1,0,199114.21,0
3342,15326685,Fischer,788,Germany,Female,41,1,179523.15,2,0,1,184413.62,0
3343,15346291,Meyer,479,Germany,Female,60,6,0.0,2,1,1,69824.49,0
3344,15293580,Dubois,655,France,Male,55,7,98904.09,2,1,0,140768.08,0
3345,15065400,Lima,548,France,Male,54,3,0.0,2,1,0,162571.2,0
3346,15643168,Costa,721,Germany,Female,24,7,0.0,1,0,1,41145.11,0
3347,15529917,Schmidt,586,France,Male,31,4,249119.18,1,1,1,102823.26,0
3348,15979250,Müller,850,France,Female,38,5,55370.4,1,1,1,150573.32,0
3349,15891383,Ferreira,621,France,Female,33,4,0.0,1,1,1,67759.84,0
3350,15713113,Martin,546,France,Male,43,4,0.0,1,1,1,30024.1,0
3351,15325007,Weber,598,France,Male,32,7,52554.48,1,1,1,115259.04,0
3352,15418492,Ferreira,651,France,Female,44,8,196624.08,1,1,1,88988.27,0
3353,15724607,Meyer,714,Spain,Male,33,4,0.0,1,0,0,96645.91,0
3354,15471566,Dubois,736,Germany,Male,32,4,0.0,1,0,0,167526.28,0
3355,15940797,Meyer,564,France,Female,25,2,0.0,2,1,0,88058.23,0
3356,15283900,Oliveira,567,France,Male,55,3,99754.24,2,0,1,121551.54,0
3357,15714448,Martin,750,Germany,Female,20,4,17020.85,2,1,0,177126.89,0
3358,15208933,Bernard,588,France,Male,23,2,0.0,2,1,0,133072.31,0
3359,15228639,Oliveira,844,Spain,Male,55,5,53295.7,2,0,0,149493.36,0
3360,15770956,Robert,571,Germany,Female,65,5,0.0,2,1,0,132853.45,1
3361,15883950,Bernard,503,Spain,Female,47,5,0.0,1,1,1,83957.62,0
3362,15505405,Silva,595,France,Female,22,4,0.0,1,1,0,32512.38,0
3363,15999719,Schmidt,600,Germany,Female,35,6,0.0,2,1,1,84171.21,0
3364,15546832,Oliveira,772,France,Female,63,3,8958.13,1,0,1,125869.59,1
3365,15460878,Lima,677,Spain,Female,56,4,76989.25,1,0,0,16997.77,1
3366,15885308,Müller,600,Germany,Male,48,3,0.0,1,0,1,163747.56,0
3367,15297180,Santos,570,France,Female,35,5,114428.76,1,0,0,178902.77,1
3368,15058028,Alves,715,France,Male,22,4,81707.72,1,0,1,17496.32,0
3369,15805601,Müller,545,France,Male,28,2,225157.3,2,0,1,116327.26,0
3370,15698545,Lima,509,Germany,Male,50,3,39860.69,2,1,0,189316.77,0
3371,15444680,Bernard,653,France,Male,30,3,167793.14,1,1,1,100370.79,0
3372,15769403,Alves,751,Germany,Female,75,7,153157.17,1,1,0,176332.9,1
3373,15865004,Silva,635,France,Female,37,4,72151.56,1,0,0,48473.31,1
3374,15685153,Thomas,667,Germany,Male,43,5,92566.66,1,1,1,27513.59,0
3375,15726375,Alves,630,Spain,Male,24,8,0.0,1,1,1,171605.35,0
3376,15265755,Costa,663,Spain,Male,43,2,200311.4,2,1,0,100640.23,0
3377,15951978,Pereira,604,Spain,Male,27,8,99400.55,2,1,1,74950.75,0
3378,15232524,Lima,763,France,Male,51,4,0.0,1,0,1,115211.52,0
3379,15224304,Silva,693,France,Male,47,6,0.0,2,1,1,149516.43,0
3380,15350228,Müller,666,Germany,Male,26,2,224240.94,2,1,0,102945.38,0
3381,15090917,Gomes,591,France,Female,57,3,0.0,2,0,1,77213.98,0
3382,15901547,Meyer,710,France,Female,41,2,28992.85,2,0,1,181265.89,0
3383,15010699,Müller,557,France,Male,57,5,197784.42,2,1,1,128802.49,0
3384,15143600,Thomas,785,France,Female,59,2,0.0,2,1,0,127812.73,0
3385,15310883,Oliveira,583,France,Female,53,6,0.0,1,0,1,123511.51,0
3386,15596915,Ferreira,674,Spain,Female,30,2,54253.41,2,1,1,78117.54,0
3387,15531762,Lima,660,France,Male,27,3,0.0,2,0,0,191472.24,0
3388,15330992,Weber,717,Germany,Female,71,3,204583.35,2,1,0,190486.85,1
3389,15345078,Pereira,812,France,Male,48,6,53655.8,2,0,0,144977.44,0
3390,15114091,Martin,698,Germany,Female,38,7,80882.22,1,0,1,86355.39,0
3391,15443365,Thomas,572,France,Female,51,7,1953.57,2,0,0,65029.17,0
3392,15259706,Ferreira,727,Spain,Female,39,1,95962.61,2,1,1,193580.25,0
3393,15381261,Schmidt,701,Spain,Female,48,3,0.0,1,1,0,83377.31,0
3394,15586643,Dubois,699,France,Male,60,5,0.0,1,0,1,75585.88,0
3395,15071005,Meyer,697,Spain,Female,56,5,0.0,1,1,0,189751.24,1
3396,15605561,Alves,535,Spain,Female,36,3,0.0,1,1,1,62441.13,0
3397,15666550,Bernard,704,Spain,Male,38,6,130109.89,1,1,1,65791.51,0
3398,15699442,Meyer,803,Spain,Male,37,2,119628.18,2,0,0,87500.85,0
3399,15408121,Robert,540,France,Female,47,5,0.0,2,1,0,189927.64,0
3400,15261061,Alves,552,Germany,Female,19,3,161671.84,2,0,0,42057.76,0
3401,15265034,Dubois,728,France,Male,38,4,61583.41,2,1,0,127749.17,0
3402,15135134,Gomes,590,France,Male,44,3,0.0,2,1,0,130407.5,0
3403,15340217,Robert,678,Spain,Female,44,8,83956.18,1,1,0,149007.09,1
3404,15214582,Gomes,637,France,Male,51,4,0.0,1,0,1,63166.2,0
3405,15128943,Ferreira,702,Germany,Female,46,8,0.0,1,0,1,67993.04,0
3406,15639241,Bernard,701,Spain,Female,36,3,0.0,1,1,1,57714.13,0
3407,15223667,Dubois,629,Spain,Male,43,6,226491.25,2,1,0,103230.7,0
3408,15211866,Silva,783,Spain,Male,59,6,223063.65,2,0,0,94192.4,0
3409,15940439,Silva,667,France,Female,39,6,42598.21,1,1,0,130661.19,1
3410,15835957,Fischer,690,France,Male,49,5,0.0,2,1,0,145811.35,0
3411,15060968,Ferreira,527,France,Female,18,5,0.0,1,0,0,164435.62,0
3412,15342015,Pereira,564,France,Female,35,5,0.0,1,1,0,96674.24,0
3413,15522479,Martin,456,France,Female,60,9,50529.87,1,1,1,128643.06,1
3414,15437278,Fischer,712,France,Female,54,2,0.0,2,0,1,53429.28,0
3415,15083930,Santos,579,Spain,Male,49,0,88353.38,1,1,0,142380.27,0
3416,15989959,Meyer,658,Germany,Male,42,5,28876.45,2,1,0,197075.62,0
3417,15998461,Pereira,643,France,Female,58,2,70647.19,2,1,0,168364.54,0
3418,15944245,Gomes,694,Germany,Male,72,5,89306.47,2,1,1,81778.62,0
3419,15855401,Ferreira,440,France,Male,47,3,23476.23,2,0,1,103076.5,0
3420,15236215,Oliveira,515,France,Male,49,0,0.0,1,1,0,35190.94,0
3421,15373053,Costa,588,Spain,Male,40,6,0.0,2,1,0,104161.05,0
3422,15314874,Schmidt,620,Germany,Female,29,0,0.0,1,0,0,101955.98,1
3423,15429301,Meyer,597,Spain,Male,31,2,192562.19,3,1,0,93149.68,1
3424,15898937,Meyer,721,France,Male,54,3,0.0,2,1,1,88495.16,0
3425,15789352,Alves,500,Spain,Male,58,2,0.0,4,0,0,13763.64,1
3426,15214845,Oliveira,631,Germany,Male,60,7,131626.15,2,0,1,31426.04,0
3427,15650258,Thomas,651,Germany,Female,20,5,206003.36,1,1,0,52951.17,1
3428,15646644,Costa,615,Germany,Male,45,7,223910.62,2,1,1,84677.81,0
3429,15460646,Robert,596,Spain,Female,30,5,17965.83,1,1,1,132552.09,0
3430,15825876,Dubois,543,Germany,Female,36,9,0.0,2,1,1,31580.63,0
3431,15480618,Weber,697,Germany,Female,60,4,178614.92,2,1,1,159729.23,0
3432,15157879,Lima,510,Spain,Male,50,0,0.0,1,1,0,97254.32,0
3433,15285504,Silva,654,Spain,Female,48,2,16365.66,1,0,1,32289.43,0
3434,15722247,Robert,541,France,Male,26,5,59822.13,2,1,0,148861.38,0
3435,15993698,Schmidt,708,Germany,Female,40,3,91258.46,1,1,1,11862.71,0
3436,15396568,Alves,607,France,Male,49,2,0.0,1,1,0,171139.63,0
3437,15625890,Dubois,767,France,Female,28,2,147738.54,2,1,0,178842.62,0
3438,15031051,Pereira,718,Germany,Male,36,4,180781.09,2,1,0,134228.74,0
3439,15156101,Pereira,445,Spain,Male,29,4,0.0,2,1,1,170724.37,0
3440,15673235,Dubois,829,Spain,Female,49,8,182341.6,2,0,0,80895.78,0
3441,15773267,Weber,676,France,Female,63,1,0.0,2,1,1,182558.2,0
3442,15794538,Oliveira,693,Germany,Male,57,3,0.0,2,1,0,37217.09,0
3443,15170018,Fischer,626,France,Male,61,4,60266.0,1,1,1,92120.69,0
3444,15382848,Lima,754,Spain,Male,53,2,156561.66,2,1,1,82636.72,0
3445,15088479,Ferreira,629,Spain,Female,53,5,8604.38,1,0,0,172911.75,1
3446,15424431,Schmidt,588,Germany,Male,44,4,21573.46,2,1,1,19961.79,0
3447,15561517,Schmidt,658,Spain,Female,50,4,61793.72,2,0,0,101099.24,0
3448,15540198,Thomas,593,Germany,Male,40,5,0.0,2,0,1,117188.91,0
3449,15035748,Santos,750,Germany,Male,51,3,237466.81,1,1,1,128975.14,1
3450,15126063,Bernard,614,France,Female,31,3,162370.07,2,1,1,68445.93,0
3451,15944216,Müller,836,France,Male,30,2,74970.59,1,0,1,191432.52,0
3452,15447493,Robert,729,Germany,Male,75,4,0.0,1,1,1,184561.73,1
3453,15616866,Meyer,691,Germany,Male,29,3,47983.8,2,1,1,99837.38,0
3454,15477996,Ferreira,606,France,Female,73,3,41033.72,2,0,0,175720.57,1
3455,15907501,Dubois,666,Spain,Female,42,2,232189.01,1,1,1,85007.1,0
3456,15298185,Costa,678,France,Male,38,0,0.0,1,1,1,29913.7,0
3457,15206756,Lima,568,France,Female,42,2,0.0,1,0,0,43711.62,1
3458,15157037,Meyer,710,Germany,Female,56,2,53330.39,2,1,1,157607.05,0
3459,15152054,Ferreira,671,Germany,Male,32,4,222178.21,1,1,0,61377.09,1
3460,15353735,Alves,631,Germany,Female,52,2,168495.87,2,0,0,173556.94,1
3461,15272327,Thomas,619,France,Male,58,6,246993.33,1,1,0,181127.39,1
3462,15252402,Oliveira,483,France,Female,37,4,0.0,1,1,1,52428.07,0
3463,15782148,Robert,850,Germany,Female,28,5,0.0,2,0,1,13093.17,0
3464,15723173,Schmidt,656,Germany,Male,32,2,76476.45,3,0,0,87778.91,1
3465,15865908,Santos,646,France,Male,38,4,28174.26,2,1,0,13077.46,0
3466,15344228,Souza,601,Germany,Male,18,5,0.0,2,0,1,58596.6,0
3467,15885159,Dubois,728,France,Male,44,3,223948.62,1,0,1,105989.45,0
3468,15096597,Fischer,591,Germany,Male,37,3,80501.16,1,1,1,97250.17,0
3469,15493211,Fischer,640,Spain,Female,53,6,0.0,2,1,1,131382.88,0
3470,15478111,Robert,757,France,Female,33,6,99046.23,1,0,1,16973.14,0
3471,15399262,Souza,527,France,Female,39,4,221661.17,1,1,1,100733.3,0
3472,15001099,Oliveira,717,Spain,Male,49,7,0.0,2,0,1,90099.37,0
3473,15792832,Robert,826,Germany,Female,57,6,45722.66,1,0,0,57137.67,1
3474,15885190,Fischer,725,Germany,Female,44,1,0.0,2,0,0,141089.35,0
3475,15821730,Pereira,786,Spain,Male,31,5,65601.78,1,1,0,73026.7,0
3476,15681619,Oliveira,502,Spain,Female,53,5,151759.81,1,1,1,104964.75,1
3477,15641240,Alves,587,Spain,Female,31,4,92424.21,2,0,1,47970.16,0
3478,15809081,Meyer,657,Germany,Male,26,6,0.0,1,1,1,45347.77,0
3479,15166886,Gomes,850,France,Female,33,3,0.0,2,1,1,118932.96,0
3480,15073749,Thomas,553,France,Male,51,1,0.0,1,0,1,28520.08,0
3481,15173752,Müller,563,France,Male,24,5,220643.39,2,1,0,186049.93,0
3482,15089159,Alves,737,Germany,Female,41,6,49991.22,2,1,1,195060.8,0
3483,15577480,Schmidt,712,France,Male,41,6,36925.43,2,0,1,37212.31,0
3484,15143514,Pereira,721,Spain,Female,56,0,0.0,2,1,1,44407.06,0
3485,15622034,Dubois,720,Germany,Male,31,5,44592.29,1,1,0,108637.98,0
3486,15894775,Ferreira,583,Germany,Male,39,0,0.0,2,1,0,62942.75,0
3487,15887373,Oliveira,674,France,Male,33,6,225343.76,2,1,0,60698.99,0
3488,15882205,Schmidt,593,France,Male,31,5,69137.17,2,0,1,139788.64,0
3489,15470746,Robert,697,France,Female,44,5,40184.86,1,0,1,157492.92,0
3490,15771357,Souza,662,France,Female,49,4,98494.71,1,1,0,103974.55,1
3491,15888209,Bernard,510,France,Male,45,6,98801.51,2,0,0,60075.18,0
3492,15269861,Bernard,777,Germany,Female,51,1,68704.69,1,1,1,181190.81,1
3493,15912552,Alves,686,Spain,Female,60,6,203608.69,1,1,1,143917.08,1
3494,15549036,Weber,652,Spain,Female,34,2,0.0,1,0,0,137193.47,0
3495,15425817,Lima,690,Germany,Male,65,4,100305.25,1,1,0,130313.03,1
3496,15158885,Souza,563,France,Female,34,4,0.0,2,1,1,179071.52,0
3497,15993147,Schmidt,729,Spain,Male,43,6,16764.93,2,1,1,45450.55,0
3498,15781688,Ferreira,715,Spain,Female,50,2,0.0,1,0,0,125117.73,0
3499,15667887,Santos,686,France,Female,58,3,231262.34,1,1,1,107055.29,1
3500,15619967,Costa,734,Germany,Male,40,5,171896.98,1,1,0,105413.07,1
3501,15647220,Lima,355,France,Female,56,4,0.0,2,0,1,34879.13,0
3502,15239716,Souza,709,Spain,Male,60,3,78089.11,2,0,1,44791.19,0
3503,15727221,Alves,699,Spain,Female,47,5,6463.88,1,0,1,114007.43,0
3504,15057122,Alves,626,France,Female,53,1,0.0,1,1,0,61209.78,1
3505,15832240,Costa,702,Spain,Female,18,6,73026.59,1,0,1,189838.37,0
3506,15229172,Gomes,608,Germany,Male,37,4,32672.47,2,0,1,48600.83,0
3507,15318456,Lima,544,Spain,Male,77,2,82290.42,1,1,1,115645.32,0
3508,15367415,Costa,652,France,Male,42,4,176935.76,2,1,0,90810.64,0
3509,15563137,Bernard,722,Spain,Female,48,2,0.0,1,1,0,117319.76,0
3510,15173175,Oliveira,813,France,Male,35,5,80089.1,1,1,0,102289.51,0
3511,15432667,Weber,684,France,Male,19,5,63697.61,3,1,0,59733.09,1
3512,15459521,Schmidt,568,France,Male,32,4,0.0,2,1,1,190359.14,0
3513,15008777,Santos,563,Spain,Male,47,3,241409.3,2,1,0,35037.74,0
3514,15376804,Weber,644,Spain,Male,37,6,229778.88,1,0,1,31122.8,0
3515,15480709,Souza,545,Spain,Female,30,5,212496.48,2,1,0,190548.27,0
3516,15935977,Fischer,838,Spain,Male,47,5,90500.37,2,0,0,91872.35,0
3517,15285465,Oliveira,769,France,Male,42,2,0.0,1,0,1,95072.83,0
3518,15827507,Alves,712,France,Male,40,5,1888.23,2,1,0,55543.24,0
3519,15311229,Santos,787,France,Female,42,4,86529.54,1,1,0,109871.52,1
3520,15978883,Meyer,677,France,Female,59,3,0.0,1,1,1,54462.05,0
3521,15568286,Santos,666,France,Female,31,8,151990.46,1,0,0,190494.23,1
3522,15047527,Meyer,609,France,Female,58,0,69047.41,2,1,1,30399.31,0
3523,15405064,Bernard,683,France,Female,54,2,0.0,1,1,1,78830.56,0
3524,15450385,Gomes,586,France,Male,22,3,238378.15,2,1,0,107751.46,0
3525,15013606,Alves,625,France,Male,20,3,92598.18,1,0,0,174978.71,0
3526,15139168,Meyer,668,France,Male,35,4,0.0,1,1,0,18211.01,0
3527,15652729,Bernard,683,Spain,Male,50,3,0.0,2,1,0,116717.43,0
3528,15900876,Silva,703,Spain,Female,31,6,0.0,1,0,0,36169.44,0
3529,15641703,Lima,641,Spain,Male,38,6,183883.88,1,1,0,29338.27,0
3530,15677976,Meyer,647,France,Female,41,6,164900.94,1,1,0,189072.11,1
3531,15573466,Oliveira,619,France,Male,19,3,81553.43,1,0,0,17049.67,0
3532,15445108,Gomes,547,Spain,Female,71,4,49915.39,2,1,0,61379.09,1
3533,15844707,Meyer,812,France,Female,33,6,108294.57,2,1,1,188482.96,0
3534,15017521,Thomas,663,France,Female,53,2,80726.4,1,1,1,82215.63,0
3535,15577562,Ferreira,691,France,Male,27,6,54505.54,1,1,1,80897.06,0
3536,15969033,Silva,665,France,Female,39,4,107755.18,1,1,0,69860.04,1
3537,15366215,Oliveira,582,France,Female,39,6,0.0,2,1,1,58902.14,0
3538,15636473,Bernard,850,France,Male,78,6,204272.29,2,0,0,47192.03,1
3539,15018823,Alves,513,Germany,Male,26,3,0.0,2,0,0,56780.69,0
3540,15881661,Santos,660,France,Female,44,1,164229.45,1,1,0,17624.63,1
3541,15071111,Costa,576,France,Male,54,7,0.0,3,1,1,78275.7,1
3542,15379435,Fischer,814,Spain,Male,48,3,5863.73,2,1,1,20856.81,0
3543,15176352,Robert,600,France,Female,36,3,123055.5,2,1,1,127992.77,0
3544,15184165,Martin,718,France,Male,79,7,0.0,2,1,0,161536.17,0
3545,15408018,Bernard,488,Spain,Female,60,7,129809.2,2,0,0,40950.69,1
3546,15793592,Silva,688,France,Male,35,3,188160.6,2,0,1,162952.42,0
3547,15015648,Pereira,751,France,Male,42,1,0.0,1,1,1,21593.01,0
3548,15554296,Pereira,701,France,Male,64,0,139632.64,1,0,0,91821.82,1
3549,15809831,Costa,473,France,Male,72,4,0.0,2,1,1,170608.95,0
3550,15267776,Gomes,557,Germany,Female,39,5,0.0,1,1,0,144275.16,1
3551,15145243,Dubois,642,Spain,Female,56,3,0.0,1,1,0,86425.49,1
3552,15494661,Fischer,742,France,Male,36,3,0.0,1,0,1,145715.25,0
3553,15138470,Souza,590,Germany,Male,35,3,182781.17,1,1,1,28227.36,0
3554,15758484,Santos,595,Germany,Female,24,3,2212.8,2,0,1,47382.67,0
3555,15769782,Dubois,588,France,Male,34,6,86924.65,2,1,1,154601.22,0
3556,15486829,Gomes,553,Germany,Female,41,5,246594.19,2,0,0,102327.32,1
3557,15950862,Martin,688,France,Female,45,6,0.0,1,1,0,73173.78,1
3558,15277352,Alves,574,France,Male,31,6,227736.01,1,1,0,27834.56,0
3559,15391698,Schmidt,844,France,Female,38,4,90825.09,1,1,1,84920.5,0
3560,15447897,Müller,624,France,Male,39,4,0.0,1,1,1,69622.71,0
3561,15735604,Dubois,572,France,Female,67,8,77949.14,2,1,0,36708.07,1
3562,15310033,Oliveira,475,Spain,Female,55,6,116492.94,2,1,1,108742.5,0
3563,15124213,Müller,431,France,Male,36,6,108694.14,1,0,1,39804.25,0
3564,15777866,Thomas,823,France,Male,53,5,153287.14,1,0,1,179164.89,0
3565,15252543,Bernard,730,France,Female,35,4,128647.46,2,1,0,199027.33,0
3566,15372004,Weber,655,Germany,Female,41,7,78107.63,1,0,1,40765.66,0
3567,15915636,Bernard,639,Germany,Female,74,6,15264.01,2,1,1,36535.54,1
3568,15166426,Weber,464,Germany,Male,40,4,0.0,2,1,0,102568.38,0
3569,15599016,Ferreira,607,Spain,Male,47,3,44119.65,2,1,0,195982.15,0
3570,15037643,Costa,513,Spain,Male,39,2,109282.67,1,1,1,95694.58,0
3571,15487378,Martin,617,France,Female,38,4,0.0,1,1,0,88120.6,0
3572,15091755,Silva,578,Germany,Female,48,3,0.0,1,1,0,191568.67,1
3573,15404737,Ferreira,679,Spain,Male,71,3,228839.16,2,0,0,97060.1,1
3574,15766126,Silva,599,Spain,Male,40,1,247715.59,1,0,0,161958.25,0
3575,15413952,Bernard,530,Spain,Male,64,0,0.0,1,1,0,93788.47,1
3576,15164870,Alves,630,France,Male,53,6,124179.73,2,0,1,143608.65,0
3577,15167673,Souza,656,France,Female,40,1,0.0,2,0,0,184874.25,0
3578,15340751,Meyer,718,France,Male,38,7,52395.46,1,0,1,133864.55,0
3579,15357624,Ferreira,835,Germany,Male,45,2,0.0,2,0,1,194410.95,0
3580,15033101,Meyer,850,France,Male,48,6,81214.9,2,1,0,149787.94,0
3581,15441927,Gomes,547,France,Female,18,6,99233.53,1,0,1,23480.7,0
3582,15618356,Fischer,617,Spain,Female,68,6,207243.08,2,1,0,19007.43,1
3583,15878368,Dubois,578,France,Female,41,7,181348.97,2,0,0,38698.09,0
3584,15238575,Schmidt,405,Spain,Male,35,3,133543.38,1,0,1,38600.94,0
3585,15827706,Oliveira,717,France,Female,46,9,0.0,1,1,0,16829.39,1
3586,15666516,Bernard,735,France,Female,19,3,178390.82,2,1,1,82132.5,0
3587,15367000,Schmidt,548,France,Male,49,8,0.0,2,1,0,198614.23,0
3588,15809267,Meyer,760,Spain,Female,53,4,171532.34,1,0,1,121568.94,1
3589,15941855,Meyer,679,France,Female,59,1,35752.29,2,1,1,150899.02,0
3590,15121666,Costa,732,France,Female,37,6,20792.43,2,1,1,96871.75,0
3591,15387718,Weber,659,Spain,Female,48,6,98976.85,1,1,1,44794.91,0
3592,15517931,Ferreira,615,France,Female,45,2,0.0,2,1,1,77751.0,0
3593,15056812,Weber,731,Germany,Male,38,6,160905.19,1,1,0,53626.59,1
3594,15167312,Bernard,691,Germany,Male,24,2,0.0,1,1,0,115563.2,0
3595,15323292,Fischer,612,France,Male,48,2,233845.05,1,1,0,99609.95,0
3596,15472452,Lima,735,Germany,Female,42,6,0.0,1,1,1,172332.09,0
3597,15078683,Lima,641,France,Male,27,3,168413.3,2,1,1,51444.37,0
3598,15341729,Weber,602,Germany,Female,21,1,234216.74,1,1,1,119541.73,0
3599,15028980,Ferreira,540,France,Female,40,8,71737.12,1,0,1,15501.24,0
3600,15898987,Costa,842,Germany,Male,38,4,0.0,2,1,1,162083.28,0
3601,15383731,Lima,579,France,Female,50,4,90642.56,2,1,0,117074.75,0
3602,15928516,Müller,452,Germany,Female,36,4,84715.31,1,1,0,23636.81,1
3603,15163478,Oliveira,792,France,Male,40,5,135347.7,2,1,0,165275.31,0
3604,15405387,Meyer,703,France,Male,60,6,0.0,1,1,1,23306.0,0
3605,15643995,Dubois,436,France,Female,28,5,222215.89,1,1,0,92748.33,1
3606,15736261,Alves,764,France,Female,43,6,77167.65,1,1,0,174700.07,1
3607,15835912,Dubois,712,Spain,Female,67,2,0.0,1,1,0,22596.08,1
3608,15270640,Dubois,732,France,Male,43,3,93365.58,2,1,1,59374.41,0
3609,15409610,Schmidt,672,Spain,Female,48,5,204705.54,2,0,1,69633.67,0
3610,15210059,Bernard,691,Spain,Female,32,5,0.0,2,1,1,115542.11,0
3611,15173404,Schmidt,664,Germany,Male,27,3,0.0,1,1,1,104036.05,0
3612,15148130,Dubois,637,France,Male,48,8,113080.45,1,1,1,170763.68,0
3613,15749005,Meyer,713,France,Female,44,2,0.0,2,1,0,180507.26,0
3614,15132790,Martin,677,Spain,Female,18,2,98890.81,1,0,1,77308.12,0
3615,15497067,Silva,509,France,Male,32,2,50544.57,1,1,0,181149.77,0
3616,15583545,Lima,552,France,Male,54,6,0.0,1,0,0,85564.56,1
3617,15162360,Silva,627,Germany,Female,36,0,48258.44,1,1,0,158513.74,1
3618,15560036,Thomas,486,Spain,Female,40,9,244500.96,1,1,0,121659.85,1
3619,15759787,Oliveira,618,Spain,Female,33,9,0.0,1,1,0,164909.06,0
3620,15494395,Oliveira,661,France,Female,55,2,0.0,1,1,0,126220.74,1
3621,15778877,Santos,541,Germany,Male,57,3,146408.04,2,1,0,161683.37,1
3622,15116385,Schmidt,770,France,Female,46,2,0.0,1,0,0,120987.37,1
3623,15457027,Martin,529,France,Male,35,4,0.0,1,1,1,33670.13,0
3624,15059849,Schmidt,583,Spain,Male,28,4,71303.41,1,1,0,160209.63,0
3625,15475787,Costa,689,France,Female,35,6,197084.0,1,1,0,142144.26,1
3626,15512023,Dubois,570,France,Female,44,0,41780.39,2,1,0,157933.07,0
3627,15788352,Lima,685,France,Male,47,9,96383.12,1,0,1,29760.28,0
3628,15942643,Fischer,549,Spain,Female,67,8,206750.52,2,0,1,141534.56,0
3629,15113979,Ferreira,784,Spain,Male,37,5,75559.33,2,1,1,157619.07,0
3630,15904476,Thomas,571,Germany,Male,44,4,177476.44,2,1,1,81246.53,0
3631,15295143,Meyer,520,Germany,Female,49,4,51694.78,2,0,1,191036.97,0
3632,15783334,Müller,689,France,Female,23,0,1249.38,2,1,0,139233.72,0
3633,15712500,Souza,643,France,Female,33,6,0.0,2,1,0,22746.46,0
3634,15427080,Silva,475,France,Male,43,4,210713.86,2,1,0,137433.12,0
3635,15964657,Alves,669,France,Male,77,3,231500.71,1,0,0,14295.95,1
3636,15002556,Robert,715,France,Male,33,4,239629.39,2,1,0,42819.88,0
3637,15022651,Pereira,850,Spain,Male,66,3,0.0,2,0,1,84461.0,0
3638,15060739,Robert,668,France,Female,46,5,5807.57,1,0,0,73753.18,1
3639,15245589,Robert,487,France,Male,33,5,0.0,2,0,0,147449.32,0
3640,15144077,Alves,850,France,Male,33,3,71769.59,2,1,1,68201.25,0
3641,15628901,Martin,694,France,Male,28,3,0.0,2,0,1,158306.0,0
3642,15548218,Costa,442,Spain,Male,35,7,0.0,1,1,1,63344.53,0
3643,15934938,Costa,707,France,Male,30,5,0.0,1,1,0,115467.91,0
3644,15953597,Pereira,661,France,Male,36,6,188104.6,2,1,0,130996.25,0
3645,15743871,Fischer,720,Spain,Male,71,5,0.0,1,1,1,188305.14,0
3646,15995831,Santos,716,France,Male,44,1,200702.35,2,1,0,16957.69,0
3647,15344468,Oliveira,709,France,Male,42,1,75355.26,1,1,0,69956.84,0
3648,15691316,Dubois,669,France,Male,22,4,0.0,1,1,1,49827.08,0
3649,15338043,Pereira,653,Germany,Male,37,8,195759.68,2,0,0,141954.08,0
3650,15038643,Bernard,725,Spain,Male,32,4,0.0,1,0,0,100096.2,0
3651,15666905,Lima,444,Spain,Female,53,7,0.0,2,1,0,112768.89,0
3652,15324780,Alves,575,France,Female,23,1,0.0,3,1,0,26640.56,1
3653,15098573,Lima,681,Spain,Female,39,6,205405.82,1,1,0,117603.21,1
3654,15361208,Müller,575,France,Male,46,2,0.0,2,0,1,68294.04,0
3655,15964869,Meyer,666,France,Male,46,4,142834.7,2,1,0,157410.97,0
3656,15120048,Lima,538,France,Male,53,3,0.0,1,1,0,79973.88,1
3657,15238307,Thomas,606,France,Female,31,5,113522.15,1,0,0,18540.15,1
3658,15146835,Alves,665,Germany,Female,32,3,164521.1,2,0,1,23745.23,0
3659,15775933,Pereira,726,Germany,Female,56,4,12921.17,2,1,0,69308.93,1
3660,15625123,Silva,801,Spain,Female,42,2,0.0,1,0,0,73202.17,0
3661,15527823,Fischer,743,Germany,Male,40,3,0.0,1,1,0,140386.89,0
3662,15337100,Müller,708,France,Female,29,2,0.0,2,0,1,66814.42,0
3663,15731541,Robert,564,France,Male,41,4,78926.99,1,1,1,156263.05,0
3664,15325230,Weber,703,France,Male,76,2,47772.59,1,0,1,115945.05,0
3665,15675562,Bernard,570,Germany,Male,47,3,0.0,2,1,0,68967.37,0
3666,15001775,Robert,590,France,Male,51,4,44608.59,2,1,0,59843.21,0
3667,15058489,Pereira,575,Spain,Female,46,3,72040.67,1,1,1,72540.03,0
3668,15999928,Weber,809,France,Female,35,5,0.0,2,1,0,70081.92,0
3669,15758268,Lima,647,France,Male,22,0,54405.66,1,1,0,122755.65,0
3670,15776866,Souza,576,France,Male,46,8,226472.92,2,1,0,159308.66,0
3671,15175773,Dubois,850,France,Female,50,6,92175.3,1,1,0,53554.71,1
3672,15850803,Silva,478,France,Female,57,4,0.0,2,0,1,159380.22,0
3673,15645259,Costa,575,Germany,Female,41,7,0.0,2,1,1,18458.44,0
3674,15424908,Müller,715,France,Female,64,6,28271.04,1,0,1,70990.52,1
3675,15884612,Oliveira,625,Germany,Male,42,3,174128.43,2,0,1,76947.17,0
3676,15539017,Silva,724,France,Male,34,2,0.0,2,1,1,19801.02,0
3677,15671195,Müller,600,France,Female,35,2,0.0,2,1,1,113391.43,0
3678,15888127,Costa,643,France,Male,35,2,212626.15,2,1,1,21660.14,0
3679,15910236,Ferreira,698,Spain,Female,54,6,205909.86,3,1,0,134334.46,1
3680,15209758,Silva,666,France,Female,22,4,0.0,2,1,0,134924.67,0
3681,15873634,Weber,566,Germany,Male,68,6,0.0,1,1,1,45461.86,1
3682,15291011,Bernard,578,France,Male,68,4,0.0,2,1,0,26695.54,0
3683,15306891,Meyer,589,Spain,Male,45,6,229840.02,2,1,0,28004.81,0
3684,15069308,Souza,553,France,Male,34,3,0.0,1,1,1,61839.73,0
3685,15670600,Martin,717,Germany,Male,38,5,22221.58,1,1,1,159468.39,0
3686,15168252,Meyer,698,Germany,Female,34,5,227872.1,2,1,0,120963.02,0
3687,15350214,Weber,559,Spain,Male,20,6,0.0,2,1,0,123022.5,0
3688,15717891,Bernard,760,France,Male,36,6,0.0,1,0,1,103887.0,0
3689,15091897,Dubois,761,France,Female,27,3,180998.57,2,0,0,125566.29,0
3690,15358974,Bernard,815,France,Male,43,3,69463.35,1,0,0,191115.48,0
3691,15958267,Gomes,850,Spain,Male,38,2,160124.68,1,1,1,173061.43,0
3692,15615379,Weber,482,Germany,Female,35,6,181769.99,1,0,0,18334.82,1
3693,15330393,Thomas,516,Spain,Male,49,3,148234.71,1,1,1,82951.04,0
3694,15914442,Ferreira,660,France,Female,72,3,0.0,1,1,0,156269.12,1
3695,15668803,Pereira,671,France,Male,45,6,0.0,1,1,1,194120.92,0
3696,15700600,Pereira,703,France,Female,47,3,0.0,2,1,1,46335.85,0
3697,15035139,Robert,618,Spain,Male,56,3,33293.19,2,1,1,128690.1,0
3698,15169211,Lima,713,Germany,Female,43,5,149367.62,1,0,0,180776.4,1
3699,15083649,Thomas,473,Spain,Female,56,8,0.0,1,1,1,82260.25,0
3700,15329521,Thomas,551,France,Female,39,1,232451.19,3,1,1,81734.0,1
3701,15894202,Thomas,678,Germany,Male,58,6,64421.75,2,0,0,30838.06,0
3702,15097219,Dubois,760,Germany,Male,38,2,0.0,1,1,1,75969.85,0
3703,15988026,Costa,654,France,Male,64,3,9748.6,1,0,0,187829.27,1
3704,15267306,Martin,491,Spain,Male,37,4,210886.25,1,0,0,164699.45,0
3705,15471879,Martin,763,Spain,Male,54,6,0.0,2,1,0,55626.03,0
3706,15534731,Weber,666,Spain,Female,66,7,97022.48,2,0,0,192775.43,1
3707,15792501,Souza,559,Germany,Male,22,1,46175.12,3,1,1,31379.72,1
3708,15344519,Fischer,557,France,Female,62,6,228702.09,2,1,0,198721.52,1
3709,15119121,Dubois,577,France,Male,18,3,0.0,1,1,1,98567.56,0
3710,15175059,Alves,566,Spain,Male,40,7,0.0,4,0,0,55540.86,1
3711,15288867,Silva,488,France,Female,40,3,80810.48,3,1,0,47884.98,1
3712,15578914,Gomes,697,Germany,Female,69,5,103539.5,2,0,1,149481.01,1
3713,15080236,Fischer,526,Germany,Male,50,2,0.0,1,1,0,127178.67,0
3714,15890339,Costa,621,Germany,Female,43,8,195353.36,1,1,0,193744.57,1
3715,15245962,Pereira,637,Spain,Female,45,0,0.0,1,0,1,187987.27,0
3716,15637018,Pereira,602,France,Female,74,2,0.0,1,1,0,169172.41,1
3717,15676850,Gomes,715,France,Male,59,5,7288.37,2,1,1,61184.01,0
3718,15287399,Silva,677,France,Male,33,6,238946.52,2,1,0,166327.1,0
3719,15512558,Oliveira,613,France,Female,35,9,0.0,2,1,1,149187.45,0
3720,15466560,Meyer,546,France,Female,19,2,19995.06,2,0,1,180338.8,0
3721,15009545,Souza,517,France,Male,41,3,400.74,1,1,0,99058.99,0
3722,15018568,Alves,738,Spain,Male,22,7,191530.27,2,1,1,54186.55,0
3723,15513352,Schmidt,657,Spain,Female,36,0,0.0,2,0,1,171359.44,0
3724,15412481,Thomas,737,France,Female,58,6,65297.49,1,0,0,127249.62,1
3725,15200263,Souza,535,France,Male,33,4,176225.47,2,0,1,102299.2,0
3726,15846146,Martin,695,Spain,Male,48,5,0.0,1,1,1,129539.03,0
3727,15243285,Weber,350,France,Male,40,4,204454.36,1,0,1,180768.7,0
3728,15554427,Santos,850,France,Male,25,5,0.0,2,1,0,36274.9,0
3729,15415752,Fischer,794,France,Female,38,5,0.0,2,1,1,49124.77,0
3730,15767769,Souza,480,Germany,Female,36,5,0.0,2,1,1,34303.85,0
3731,15600370,Santos,577,France,Female,52,5,78675.92,2,1,0,123329.32,0
3732,15380027,Fischer,603,Spain,Female,39,5,0.0,1,0,1,44703.63,0
3733,15815441,Thomas,578,France,Male,32,5,0.0,3,1,1,24531.15,1
3734,15974725,Oliveira,600,Germany,Male,56,6,32591.35,2,1,0,124975.99,0
3735,15415750,Lima,676,France,Male,44,6,0.0,2,1,0,62125.01,0
3736,15915580,Schmidt,553,France,Female,51,6,0.0,2,1,0,126131.06,0
3737,15078930,Alves,506,Germany,Male,74,3,211192.5,1,1,0,125758.92,1
3738,15947203,Meyer,813,Germany,Male,57,6,96729.48,2,0,1,63184.13,0
3739,15774213,Fischer,748,Spain,Female,37,8,42112.4,3,1,1,175063.88,1
3740,15510793,Meyer,619,Germany,Male,51,3,6509.1,1,1,1,128354.28,0
3741,15184557,Costa,615,Spain,Female,49,6,13051.86,1,1,1,126182.78,0
3742,15555879,Ferreira,608,Spain,Female,40,3,0.0,3,1,0,177849.83,1
3743,15368422,Pereira,632,Spain,Male,35,2,149201.28,1,1,1,186723.61,0
3744,15074256,Silva,619,France,Male,39,4,0.0,2,1,1,166366.79,0
3745,15995290,Ferreira,569,France,Female,25,6,62289.07,1,1,0,119957.29,0
3746,15103702,Alves,563,France,Female,36,3,0.0,2,1,0,112499.62,0
3747,15333385,Souza,579,Germany,Male,18,3,0.0,2,1,0,72643.92,0
3748,15438501,Lima,579,France,Male,53,3,0.0,2,1,1,38483.76,0
3749,15120905,Fischer,707,France,Male,57,2,0.0,2,0,0,156647.14,0
3750,15226317,Silva,729,Spain,Female,46,5,0.0,1,1,1,172015.24,0
3751,15578318,Robert,541,Spain,Female,52,2,75961.01,1,0,1,84419.67,0
3752,15822242,Costa,727,Spain,Female,37,8,0.0,1,0,1,176976.3,0
3753,15932048,Martin,796,France,Female,55,3,150413.12,2,0,0,146471.99,1
3754,15403159,Martin,708,Germany,Female,49,4,173230.72,1,0,1,182800.69,1
3755,15055615,Robert,611,France,Female,29,4,0.0,1,0,0,169241.05,0
3756,15611454,Gomes,512,France,Male,24,8,36212.78,2,1,1,16915.11,0
3757,15579524,Dubois,494,France,Female,32,4,65974.12,1,1,1,59936.57,0
3758,15184683,Thomas,695,France,Male,28,5,4081.04,2,1,1,134233.27,0
3759,15223945,Dubois,705,France,Female,31,6,0.0,1,1,1,165467.33,0
3760,15875304,Schmidt,810,Spain,Male,27,2,0.0,2,1,0,174538.84,0
3761,15368528,Lima,550,France,Female,32,0,58717.79,2,1,1,154827.15,0
3762,15175579,Robert,509,Germany,Male,35,4,169491.49,2,1,0,31969.66,0
3763,15589991,Martin,600,Germany,Female,72,4,0.0,2,1,1,22135.87,0
3764,15957054,Ferreira,428,France,Male,31,3,0.0,1,0,0,131272.43,0
3765,15450153,Oliveira,517,France,Male,34,4,171213.11,2,1,1,68811.77,0
3766,15064795,Robert,850,France,Male,44,5,0.0,2,1,0,172262.13,0
3767,15547509,Robert,693,Germany,Female,60,8,26869.83,1,0,0,149356.77,1
3768,15632679,Bernard,557,France,Male,38,5,69585.28,1,1,0,192250.82,0
3769,15252958,Lima,582,France,Male,54,4,6892.64,2,1,1,42060.22,0
3770,15435200,Silva,850,France,Female,34,0,0.0,2,1,0,198118.17,0
3771,15794961,Costa,483,Germany,Male,32,3,123523.2,1,1,0,95525.95,1
3772,15310518,Costa,702,Spain,Male,40,3,50629.09,1,1,0,74818.12,0
3773,15323477,Souza,370,France,Male,42,4,48514.33,1,1,1,126812.34,0
3774,15188366,Martin,785,Germany,Male,33,6,162400.4,1,0,1,175820.75,0
3775,15875421,Schmidt,634,Germany,Male,46,6,0.0,2,1,0,192556.69,0
3776,15545594,Silva,612,Spain,Male,38,6,145315.88,1,1,1,113053.16,0
3777,15969575,Weber,730,Spain,Female,47,3,131437.98,1,1,1,89787.11,0
3778,15109010,Meyer,678,Germany,Male,33,3,36668.79,2,1,1,70783.22,0
3779,15863775,Lima,676,Germany,Male,40,2,0.0,1,0,1,104737.39,0
3780,15481780,Weber,654,Spain,Male,43,6,178950.1,1,1,1,156398.79,0
3781,15941501,Souza,711,France,Male,47,5,113626.63,3,1,1,18256.89,1
3782,15164769,Robert,648,France,Female,34,1,0.0,1,0,0,152509.78,0
3783,15391389,Robert,690,France,Female,59,3,158714.98,3,0,0,37649.66,1
3784,15193303,Meyer,627,Spain,Female,44,2,2169.17,2,1,1,157196.42,0
3785,15527579,Pereira,491,Spain,Female,38,8,133875.25,1,1,1,26864.41,0
3786,15126598,Silva,782,France,Female,67,3,14929.39,2,1,0,38562.29,1
3787,15250291,Martin,709,Germany,Male,42,4,99562.22,1,1,0,143987.26,1
3788,15741849,Weber,802,France,Female,37,3,52669.43,2,1,0,131194.45,0
3789,15198687,Silva,716,France,Male,28,4,130301.9,1,0,0,63175.92,0
3790,15691681,Pereira,425,Spain,Male,43,9,70712.21,2,1,1,109336.98,0
3791,15971861,Alves,605,France,Female,25,3,0.0,3,1,1,164153.79,1
3792,15150870,Silva,680,France,Female,39,3,94759.9,1,1,1,103590.24,0
3793,15494653,Oliveira,577,Germany,Male,39,3,0.0,1,1,0,80857.46,0
3794,15210212,Dubois,507,Germany,Male,46,2,0.0,1,0,0,84461.38,0
3795,15710784,Silva,697,France,Male,40,6,0.0,1,0,1,45267.81,0
3796,15847828,Costa,677,Germany,Male,57,3,50414.63,1,0,0,157047.06,1
3797,15445166,Lima,632,Germany,Male,31,5,52368.2,1,1,1,101453.28,0
3798,15331279,Silva,713,France,Male,36,5,144502.66,2,1,0,87330.08,0
3799,15015211,Dubois,738,France,Male,55,0,0.0,1,0,0,111048.17,1
3800,15319638,Fischer,640,Germany,Male,45,5,197207.91,2,0,1,133095.83,0
3801,15993325,Santos,527,France,Male,33,4,0.0,1,1,0,72000.21,0
3802,15521878,Santos,686,Spain,Female,38,1,0.0,1,1,0,142893.7,0
3803,15495834,Santos,663,Spain,Male,32,2,0.0,1,1,1,34976.74,0
3804,15502265,Robert,544,Spain,Male,44,4,96942.84,2,1,1,162834.23,0
3805,15391453,Robert,584,France,Male,33,3,123361.08,2,1,0,64558.14,0
3806,15784746,Thomas,617,Spain,Female,41,4,0.0,2,1,1,47614.49,0
3807,15534244,Costa,566,France,Female,45,5,102159.45,1,1,0,196567.71,1
3808,15172651,Meyer,698,France,Female,19,2,0.0,2,1,0,175970.19,0
3809,15654545,Fischer,798,France,Female,36,5,0.0,1,0,0,136024.81,0
3810,15526532,Schmidt,592,France,Female,33,6,0.0,1,0,0,115702.16,0
3811,15107894,Meyer,675,Germany,Male,37,0,152896.77,2,0,0,69242.05,0
3812,15360682,Silva,784,France,Female,49,3,0.0,2,0,0,131118.53,0
3813,15704262,Alves,704,France,Female,45,3,0.0,1,1,1,64649.03,0
3814,15173454,Fischer,706,Germany,Female,50,4,229786.55,1,1,1,95878.68,1
3815,15640221,Souza,685,France,Male,40,5,17153.38,1,0,1,118692.76,0
3816,15074918,Weber,729,Germany,Female,76,2,185129.73,1,1,0,56397.72,1
3817,15480582,Robert,615,France,Female,40,2,0.0,2,1,0,126651.65,0
3818,15678328,Silva,616,Spain,Male,38,6,97277.23,2,0,1,57347.04,0
3819,15290319,Fischer,606,Spain,Male,44,5,0.0,2,0,0,39743.14,0
3820,15091589,Ferreira,785,France,Female,56,4,0.0,2,1,0,162603.72,0
3821,15663786,Pereira,653,France,Female,40,4,186444.32,1,0,0,141483.84,1
3822,15139595,Martin,756,France,Female,48,3,123377.21,2,1,1,64902.42,0
3823,15303593,Meyer,731,Spain,Male,60,3,123180.69,1,0,0,149705.88,1
3824,15294647,Schmidt,605,France,Female,51,3,190366.85,2,1,0,46829.43,1
3825,15300223,Dubois,644,France,Male,25,6,70565.91,2,0,0,149965.71,0
3826,15117541,Schmidt,736,France,Female,58,4,0.0,2,1,1,13152.66,0
3827,15663468,Robert,736,France,Male,55,6,0.0,1,1,1,14719.16,0
3828,15845876,Santos,647,France,Female,45,5,0.0,1,1,0,26295.13,1
3829,15392178,Lima,770,Spain,Female,46,4,0.0,2,0,0,95229.62,0
3830,15254400,Lima,507,France,Male,64,3,136135.77,2,0,0,45495.02,1
3831,15660588,Robert,628,France,Female,37,3,0.0,1,1,0,153809.37,0
3832,15557890,Müller,625,Spain,Female,27,7,42879.45,2,1,1,192946.47,0
3833,15589064,Dubois,623,Spain,Male,31,5,148830.3,1,1,1,99623.09,0
3834,15213616,Weber,799,France,Male,28,4,0.0,2,1,0,123612.95,0
3835,15102925,Bernard,696,France,Female,34,0,140367.13,2,1,1,75374.35,0
3836,15300344,Schmidt,646,France,Male,49,5,86086.55,1,1,0,90078.97,0
3837,15711179,Fischer,535,Spain,Male,31,5,0.0,1,1,0,129689.44,0
3838,15151914,Ferreira,850,France,Male,47,5,167828.99,2,1,0,112754.34,0
3839,15721733,Costa,638,Spain,Male,55,1,0.0,1,1,0,69918.26,0
3840,15141197,Fischer,507,Germany,Male,36,3,0.0,2,0,1,58520.99,0
3841,15127035,Thomas,655,Germany,Female,54,3,235806.35,1,0,0,127298.55,1
3842,15836848,Lima,746,France,Male,19,6,0.0,2,1,0,183698.16,0
3843,15026105,Dubois,475,France,Female,56,8,0.0,1,1,1,19648.38,0
3844,15484654,Lima,609,France,Female,57,4,148616.35,1,1,0,27153.77,1
3845,15093370,Bernard,581,France,Female,39,4,0.0,1,0,0,50812.16,0
3846,15089223,Ferreira,692,Germany,Female,39,0,66767.05,2,1,1,139925.6,0
3847,15638944,Bernard,619,Spain,Male,34,0,96036.61,1,1,0,26341.41,0
3848,15572172,Oliveira,817,Germany,Male,51,1,31996.29,2,1,0,180078.51,0
3849,15343198,Martin,831,Germany,Male,59,6,0.0,1,1,0,84161.27,1
3850,15758656,Meyer,712,France,Female,36,2,82740.11,1,1,0,40592.23,1
3851,15755018,Dubois,740,France,Female,50,6,29934.6,2,0,0,139020.67,0
3852,15392934,Weber,765,France,Male,30,4,0.0,1,1,0,195927.71,0
3853,15016414,Alves,567,Germany,Male,36,6,0.0,2,1,0,149808.84,0
3854,15799413,Lima,604,Spain,Female,73,7,91557.67,1,1,0,92725.03,1
3855,15800948,Pereira,562,Germany,Female,20,7,0.0,1,1,0,183041.51,1
3856,15886057,Fischer,595,France,Male,63,4,68538.53,1,1,1,76205.92,0
3857,15688419,Schmidt,727,France,Female,57,6,0.0,1,0,1,44378.65,0
3858,15595945,Thomas,663,Germany,Male,70,5,64370.57,1,1,1,195788.43,1
3859,15776139,Lima,850,France,Male,18,2,0.0,1,0,0,147816.15,0
3860,15675815,Bernard,650,Spain,Female,40,3,165897.47,1,1,0,56268.66,1
3861,15755426,Pereira,611,Spain,Female,30,8,156493.47,2,1,1,127297.01,0
3862,15790594,Meyer,602,Germany,Female,50,6,89120.15,1,1,1,132760.82,0
3863,15881926,Meyer,668,France,Female,46,3,0.0,2,0,0,87512.63,0
3864,15447455,Weber,499,France,Male,19,3,130773.01,1,1,0,144970.92,0
3865,15326199,Fischer,504,France,Male,60,2,111498.07,2,0,1,75841.44,0
3866,15839049,Schmidt,677,France,Male,35,3,216254.37,2,1,0,90630.82,0
3867,15811788,Bernard,709,France,Male,18,8,43505.93,1,1,0,199217.45,0
3868,15368747,Gomes,577,Germany,Female,33,4,15920.46,2,1,0,195943.92,0
3869,15757710,Robert,699,Germany,Male,22,3,66527.92,1,1,0,31263.23,0
3870,15136471,Dubois,499,France,Male,31,2,39215.95,1,0,1,116862.5,0
3871,15038332,Bernard,654,France,Male,37,7,0.0,3,1,0,51310.46,1
3872,15206965,Gomes,503,France,Female,53,8,193908.42,1,1,0,65177.5,1
3873,15257718,Martin,675,France,Male,58,3,0.0,2,1,1,141374.7,0
3874,15869207,Fischer,656,Spain,Male,33,5,133293.54,3,1,1,152293.12,1
3875,15712694,Weber,685,France,Female,42,8,131319.84,2,0,0,72544.15,0
3876,15816499,Martin,583,France,Female,43,4,53876.96,2,1,0,116903.57,0
3877,15551878,Meyer,563,France,Male,39,4,0.0,2,1,1,135522.95,0
3878,15439891,Lima,722,Spain,Female,42,4,0.0,2,0,1,110001.73,0
3879,15735242,Thomas,810,Germany,Male,41,0,77229.87,2,1,0,11985.64,0
3880,15639761,Robert,577,France,Male,45,3,69372.49,2,0,1,31982.35,0
3881,15306066,Santos,650,Germany,Male,48,5,53949.03,2,1,0,29678.51,0
3882,15677013,Alves,835,Germany,Male,46,8,173540.69,2,0,0,84247.11,0
3883,15314670,Costa,690,Spain,Male,34,5,25955.33,2,1,0,93945.22,0
3884,15434095,Pereira,836,France,Female,59,2,72089.97,2,0,1,72710.64,0
3885,15026766,Oliveira,677,Spain,Female,22,4,0.0,1,0,1,119061.63,0
3886,15487091,Weber,612,Spain,Male,55,4,0.0,1,0,1,29642.85,0
3887,15310035,Bernard,711,Spain,Male,33,2,70674.47,2,1,1,198106.1,0
3888,15187371,Alves,722,Germany,Female,21,3,76032.44,1,1,1,87235.55,0
3889,15767105,Gomes,601,Germany,Female,48,4,103508.35,2,1,1,20046.4,0
3890,15061620,Pereira,777,France,Male,31,3,70866.89,2,0,1,151276.37,0
3891,15334697,Gomes,633,Spain,Male,54,3,172295.42,1,1,0,52694.15,1
3892,15189405,Fischer,582,Germany,Male,34,3,159128.21,1,0,0,19926.64,1
3893,15196457,Silva,541,Germany,Female,47,5,141399.16,2,1,0,55891.34,1
3894,15398193,Meyer,582,France,Male,37,5,228668.01,1,1,1,16409.56,0
3895,15220633,Müller,775,Germany,Male,40,4,87440.55,2,1,1,102646.16,0
3896,15729617,Dubois,525,Spain,Male,38,1,0.0,1,0,0,37854.69,0
3897,15604107,Pereira,632,France,Male,42,2,1807.03,2,1,1,175480.59,0
3898,15578369,Martin,608,Spain,Female,42,2,0.0,1,1,0,149195.27,0
3899,15887774,Robert,555,Germany,Male,49,1,65329.86,1,1,1,178582.55,0
3900,15469537,Martin,582,Spain,Female,70,2,0.0,1,1,1,71602.97,1
3901,15498061,Alves,758,France,Female,44,2,19475.25,3,0,0,173217.52,1
3902,15767376,Ferreira,704,France,Male,57,6,0.0,1,0,0,167677.26,1
3903,15955633,Gomes,612,Spain,Male,22,5,0.0,1,0,0,27478.87,0
3904,15111982,Silva,668,France,Male,22,2,15651.31,1,1,1,132412.68,0
3905,15959979,Müller,632,Spain,Male,33,2,191867.08,1,0,1,178510.96,0
3906,15054792,Meyer,783,France,Female,20,2,65094.01,1,0,1,159023.69,0
3907,15934899,Robert,691,Germany,Male,43,3,35713.01,1,1,1,145448.58,0
3908,15242069,Silva,650,France,Female,49,3,0.0,2,1,1,105880.15,0
3909,15977236,Thomas,648,Germany,Male,45,0,0.0,1,0,0,187391.5,0
3910,15810186,Costa,653,France,Female,45,5,85928.29,1,1,0,175453.64,1
3911,15661920,Thomas,624,France,Male,67,7,161031.84,1,1,0,128925.47,1
3912,15226902,Santos,643,France,Female,54,4,58268.31,1,1,0,21616.28,1
3913,15193430,Oliveira,481,France,Male,29,1,0.0,2,1,1,174459.9,0
3914,15907866,Meyer,587,Spain,Male,40,5,129727.94,1,1,1,184189.29,0
3915,15116016,Fischer,638,Spain,Male,40,4,78263.81,1,1,1,25032.47,0
3916,15267524,Thomas,620,France,Male,23,7,245624.12,2,1,1,122669.09,0
3917,15138803,Schmidt,477,Germany,Male,48,3,54364.13,1,1,1,34759.08,0
3918,15512595,Souza,795,France,Male,50,6,0.0,1,1,0,102914.36,0
3919,15241210,Pereira,591,Germany,Male,35,0,240303.65,2,1,0,73868.24,0
3920,15174102,Müller,714,Spain,Female,41,6,56077.7,2,1,1,99736.85,0
3921,15754948,Souza,613,Spain,Female,48,0,74264.53,1,1,1,86308.18,0
3922,15876567,Ferreira,749,France,Female,19,3,18750.07,2,1,1,189892.89,0
3923,15523555,Müller,792,Spain,Female,33,8,171484.48,1,1,1,171000.0,0
3924,15160284,Meyer,850,France,Female,58,5,84473.33,1,0,0,122068.17,1
3925,15810730,Dubois,728,Spain,Male,45,7,200721.26,2,1,0,78283.07,0
3926,15118607,Ferreira,622,France,Female,37,4,0.0,2,0,0,49797.31,0
3927,15681474,Oliveira,720,Germany,Female,39,5,164277.37,2,1,0,71081.91,0
3928,15993623,Müller,487,Germany,Female,31,4,246277.06,1,1,1,15422.67,1
3929,15008112,Schmidt,704,Germany,Male,20,4,25366.46,1,1,0,41627.37,0
3930,15482697,Weber,664,France,Male,55,5,187275.78,2,1,1,28241.67,0
3931,15482709,Costa,489,Spain,Female,18,0,55567.0,1,1,0,129375.02,0
3932,15857039,Souza,599,France,Male,39,2,41061.1,2,1,0,92858.25,0
3933,15606829,Ferreira,792,Germany,Female,24,2,0.0,2,0,1,45853.53,0
3934,15791421,Alves,555,France,Male,58,3,0.0,2,1,1,121465.5,0
3935,15442757,Müller,646,France,Male,28,4,0.0,1,0,1,93424.23,0
3936,15360291,Costa,492,Germany,Female,40,6,102704.94,1,1,0,188346.46,1
3937,15434271,Dubois,662,France,Male,43,2,13539.44,1,1,0,122179.58,0
3938,15875889,Ferreira,599,France,Male,38,5,99409.17,1,1,1,135066.66,0
3939,15595467,Pereira,350,France,Female,37,3,211978.7,1,1,0,133898.73,1
3940,15297125,Fischer,618,France,Male,31,4,52179.36,2,1,0,68639.92,0
3941,15137414,Fischer,723,Spain,Female,57,5,179621.15,2,1,0,177526.28,1
3942,15276715,Costa,552,Spain,Female,61,5,52306.89,2,1,0,129485.67,1
3943,15409075,Pereira,621,France,Female,34,2,0.0,1,1,1,195339.43,0
3944,15510915,Meyer,710,France,Female,25,5,0.0,1,1,1,192360.86,0
3945,15285325,Oliveira,552,France,Female,30,5,0.0,1,0,0,122198.09,0
3946,15150318,Thomas,550,France,Male,44,8,249068.17,1,0,0,25093.74,0
3947,15968366,Alves,590,Germany,Female,49,5,38654.62,2,1,1,144555.97,0
3948,15515266,Schmidt,676,Germany,Female,52,6,0.0,1,1,0,13155.44,1
3949,15262202,Lima,720,France,Male,50,6,0.0,1,1,0,141606.3,0
3950,15336401,Pereira,664,France,Male,51,1,0.0,2,0,0,101033.42,0
3951,15286278,Müller,599,France,Male,60,5,90512.88,1,0,1,115216.21,0
3952,15795395,Silva,722,Spain,Male,55,3,0.0,1,1,1,179785.66,0
3953,15038839,Pereira,691,Spain,Male,35,6,159721.03,1,1,1,142715.63,0
3954,15006961,Lima,634,France,Male,31,4,89912.95,2,1,0,99086.46,0
3955,15697681,Bernard,457,France,Male,47,5,95791.06,2,1,0,168657.62,0
3956,15942405,Lima,728,Spain,Male,42,3,0.0,1,1,1,71496.7,0
3957,15562769,Costa,650,Spain,Female,48,5,150800.78,2,0,1,179963.83,0
3958,15810712,Santos,645,France,Female,37,0,33201.28,2,1,1,31815.0,0
3959,15560014,Silva,777,France,Male,48,6,31535.67,2,1,1,182721.49,0
3960,15559114,Meyer,668,France,Female,35,2,202378.65,3,1,0,126886.53,1
3961,15938390,Thomas,422,Germany,Female,45,2,0.0,1,0,0,173883.14,1
3962,15563723,Schmidt,724,France,Male,35,0,85777.18,1,1,0,135736.13,0
3963,15004383,Dubois,766,France,Male,31,3,75139.86,2,0,1,177406.46,0
3964,15499949,Weber,601,Germany,Female,36,3,209431.15,2,0,0,153668.27,0
3965,15143524,Gomes,741,France,Male,51,2,0.0,2,0,0,18174.32,0
3966,15156365,Gomes,850,Spain,Male,48,2,29966.77,1,0,1,46860.87,0
3967,15612659,Santos,756,France,Male,33,7,0.0,1,1,0,93432.68,0
3968,15416476,Meyer,539,France,Male,20,3,187062.45,2,0,1,180615.78,0
3969,15791898,Bernard,677,Germany,Male,50,6,230270.95,1,1,0,198360.69,1
3970,15345702,Fischer,739,France,Male,40,2,37741.23,1,1,0,40262.29,0
3971,15268718,Dubois,762,Spain,Female,76,6,0.0,1,0,1,190246.67,1
3972,15302269,Martin,627,Germany,Male,47,5,0.0,1,1,1,76078.88,0
3973,15515849,Souza,732,France,Male,37,6,185229.87,2,1,0,52080.79,0
3974,15365242,Dubois,672,Germany,Male,46,4,97677.21,1,1,0,31377.73,1
3975,15770605,Fischer,748,France,Male,31,7,214482.71,1,0,0,29840.36,0
3976,15722319,Alves,611,Spain,Female,51,3,0.0,2,1,1,187625.64,0
3977,15207169,Gomes,716,France,Male,38,5,244416.19,2,1,1,83435.7,0
3978,15522234,Silva,718,Germany,Female,77,5,0.0,1,1,0,191291.93,1
3979,15949259,Robert,522,France,Female,43,8,198699.23,2,1,0,106952.92,0
3980,15756289,Fischer,630,France,Female,58,2,118292.51,1,0,1,84891.31,1
3981,15809860,Ferreira,635,Spain,Female,23,2,38225.88,2,1,0,158613.15,0
3982,15943011,Alves,612,Spain,Male,37,4,117645.38,2,1,1,98825.37,0
3983,15993445,Lima,523,France,Female,44,7,28700.7,1,1,0,109480.68,1
3984,15113955,Dubois,811,France,Female,42,0,232489.59,2,0,0,176942.89,0
3985,15596885,Lima,723,Spain,Male,36,3,1466.59,1,1,0,156035.63,0
3986,15879997,Müller,563,Spain,Female,37,3,0.0,2,0,1,160505.59,0
3987,15813373,Bernard,592,France,Female,37,3,90288.68,1,1,0,131799.0,1
3988,15482140,Fischer,847,France,Female,41,0,0.0,2,1,0,42112.61,0
3989,15044180,Schmidt,559,France,Female,38,6,0.0,2,1,1,32811.06,0
3990,15390214,Müller,676,Spain,Female,37,0,68308.03,1,1,1,152555.86,0
3991,15025878,Robert,669,France,Female,34,4,64442.83,1,0,0,151104.25,1
3992,15859407,Souza,767,France,Male,40,1,225894.9,1,1,1,97493.69,0
3993,15647254,Müller,699,Spain,Female,34,6,0.0,2,1,1,79494.71,0
3994,15622413,Martin,550,France,Female,70,6,14277.99,2,0,1,180939.09,0
3995,15976023,Dubois,681,France,Male,21,6,0.0,2,1,1,77013.18,0
3996,15318632,Costa,665,France,Female,53,6,34035.87,2,1,0,60923.13,0
3997,15020653,Thomas,602,France,Male,39,8,194892.4,2,0,1,151307.75,0
3998,15143325,Oliveira,578,France,Male,36,4,220575.76,1,1,1,41380.18,0
3999,15616881,Silva,671,Germany,Female,38,6,39535.06,2,1,1,133631.07,0
4000,15135766,Robert,609,France,Male,42,2,86583.68,1,1,0,162723.22,0
4001,15205353,Lima,667,Germany,Female,43,4,0.0,1,0,1,144569.69,0
4002,15790048,Müller,674,Spain,Female,36,0,105973.9,2,1,1,74500.35,0
4003,15934093,Souza,694,Spain,Male,21,3,164735.64,1,1,1,136993.36,0
4004,15931764,Robert,557,France,Male,51,4,37944.2,1,0,0,93128.19,1
4005,15834452,Costa,621,France,Male,61,7,145076.89,2,1,0,102006.32,1
4006,15431238,Souza,557,France,Male,33,3,210817.01,2,0,1,148251.31,0
4007,15231407,Ferreira,557,France,Female,48,5,55331.51,1,0,1,132687.21,0
4008,15104304,Fischer,724,France,Male,39,6,63975.8,1,1,0,66391.03,0
4009,15450567,Oliveira,688,Germany,Male,40,3,4552.5,2,1,0,57845.1,0
4010,15584637,Robert,790,France,Male,19,2,169035.97,1,1,0,175270.19,0
4011,15978332,Müller,505,France,Male,39,5,108615.7,2,1,1,171550.82,0
4012,15840384,Dubois,617,France,Male,54,3,0.0,1,1,1,87291.99,0
4013,15032184,Silva,603,Germany,Female,23,5,0.0,2,1,1,174548.58,0
4014,15953327,Meyer,811,France,Male,47,2,0.0,1,1,1,103757.87,0
4015,15434701,Oliveira,576,Germany,Female,56,2,155798.17,2,0,1,171701.21,0
4016,15114542,Silva,605,France,Female,37,5,0.0,2,0,1,45881.4,0
4017,15198427,Weber,778,Spain,Male,32,8,0.0,2,1,1,155801.88,0
4018,15233842,Gomes,817,Spain,Female,60,2,145933.37,2,1,0,89112.08,1
4019,15609320,Bernard,436,France,Male,35,5,62377.64,1,1,1,105965.04,0
4020,15745439,Schmidt,685,France,Female,40,4,0.0,2,0,0,115752.19,0
4021,15078750,Santos,551,France,Male,37,6,130923.75,1,1,0,139481.04,0
4022,15776183,Alves,765,France,Female,39,3,24970.51,1,0,1,31533.4,0
4023,15590849,Ferreira,732,Germany,Female,51,8,2311.8,1,1,1,58923.67,1
4024,15031426,Costa,587,Spain,Female,44,1,59730.73,1,0,1,147509.64,0
4025,15563639,Meyer,576,Germany,Male,33,9,0.0,1,1,0,11661.68,0
4026,15819519,Bernard,605,Spain,Female,44,6,0.0,2,0,0,82565.21,0
4027,15030835,Dubois,669,France,Male,61,6,0.0,2,1,0,73295.57,0
4028,15577932,Ferreira,518,France,Female,30,6,142751.25,1,1,0,104886.53,1
4029,15146183,Santos,588,Germany,Female,35,6,0.0,3,1,0,196704.31,1
4030,15297834,Lima,719,France,Female,64,6,208186.1,1,1,0,152766.82,1
4031,15470750,Pereira,609,Germany,Female,79,7,22084.42,2,1,0,192106.07,1
4032,15967224,Robert,658,France,Male,22,4,231848.19,1,0,0,55151.91,0
4033,15948592,Dubois,547,France,Male,20,8,0.0,1,1,1,141075.7,0
4034,15277553,Weber,636,Spain,Female,37,3,70633.33,2,1,1,146467.07,0
4035,15747700,Silva,645,France,Male,19,6,141700.76,2,1,0,193795.07,0
4036,15676362,Schmidt,681,Spain,Male,43,5,43555.89,1,1,0,199321.55,0
4037,15174565,Martin,705,Spain,Female,25,6,0.0,2,1,0,120386.73,0
4038,15763799,Silva,581,Spain,Female,28,6,71959.5,2,0,0,80969.23,0
4039,15962380,Lima,797,Germany,Male,47,0,26234.63,2,1,1,153421.32,0
4040,15479535,Lima,500,Germany,Female,69,6,97440.59,1,0,1,75891.87,1
4041,15863305,Dubois,589,Spain,Female,31,0,39408.53,1,1,1,45429.34,0
4042,15138023,Müller,479,France,Female,38,4,0.0,4,0,1,126508.56,1
4043,15207798,Schmidt,714,France,Male,72,6,74487.71,1,1,0,145563.15,1
4044,15779959,Thomas,615,Germany,Female,49,6,0.0,1,0,1,86810.82,0
4045,15631257,Silva,597,France,Female,39,6,87371.55,1,0,0,199709.59,1
4046,15482073,Silva,614,France,Female,34,5,11812.8,2,1,0,67255.3,0
4047,15582624,Robert,502,France,Female,31,2,199239.25,2,1,0,55574.68,0
4048,15674903,Santos,541,Germany,Female,46,4,0.0,1,1,1,148914.47,0
4049,15691918,Gomes,803,Spain,Male,37,4,206241.82,1,1,0,14368.08,0
4050,15686258,Fischer,707,France,Female,39,3,0.0,1,0,0,110304.8,0
4051,15420597,Müller,692,Spain,Male,23,4,55700.21,1,1,1,83718.01,0
4052,15824928,Alves,749,Germany,Female,39,7,130060.79,1,1,1,29580.92,1
4053,15403910,Bernard,650,Spain,Male,43,4,186799.3,2,0,1,81392.1,0
4054,15978908,Schmidt,652,Germany,Male,19,5,0.0,1,1,1,118045.67,0
4055,15606757,Silva,513,Spain,Female,22,4,113293.19,1,1,1,113480.27,0
4056,15403730,Gomes,535,France,Male,61,5,2364.57,1,1,1,198032.25,0
4057,15900626,Lima,754,Spain,Male,44,1,0.0,2,0,1,52220.47,0
4058,15912156,Costa,521,France,Male,24,8,0.0,1,1,1,161775.33,0
4059,15729568,Pereira,555,Spain,Female,49,4,0.0,1,0,0,174757.97,0
4060,15811410,Costa,524,Spain,Male,20,6,0.0,1,1,1,26532.36,0
4061,15173132,Alves,649,France,Male,49,5,44855.45,1,1,1,14388.49,0
4062,15633256,Schmidt,637,France,Male,45,6,172805.95,2,0,1,37538.32,0
4063,15833682,Pereira,629,Spain,Male,45,0,100911.68,2,1,1,25627.77,0
4064,15370724,Bernard,401,France,Male,44,8,80776.26,1,1,0,183871.61,0
4065,15554107,Weber,637,Spain,Male,23,6,0.0,2,1,1,26009.9,0
4066,15110120,Oliveira,687,France,Male,50,6,0.0,2,1,0,104668.11,0
4067,15933633,Müller,692,France,Male,26,4,0.0,2,1,0,198789.38,0
4068,15146398,Meyer,555,Spain,Female,37,6,126384.22,2,0,1,83983.28,0
4069,15919988,Gomes,764,Germany,Male,79,5,55672.98,1,1,0,62764.22,1
4070,15632356,Martin,670,Spain,Female,46,4,0.0,2,1,1,182429.43,0
4071,15462074,Fischer,623,France,Male,64,6,150757.8,2,0,1,102636.11,0
4072,15468552,Alves,747,Germany,Female,28,5,84637.72,2,1,1,153544.56,0
4073,15843789,Thomas,604,Germany,Female,47,1,221701.32,2,0,0,95537.47,1
4074,15154832,Gomes,737,Germany,Male,25,3,206313.79,2,1,1,103604.52,0
4075,15870529,Silva,631,Germany,Female,48,5,0.0,1,1,1,175600.57,0
4076,15414461,Ferreira,507,Germany,Male,23,7,98414.24,1,1,1,182252.14,0
4077,15747373,Santos,639,France,Male,21,8,186368.92,1,1,0,55733.45,0
4078,15384690,Fischer,775,France,Female,39,6,101971.2,1,1,1,118148.72,0
4079,15885721,Oliveira,581,Spain,Female,44,2,0.0,2,1,1,191350.06,0
4080,15479547,Müller,644,France,Male,25,4,74641.17,1,1,1,187314.98,0
4081,15718099,Müller,639,Germany,Female,53,4,21116.85,1,0,1,179378.02,1
4082,15021060,Souza,552,France,Male,23,4,0.0,1,1,1,178320.3,0
4083,15128355,Dubois,557,Germany,Male,19,0,0.0,2,1,0,190429.7,0
4084,15547013,Pereira,646,Germany,Female,39,2,21039.02,1,0,1,177157.39,0
4085,15460048,Costa,670,France,Female,77,2,0.0,1,1,1,121539.25,1
4086,15480372,Costa,572,France,Male,30,5,0.0,2,1,0,181341.41,0
4087,15692722,Silva,820,France,Male,25,4,143262.1,2,1,1,103700.98,0
4088,15160467,Oliveira,680,Germany,Female,47,3,0.0,1,1,1,32737.97,0
4089,15064932,Thomas,548,Spain,Female,39,4,7514.9,2,1,1,75700.44,0
4090,15002365,Bernard,749,France,Male,44,3,162364.97,1,1,0,60197.67,0
4091,15851930,Ferreira,730,Germany,Male,34,6,72637.64,2,1,0,32985.65,0
4092,15210911,Dubois,835,France,Female,33,2,160764.07,1,1,1,132325.68,0
4093,15241801,Souza,647,France,Female,36,1,67797.88,1,1,1,48546.65,0
4094,15604970,Alves,634,Spain,Male,33,5,0.0,1,1,1,46565.25,0
4095,15802771,Weber,705,France,Male,52,2,0.0,1,1,1,68897.51,0
4096,15784569,Ferreira,676,France,Male,42,5,176062.38,2,1,1,57315.68,0
4097,15545472,Dubois,619,France,Male,48,1,33225.86,2,1,1,115337.87,0
4098,15966272,Schmidt,610,France,Male,52,2,58838.08,2,0,0,14519.04,0
4099,15275078,Oliveira,619,France,Male,39,2,239935.46,2,0,0,94832.67,0
4100,15124125,Lima,669,France,Male,36,3,0.0,1,1,1,135679.76,0
4101,15086375,Oliveira,630,Germany,Male,47,3,213524.59,2,0,1,46965.83,0
4102,15680082,Müller,452,France,Male,50,4,0.0,2,1,1,39821.18,0
4103,15324768,Meyer,682,Germany,Female,25,4,225821.61,2,1,1,182247.92,0
4104,15013325,Oliveira,775,France,Female,47,5,0.0,2,1,0,166089.32,0
4105,15434648,Santos,577,France,Male,32,3,130805.17,1,1,0,59729.09,0
4106,15473392,Lima,654,Germany,Female,48,4,0.0,1,1,1,168890.38,0
4107,15815276,Robert,619,Spain,Male,56,9,88521.48,2,1,0,178546.26,0
4108,15248022,Oliveira,692,France,Female,47,2,6359.98,1,1,1,33179.59,0
4109,15408888,Weber,736,Spain,Male,20,2,121682.43,1,1,0,153329.64,0
4110,15486424,Lima,756,Germany,Female,41,6,83398.39,2,1,1,110197.06,0
4111,15405028,Bernard,596,Germany,Male,44,4,88746.13,1,1,0,148602.93,1
4112,15790279,Dubois,685,France,Male,34,6,0.0,1,1,0,145731.6,0
4113,15461852,Schmidt,826,France,Female,35,4,221755.97,1,1,0,98718.6,1
4114,15074202,Pereira,601,France,Male,71,0,0.0,2,1,0,14634.47,0
4115,15359366,Bernard,646,Germany,Female,31,3,0.0,2,1,1,137107.67,0
4116,15127908,Gomes,628,France,Female,38,5,0.0,1,1,1,123113.54,0
4117,15867273,Dubois,750,Spain,Female,39,4,0.0,1,1,0,103441.79,0
4118,15092979,Pereira,591,France,Female,45,4,0.0,1,0,1,141885.98,0
4119,15732076,Silva,850,France,Male,73,9,64954.04,2,0,0,117993.04,0
4120,15467880,Gomes,728,Germany,Female,43,4,0.0,1,1,1,77855.21,0
4121,15219769,Pereira,646,France,Male,40,5,90139.65,2,0,1,161237.39,0
4122,15555983,Oliveira,816,Germany,Female,46,6,0.0,2,1,0,151098.23,0
4123,15767181,Weber,511,Germany,Male,47,0,81284.94,1,1,0,121530.61,1
4124,15545957,Ferreira,534,Spain,Female,50,4,84427.53,2,1,1,108772.39,0
4125,15670458,Meyer,626,Spain,Male,26,8,0.0,1,1,1,133175.18,0
4126,15257725,Bernard,644,Germany,Male,47,6,54054.71,3,0,1,126849.04,1
4127,15066324,Ferreira,632,Germany,Male,35,3,0.0,2,0,1,50593.23,0
4128,15314142,Oliveira,726,Spain,Female,23,3,0.0,2,0,1,42159.43,0
4129,15537348,Souza,569,France,Male,41,3,76607.6,2,1,0,59519.25,0
4130,15558729,Oliveira,713,France,Female,67,5,221916.41,1,1,1,79423.24,1
4131,15222707,Weber,664,France,Female,35,1,0.0,1,1,1,173443.74,0
4132,15083052,Schmidt,739,France,Female,75,3,230187.87,2,1,0,32414.55,1
4133,15507681,Oliveira,702,Germany,Female,29,4,94723.5,1,1,1,137831.18,0
4134,15742766,Weber,562,Germany,Male,44,4,192868.93,1,1,0,33100.44,1
4135,15084618,Pereira,769,Germany,Male,28,5,91756.98,2,1,1,81988.05,0
4136,15810381,Alves,656,France,Female,40,6,139174.76,4,1,1,86465.86,1
4137,15043868,Bernard,581,Germany,Female,46,2,0.0,2,1,0,146597.2,0
4138,15563637,Weber,781,France,Female,42,2,155131.21,2,0,1,179472.04,0
4139,15394104,Fischer,489,Germany,Male,51,7,206681.78,1,0,0,132012.99,1
4140,15308615,Souza,480,Germany,Male,43,6,0.0,2,1,0,181902.56,0
4141,15029809,Robert,663,France,Female,41,6,0.0,2,1,0,82791.84,0
4142,15799852,Martin,609,France,Male,53,2,66197.92,1,0,1,153998.15,0
4143,15092991,Gomes,805,France,Male,38,1,177633.63,1,1,0,119713.59,0
4144,15929866,Santos,686,Spain,Male,33,4,0.0,2,0,0,155171.15,0
4145,15566667,Gomes,612,Spain,Male,21,7,0.0,2,1,0,139699.45,0
4146,15029120,Alves,635,Germany,Male,32,2,123105.83,2,1,0,77629.72,0
4147,15006508,Pereira,779,France,Male,44,7,33142.01,1,1,1,114668.65,0
4148,15525016,Müller,670,France,Female,24,2,192280.55,1,0,1,195809.67,0
4149,15270213,Weber,692,Germany,Female,27,3,0.0,2,1,0,134337.55,0
4150,15986444,Souza,697,Spain,Female,19,3,191603.32,2,1,0,141494.47,0
4151,15136409,Santos,816,France,Male,44,2,0.0,2,1,0,54046.06,0
4152,15441899,Müller,692,France,Male,40,7,23933.85,1,1,1,116572.91,0
4153,15873003,Silva,630,Germany,Female,23,4,246292.33,1,1,0,60701.92,1
4154,15193052,Müller,625,France,Female,46,2,0.0,1,1,1,153678.25,0
4155,15473331,Müller,642,France,Male,42,2,60373.09,1,0,1,150137.3,0
4156,15311386,Weber,689,France,Male,32,4,112553.29,1,1,1,159913.04,0
4157,15956089,Dubois,576,Germany,Male,49,0,55892.54,2,1,1,11992.3,0
4158,15124015,Alves,633,Spain,Male,22,2,23562.98,1,1,0,140065.29,0
4159,15212123,Thomas,849,Spain,Male,70,0,131886.22,2,1,0,45111.68,1
4160,15295250,Meyer,585,Germany,Female,36,0,25641.74,2,1,0,13898.55,0
4161,15634523,Müller,576,Germany,Female,70,9,60369.55,1,1,0,164719.57,1
4162,15749506,Pereira,787,France,Female,73,4,0.0,2,1,1,176786.51,0
4163,15257027,Pereira,644,Germany,Male,55,6,0.0,1,1,1,172848.79,0
4164,15344214,Thomas,709,France,Female,19,6,0.0,1,1,1,12320.17,0
4165,15006096,Dubois,850,Germany,Male,42,7,12709.5,2,0,1,17044.75,0
4166,15437498,Pereira,632,France,Male,24,1,136645.81,1,1,0,152159.83,0
4167,15298340,Ferreira,685,France,Female,60,4,0.0,2,1,0,178607.51,0
4168,15940532,Martin,570,France,Male,52,3,0.0,1,0,0,23910.83,1
4169,15432344,Fischer,624,France,Female,72,4,0.0,2,1,0,147660.44,1
4170,15735396,Alves,642,France,Female,44,3,156966.82,2,0,1,121841.83,0
4171,15430651,Santos,460,France,Male,49,2,63463.21,2,1,0,90466.66,0
4172,15141955,Robert,753,Spain,Female,41,5,20360.42,1,0,0,147546.69,1
4173,15073579,Pereira,708,France,Male,39,0,0.0,1,0,0,171807.89,0
4174,15678201,Santos,678,Germany,Male,36,7,151860.28,1,0,1,157098.91,0
4175,15774697,Silva,710,Spain,Male,46,2,141815.15,2,1,0,124835.21,0
4176,15157447,Schmidt,465,Spain,Male,69,5,0.0,1,1,1,42393.08,0
4177,15520265,Schmidt,719,Germany,Female,42,6,0.0,1,0,1,29794.65,0
4178,15999636,Oliveira,523,Spain,Male,58,1,0.0,1,0,0,75192.02,0
4179,15556758,Thomas,586,France,Female,60,7,0.0,1,1,1,76848.55,0
4180,15782511,Robert,714,France,Female,44,3,197269.03,2,1,1,98269.32,0
4181,15869164,Schmidt,521,France,Female,39,9,0.0,1,1,0,70073.67,0
4182,15323691,Alves,671,Germany,Female,42,1,107325.56,2,1,1,96452.96,0
4183,15816254,Silva,850,Germany,Male,37,6,75354.33,1,1,1,199131.67,0
4184,15531000,Pereira,619,France,Female,28,2,21792.99,1,1,1,86004.09,0
4185,15664618,Gomes,735,France,Male,32,4,0.0,1,1,1,77344.05,0
4186,15069472,Alves,451,Germany,Female,76,4,0.0,1,1,0,99958.52,1
4187,15581721,Bernard,800,France,Male,29,4,0.0,1,1,0,146096.48,0
4188,15259594,Souza,630,Germany,Male,50,3,0.0,1,1,1,175317.6,0
4189,15151969,Alves,607,Germany,Female,54,6,0.0,1,1,1,80862.96,1
4190,15390603,Weber,592,Germany,Male,49,6,0.0,2,1,0,154543.41,0
4191,15263068,Pereira,458,Spain,Female,49,3,103447.07,1,0,1,19900.9,0
4192,15615249,Ferreira,663,Spain,Female,44,4,0.0,2,1,1,123055.1,0
4193,15345282,Silva,501,France,Male,32,4,0.0,1,0,0,170986.07,0
4194,15125274,Oliveira,492,Germany,Male,20,5,36451.13,2,1,0,45649.49,0
4195,15308738,Oliveira,564,Germany,Female,71,2,50223.92,2,1,0,124961.28,1
4196,15130925,Schmidt,691,France,Female,32,6,0.0,1,1,0,192648.5,0
4197,15926238,Schmidt,493,France,Female,44,6,57243.23,1,1,1,38149.73,0
4198,15390463,Santos,554,France,Male,41,5,0.0,1,0,0,174903.32,0
4199,15418161,Robert,784,France,Male,23,6,68396.85,2,1,0,149713.11,0
4200,15252465,Lima,641,Germany,Male,69,9,213454.72,2,1,1,72015.26,0
4201,15020019,Meyer,737,Spain,Male,56,7,0.0,2,1,1,165781.11,0
4202,15799954,Robert,653,France,Male,28,5,240232.96,1,0,1,144641.07,0
4203,15689351,Müller,717,France,Male,69,4,72675.17,1,0,0,147681.35,1
4204,15543385,Thomas,688,Spain,Male,42,4,115540.28,2,0,0,172539.7,0
4205,15541197,Oliveira,699,France,Male,33,4,0.0,1,0,0,71752.49,0
4206,15198616,Pereira,772,France,Male,50,4,230262.57,3,1,0,182695.17,1
4207,15443458,Santos,525,Germany,Male,20,6,21518.36,2,0,1,51325.41,0
4208,15413764,Bernard,730,Germany,Male,43,9,0.0,1,1,0,65086.95,0
4209,15863822,Thomas,679,France,Male,28,0,177661.1,2,1,1,82519.68,0
4210,15226419,Costa,520,France,Female,50,2,93539.1,2,0,0,142569.05,0
4211,15274368,Pereira,630,France,Female,44,2,162468.18,1,0,1,25659.74,0
4212,15671148,Meyer,617,Germany,Male,51,6,0.0,1,1,0,59027.37,1
4213,15983332,Thomas,569,Germany,Female,41,4,87673.18,1,1,0,91934.19,1
4214,15919158,Oliveira,671,France,Male,39,4,182018.03,1,1,1,78172.32,0
4215,15042375,Gomes,707,Germany,Female,59,4,147203.36,2,1,1,190723.01,0
4216,15719596,Schmidt,850,Spain,Female,49,6,123806.49,2,1,1,41582.35,0
4217,15132056,Meyer,649,France,Female,45,4,177700.82,1,0,0,22384.32,1
4218,15015445,Souza,536,France,Female,28,5,141660.8,2,1,0,93117.47,0
4219,15497465,Schmidt,704,Germany,Female,51,0,25767.26,4,1,1,36945.89,1
4220,15777120,Silva,820,France,Male,51,5,0.0,1,1,1,107843.49,0
4221,15948435,Lima,515,France,Male,52,2,183927.04,2,0,0,21285.42,0
4222,15237009,Ferreira,573,Germany,Male,67,6,211477.4,2,0,1,185387.66,0
4223,15243459,Santos,552,Spain,Female,32,6,0.0,2,0,0,67690.09,0
4224,15798052,Costa,417,Spain,Male,59,2,111620.84,2,0,1,72861.47,0
4225,15733472,Dubois,708,Germany,Male,48,1,35183.68,2,1,1,101970.49,0
4226,15330098,Thomas,573,Germany,Male,25,3,0.0,1,1,0,59389.14,0
4227,15734972,Martin,644,France,Male,44,2,96174.78,1,1,0,60899.56,0
4228,15767388,Dubois,736,Germany,Female,48,6,0.0,1,1,1,174230.64,0
4229,15686109,Lima,533,France,Female,39,9,219367.16,1,1,1,177796.8,0
4230,15974617,Souza,585,France,Female,29,5,176904.78,1,1,1,22273.2,0
4231,15205635,Silva,576,Germany,Female,31,2,191798.83,2,0,1,50844.47,0
4232,15784356,Ferreira,428,Germany,Male,38,5,0.0,2,1,1,109688.53,0
4233,15173213,Oliveira,594,France,Female,20,6,0.0,1,1,0,199026.4,0
4234,15920355,Martin,472,Spain,Male,36,8,95084.66,2,0,0,190577.76,0
4235,15187432,Müller,669,France,Male,34,0,210868.44,1,1,0,151566.91,0
4236,15456445,Santos,713,France,Male,78,4,0.0,1,0,0,97132.84,1
4237,15570051,Souza,503,France,Male,58,4,77168.94,2,1,1,177884.35,0
4238,15483043,Santos,813,Spain,Female,31,4,71269.85,1,1,0,117315.18,0
4239,15257367,Lima,757,Germany,Male,79,4,0.0,1,1,0,35435.2,1
4240,15547300,Alves,640,France,Female,42,4,0.0,2,0,0,71911.4,0
4241,15899219,Meyer,538,Germany,Male,35,3,192188.78,2,1,0,182570.34,0
4242,15217450,Ferreira,633,France,Male,38,2,45191.88,2,1,0,195760.76,0
4243,15451284,Pereira,832,Spain,Male,33,4,0.0,3,1,1,173742.29,1
4244,15882247,Gomes,686,France,Female,36,6,0.0,2,1,0,70605.22,0
4245,15813212,Silva,545,France,Male,31,1,0.0,1,1,0,175860.59,0
4246,15326413,Thomas,567,Spain,Female,43,6,0.0,1,1,0,19331.77,0
4247,15887770,Ferreira,515,France,Female,45,3,68104.73,1,1,1,156470.47,0
4248,15960464,Meyer,487,France,Male,43,3,95119.49,1,0,0,188988.1,0
4249,15844559,Souza,698,Germany,Female,33,9,0.0,2,0,1,61639.7,0
4250,15728866,Oliveira,537,Spain,Male,43,5,163660.39,2,1,0,14307.93,0
4251,15298717,Bernard,707,France,Female,42,6,35351.25,1,1,1,163956.24,0
4252,15093059,Bernard,782,France,Male,64,5,198496.5,3,1,0,69669.41,1
4253,15645852,Costa,850,France,Male,35,3,140022.68,1,1,0,40721.94,0
4254,15484719,Alves,662,Germany,Male,57,5,0.0,2,1,1,34645.33,0
4255,15641664,Müller,350,France,Male,54,4,33203.63,1,0,1,19089.99,0
4256,15507972,Costa,762,Germany,Male,45,6,0.0,1,1,0,189643.5,0
4257,15168858,Pereira,654,Spain,Female,42,5,238394.61,1,1,1,141566.73,0
4258,15512944,Lima,603,France,Male,30,6,0.0,2,1,0,89026.86,0
4259,15732479,Santos,658,France,Female,65,6,59619.42,1,1,1,147010.83,1
4260,15460356,Gomes,571,France,Female,18,6,22487.63,2,0,1,145122.73,0
4261,15041496,Costa,767,France,Female,41,4,0.0,2,1,1,166045.72,0
4262,15229688,Costa,648,Spain,Male,39,3,0.0,1,1,1,61812.48,0
4263,15006214,Schmidt,705,France,Male,36,6,65499.45,2,0,0,162634.16,0
4264,15634676,Thomas,639,France,Male,42,2,189448.03,1,1,0,34585.03,0
4265,15427020,Souza,714,Germany,Male,53,3,213787.17,1,1,0,61805.9,1
4266,15040398,Oliveira,644,France,Female,32,2,206143.19,2,0,1,184369.91,0
4267,15952139,Martin,578,Germany,Male,63,0,92304.73,1,0,1,70279.71,1
4268,15212550,Schmidt,727,France,Female,43,5,25236.2,2,1,1,183531.97,0
4269,15033698,Lima,828,Spain,Male,29,7,78295.12,1,1,0,110814.11,0
4270,15442598,Weber,647,Spain,Female,35,2,213790.25,1,1,1,76871.67,0
4271,15706422,Fischer,843,Germany,Male,48,6,0.0,3,1,1,94240.03,1
4272,15510954,Müller,793,Spain,Female,27,3,0.0,1,1,0,17964.2,0
4273,15008953,Müller,675,France,Female,42,5,0.0,2,0,0,73719.92,0
4274,15007661,Gomes,806,France,Female,20,6,5685.56,2,1,1,32870.77,0
4275,15841167,Weber,572,Germany,Female,32,5,0.0,1,1,1,171090.16,0
4276,15242215,Ferreira,849,Germany,Female,48,2,15656.2,1,1,0,176665.96,1
4277,15805197,Bernard,586,France,Female,40,2,222608.77,1,1,1,161862.03,0
4278,15900810,Fischer,350,France,Male,25,7,0.0,2,1,1,18538.0,0
4279,15629617,Bernard,659,France,Male,34,1,0.0,2,1,0,28245.0,0
4280,15918651,Pereira,701,France,Male,33,2,0.0,1,1,1,88298.76,0
4281,15180842,Bernard,665,France,Male,30,4,0.0,2,1,1,92716.51,0
4282,15734782,Meyer,606,Germany,Male,41,6,35087.75,2,1,0,193644.26,0
4283,15208581,Santos,620,France,Male,44,5,72423.38,2,1,0,148335.16,0
4284,15928896,Gomes,529,France,Male,29,5,9974.21,1,0,1,113129.85,0
4285,15326451,Lima,581,Germany,Female,32,5,83009.16,2,1,0,118066.77,0
4286,15848092,Oliveira,781,Germany,Male,38,6,0.0,2,0,0,140920.52,0
4287,15514413,Robert,763,Spain,Female,36,2,0.0,2,0,0,138012.58,0
4288,15360143,Gomes,668,Germany,Male,49,0,16063.0,2,1,1,197326.51,0
4289,15329369,Santos,570,France,Male,37,2,24527.41,2,1,1,197046.44,0
4290,15148644,Müller,596,Spain,Female,40,2,0.0,2,1,1,179919.44,0
4291,15467844,Ferreira,668,Germany,Male,56,0,0.0,3,1,0,146366.88,1
4292,15068857,Lima,610,France,Female,29,6,0.0,2,1,0,116465.63,0
4293,15412860,Thomas,676,Germany,Female,50,7,0.0,1,1,0,31067.09,1
4294,15249106,Fischer,704,Spain,Female,42,5,0.0,1,1,1,198983.38,0
4295,15656096,Dubois,702,France,Male,39,2,0.0,1,1,0,163171.4,0
4296,15443079,Meyer,633,France,Male,45,5,11493.98,1,0,0,156508.09,0
4297,15350224,Robert,482,France,Male,45,4,92471.94,1,0,1,118269.94,0
4298,15071785,Fischer,682,France,Female,41,6,0.0,3,1,0,34172.65,1
4299,15842054,Bernard,623,France,Male,47,8,49583.12,2,1,1,33362.31,0
4300,15859702,Robert,555,Germany,Male,56,6,131581.23,1,1,0,112355.4,1
4301,15088708,Bernard,640,France,Female,79,4,142168.15,1,1,1,98567.55,1
4302,15842883,Lima,773,Spain,Male,42,4,0.0,1,1,0,143023.08,0
4303,15240250,Santos,620,Spain,Female,55,6,66024.63,1,1,1,174333.58,0
4304,15899892,Alves,620,Germany,Female,27,2,94791.14,2,1,0,14777.19,0
4305,15549191,Thomas,647,Spain,Male,42,2,0.0,2,1,0,122386.01,0
4306,15527366,Martin,535,France,Male,39,3,0.0,2,1,1,96779.41,0
4307,15792165,Pereira,714,France,Female,24,6,63632.28,1,1,1,47512.39,0
4308,15168240,Martin,773,Germany,Female,44,1,103519.88,1,0,0,67816.86,1
4309,15092515,Bernard,607,Spain,Female,47,3,59275.14,2,1,1,187471.22,0
4310,15190492,Thomas,642,Spain,Female,31,3,62054.55,2,1,0,150094.25,0
4311,15196008,Gomes,522,France,Female,45,4,55401.64,2,1,0,182876.91,0
4312,15656009,Bernard,562,Spain,Female,46,4,80848.55,1,0,1,75075.7,0
4313,15377154,Gomes,594,France,Male,38,6,140919.42,1,1,1,64343.39,0
4314,15426919,Müller,512,Spain,Female,32,5,64194.48,1,1,1,60488.32,0
4315,15760529,Lima,760,Spain,Male,35,7,0.0,2,0,0,110154.84,0
4316,15007874,Dubois,734,France,Male,35,2,95452.74,2,1,1,134140.43,0
4317,15826076,Gomes,694,Germany,Female,45,4,54542.8,1,0,1,151206.76,0
4318,15644848,Robert,529,France,Female,30,3,0.0,2,0,1,37705.89,0
4319,15183590,Silva,538,France,Male,21,2,10523.96,1,1,0,58829.14,0
4320,15316722,Robert,574,Germany,Female,49,2,192037.42,1,1,0,78956.66,1
4321,15121730,Meyer,619,Germany,Female,45,3,76553.89,1,0,0,17382.42,1
4322,15963733,Ferreira,756,Spain,Female,39,6,0.0,2,1,0,146821.38,0
4323,15749330,Costa,804,Germany,Male,25,2,0.0,2,1,0,39887.68,0
4324,15590742,Santos,687,France,Male,32,3,54272.11,2,1,1,86115.39,0
4325,15596147,Oliveira,565,Spain,Male,54,5,42553.01,1,1,0,192700.46,1
4326,15669267,Souza,774,Spain,Male,58,5,152851.45,2,1,0,139621.72,0
4327,15245768,Silva,556,France,Female,43,1,0.0,1,1,0,125815.32,1
4328,15208686,Schmidt,562,Spain,Female,24,8,0.0,2,1,1,24382.86,0
4329,15468068,Oliveira,607,France,Female,48,2,15718.93,1,0,1,24940.86,0
4330,15613561,Thomas,729,Spain,Female,35,1,4109.96,1,0,1,132480.79,0
4331,15828876,Oliveira,673,France,Female,32,3,204111.72,2,1,0,71057.15,0
4332,15549033,Pereira,712,France,Female,33,0,0.0,1,1,1,67620.09,0
4333,15567409,Oliveira,391,France,Female,56,0,0.0,2,0,0,74977.87,0
4334,15721807,Oliveira,646,Germany,Female,43,5,84686.03,1,1,1,132967.77,0
4335,15721950,Costa,582,France,Female,47,7,98100.54,2,1,0,40429.95,0
4336,15059892,Meyer,757,France,Male,43,4,131468.75,2,1,0,190011.86,0
4337,15714421,Meyer,768,Germany,Male,34,3,0.0,2,1,1,191914.8,0
4338,15418639,Ferreira,759,Spain,Male,38,7,0.0,1,1,0,143357.7,0
4339,15799530,Costa,712,France,Female,48,1,153930.44,2,1,1,192210.4,0
4340,15060894,Meyer,471,France,Male,47,4,103662.28,1,1,1,80008.15,0
4341,15534094,Müller,744,France,Female,55,2,153139.57,1,1,0,46505.25,1
4342,15151180,Gomes,789,France,Female,36,3,0.0,1,0,1,45963.07,0
4343,15210643,Silva,529,Spain,Female,58,4,78393.45,2,1,0,112534.14,0
4344,15798433,Bernard,559,Spain,Male,37,4,141704.0,1,1,1,46857.21,0
4345,15194994,Martin,618,Germany,Male,48,4,219022.73,2,1,0,46292.34,0
4346,15464101,Fischer,636,France,Female,35,9,0.0,2,1,0,175013.08,0
4347,15313835,Müller,786,Spain,Female,79,0,0.0,1,0,1,78500.16,1
4348,15965785,Lima,735,Germany,Female,30,6,161046.99,2,1,1,145241.17,0
4349,15711859,Oliveira,718,Spain,Female,50,0,74748.06,1,1,1,185675.16,0
4350,15564543,Ferreira,743,Germany,Female,43,4,99356.54,1,1,1,64536.23,0
4351,15421176,Robert,634,Spain,Female,20,2,36064.81,2,0,0,99797.5,0
4352,15904291,Robert,463,Germany,Male,19,8,242622.38,2,1,0,137420.0,0
4353,15425112,Meyer,734,France,Female,53,6,0.0,1,1,0,48041.59,1
4354,15388386,Pereira,681,Spain,Female,24,4,0.0,2,1,0,124550.45,0
4355,15927700,Silva,739,Germany,Female,31,8,70830.59,1,1,1,196850.68,0
4356,15294301,Lima,782,Germany,Female,79,6,202474.2,1,1,1,194897.4,1
4357,15037536,Souza,455,France,Male,46,8,198464.5,1,0,0,134931.38,1
4358,15670100,Souza,693,Germany,Female,32,5,0.0,2,1,1,87363.0,0
4359,15794559,Oliveira,610,Germany,Male,45,1,0.0,1,0,1,53286.99,0
4360,15179941,Silva,826,France,Male,45,5,0.0,2,1,0,171517.1,0
4361,15877910,Gomes,654,France,Male,58,8,0.0,1,1,0,137153.37,1
4362,15374224,Meyer,644,Germany,Male,50,2,1392.78,2,1,1,163380.82,0
4363,15281012,Ferreira,642,Spain,Male,54,6,0.0,1,1,0,179008.23,0
4364,15624380,Lima,850,Germany,Male,35,2,0.0,1,1,1,193799.23,0
4365,15733979,Gomes,684,France,Female,50,4,0.0,2,0,1,32991.91,0
4366,15659295,Santos,707,Germany,Male,20,1,0.0,2,1,1,91180.93,0
4367,15970075,Schmidt,796,France,Male,30,3,150344.34,1,1,0,125655.41,0
4368,15951343,Alves,697,France,Male,43,6,219937.37,2,1,0,32898.73,0
4369,15689434,Martin,675,France,Male,25,0,75336.64,1,0,1,31625.97,0
4370,15020587,Fischer,754,France,Male,41,3,22897.38,1,1,0,11986.88,0
4371,15336356,Schmidt,686,France,Male,53,5,0.0,1,0,1,134603.12,0
4372,15341128,Schmidt,729,France,Male,38,8,0.0,1,1,0,128594.96,0
4373,15996177,Oliveira,480,France,Male,27,2,132686.66,2,1,0,94512.37,0
4374,15056597,Meyer,850,France,Male,41,2,9777.07,1,0,0,49713.2,0
4375,15097611,Oliveira,586,Germany,Male,56,2,9681.89,1,1,0,69546.03,1
4376,15042940,Martin,592,France,Male,43,2,12567.99,1,1,1,133006.81,0
4377,15939071,Santos,585,France,Male,44,5,194035.52,2,1,1,94549.21,0
4378,15654286,Gomes,528,Spain,Male,31,9,88223.26,2,1,1,194806.41,0
4379,15916484,Santos,776,France,Female,26,4,187992.0,2,0,0,135873.41,0
4380,15397621,Weber,635,Germany,Female,42,3,0.0,1,0,0,106590.38,1
4381,15559815,Gomes,520,France,Male,31,6,194068.53,2,0,0,18937.05,0
4382,15652329,Martin,586,France,Male,51,2,50786.41,1,0,1,140236.46,0
4383,15613319,Müller,584,Germany,Female,40,0,104398.92,1,1,1,118838.99,1
4384,15025378,Ferreira,779,Germany,Female,50,5,166489.35,1,1,1,130842.72,1
4385,15914247,Weber,528,Spain,Male,50,2,196383.34,2,0,1,85179.25,0
4386,15821626,Alves,613,Germany,Male,56,3,0.0,1,1,1,110556.66,0
4387,15709497,Silva,736,Spain,Male,48,2,93914.51,2,0,0,185465.72,0
4388,15259863,Martin,532,France,Male,66,7,223127.6,2,1,0,52329.88,1
4389,15910092,Schmidt,540,France,Female,65,3,0.0,1,1,0,51199.62,1
4390,15372603,Schmidt,850,France,Female,64,4,213346.73,1,0,1,16624.16,1
4391,15320662,Oliveira,618,France,Female,57,2,152409.38,1,0,0,72751.9,1
4392,15042811,Müller,850,Germany,Male,48,1,29329.1,2,1,0,169707.12,0
4393,15669332,Ferreira,613,Germany,Female,43,4,46665.2,2,0,0,59885.33,0
4394,15728802,Dubois,674,France,Male,22,6,197611.79,2,0,1,170305.7,0
4395,15341090,Müller,850,Spain,Male,38,3,99174.03,2,0,0,117756.46,0
4396,15469503,Gomes,594,Spain,Male,30,6,25628.69,2,1,0,46024.25,0
4397,15439587,Thomas,550,France,Male,30,0,0.0,2,1,0,36020.35,0
4398,15949038,Alves,627,France,Female,35,2,75738.07,1,0,1,140639.33,0
4399,15738122,Alves,722,France,Male,29,2,16154.77,2,1,1,54815.02,0
4400,15159965,Thomas,698,France,Female,57,4,21384.67,2,0,1,186668.85,0
4401,15595777,Silva,692,France,Female,51,7,231913.34,2,0,0,164742.03,1
4402,15811010,Martin,644,Germany,Female,22,3,199846.67,3,0,0,165998.51,1
4403,15821990,Bernard,850,France,Female,32,5,0.0,1,0,0,20779.75,0
4404,15785285,Souza,808,France,Male,54,7,89465.03,1,1,0,57112.26,1
4405,15477882,Oliveira,591,Spain,Male,59,3,218503.74,1,1,0,90916.47,1
4406,15593516,Ferreira,700,Germany,Female,70,3,1396.77,1,1,0,57667.8,1
4407,15051388,Bernard,698,Spain,Female,79,1,0.0,2,1,1,73072.75,0
4408,15478852,Lima,605,France,Male,77,3,0.0,2,0,1,38817.45,0
4409,15928798,Santos,816,France,Male,39,6,6473.2,1,1,1,34630.5,0
4410,15409298,Weber,784,Germany,Female,33,6,160474.09,2,1,1,80701.09,0
4411,15692304,Thomas,709,France,Male,41,6,230143.44,2,1,1,183762.9,0
4412,15182952,Dubois,672,France,Male,39,0,82560.16,2,1,0,177452.92,0
4413,15694428,Costa,621,Germany,Male,53,2,248908.73,1,1,1,112776.15,1
4414,15571233,Oliveira,551,Germany,Female,46,6,0.0,1,0,1,142621.5,0
4415,15193560,Lima,711,France,Male,57,8,13885.82,1,1,1,72932.06,0
4416,15696515,Dubois,595,France,Male,40,5,176322.83,1,0,0,38868.8,0
4417,15266591,Ferreira,713,France,Male,44,2,108811.3,1,1,0,22947.94,0
4418,15764831,Ferreira,552,France,Male,48,1,0.0,2,1,0,96263.99,0
4419,15712169,Gomes,403,France,Male,72,7,62125.78,2,1,0,101194.46,0
4420,15639388,Müller,554,France,Female,35,1,80174.07,1,1,0,92486.78,1
4421,15783828,Robert,433,France,Male,78,2,0.0,2,1,1,113766.61,0
4422,15000353,Souza,830,Spain,Male,55,5,0.0,1,1,0,109730.44,0
4423,15167370,Silva,850,Germany,Male,46,2,0.0,2,1,1,143392.91,0
4424,15802237,Silva,550,Germany,Female,56,2,0.0,1,0,1,172492.48,1
4425,15496712,Costa,499,France,Female,43,2,0.0,2,0,1,175700.55,0
4426,15911314,Oliveira,532,France,Male,33,8,96955.69,2,1,0,68435.21,0
4427,15959919,Alves,627,France,Male,38,2,0.0,2,1,1,130030.44,0
4428,15873187,Bernard,769,France,Female,57,8,0.0,2,1,1,193381.76,0
4429,15475218,Schmidt,541,France,Male,50,3,0.0,1,1,0,116577.38,0
4430,15243612,Pereira,698,Spain,Female,33,6,118171.23,1,0,0,131846.6,1
4431,15788351,Oliveira,643,Germany,Male,49,8,138099.18,2,1,1,166628.01,0
4432,15652267,Ferreira,793,Germany,Male,31,4,54312.97,1,0,1,35957.45,0
4433,15854582,Fischer,735,France,Female,28,6,0.0,2,1,1,44137.94,0
4434,15890356,Oliveira,727,Spain,Male,50,3,0.0,2,1,0,181520.62,0
4435,15386583,Pereira,612,France,Male,35,3,0.0,2,1,0,189565.39,0
4436,15736242,Robert,647,France,Female,30,4,89058.2,3,1,0,57292.69,1
4437,15772405,Souza,682,France,Male,34,6,199118.43,2,0,1,26414.19,0
4438,15230434,Santos,739,Spain,Female,50,5,0.0,2,1,0,162912.0,0
4439,15391611,Schmidt,627,Spain,Male,19,0,0.0,2,1,1,54875.25,0
4440,15291813,Gomes,681,France,Female,32,3,31321.1,1,1,1,137181.47,0
4441,15256310,Costa,679,Spain,Female,33,6,0.0,4,1,0,38595.13,1
4442,15361186,Gomes,662,Spain,Female,29,2,19035.97,1,1,0,83229.97,0
4443,15730937,Lima,550,France,Female,27,3,0.0,2,1,0,103423.76,0
4444,15204812,Silva,826,France,Male,29,3,94070.65,2,1,1,79181.03,0
4445,15229474,Meyer,640,France,Female,34,2,217519.52,2,0,0,128620.93,0
4446,15464730,Schmidt,681,Spain,Female,59,3,0.0,1,1,0,173097.89,1
4447,15981450,Costa,514,France,Male,39,6,0.0,1,1,1,117815.71,0
4448,15972760,Weber,546,Spain,Male,24,6,0.0,1,1,1,115347.82,0
4449,15364121,Silva,648,France,Male,26,5,89028.81,2,1,0,105089.34,0
4450,15160398,Gomes,642,Germany,Male,35,5,183195.58,2,0,1,192469.38,0
4451,15316348,Alves,503,France,Male,52,4,141654.58,2,1,0,15279.8,0
4452,15996109,Meyer,562,Germany,Female,40,0,241906.63,2,1,1,31751.32,0
4453,15611358,Bernard,730,Spain,Male,24,5,0.0,1,1,1,90603.92,0
4454,15974232,Pereira,643,Spain,Male,39,9,0.0,1,0,1,169931.72,0
4455,15426172,Gomes,748,Spain,Female,42,2,0.0,1,0,0,187065.8,0
4456,15923551,Müller,578,France,Female,27,8,78034.84,1,1,0,189914.25,0
4457,15535691,Bernard,539,Germany,Female,49,9,73880.45,1,1,0,56200.74,1
4458,15831368,Santos,514,France,Female,37,2,21884.09,1,1,0,90724.38,1
4459,15537021,Gomes,478,France,Male,28,7,0.0,2,1,1,137467.19,0
4460,15543673,Müller,607,Germany,Male,42,5,70327.5,1,1,1,171210.93,0
4461,15666178,Oliveira,632,France,Male,47,4,92543.34,1,0,1,138092.0,0
4462,15381067,Thomas,583,Germany,Male,41,3,116923.98,2,1,1,181354.48,0
4463,15682683,Meyer,700,Spain,Female,36,5,0.0,2,1,1,51716.37,0
4464,15907860,Dubois,583,France,Female,49,6,115263.2,2,1,1,115354.11,0
4465,15800696,Müller,572,Germany,Male,35,0,72780.56,1,0,1,105215.56,0
4466,15386269,Costa,554,France,Female,50,4,208003.85,1,1,0,173091.45,1
4467,15419041,Müller,694,France,Female,41,5,247473.22,1,1,0,34706.09,1
4468,15413953,Santos,622,France,Male,24,0,0.0,1,1,0,123844.89,0
4469,15215482,Ferreira,665,Spain,Male,46,7,72424.73,2,1,1,138874.41,0
4470,15483961,Lima,780,Spain,Female,49,8,68457.1,2,0,0,41078.76,0
4471,15705478,Lima,850,Spain,Male,36,5,92569.1,1,1,0,155138.68,0
4472,15556133,Weber,402,Spain,Male,56,2,249073.91,2,1,1,126882.4,0
4473,15986786,Meyer,719,France,Female,52,8,0.0,2,1,1,45434.73,0
4474,15301902,Meyer,517,France,Male,25,6,97145.96,2,1,0,182060.5,0
4475,15491963,Costa,638,Germany,Female,53,0,86021.07,1,1,0,171401.97,1
4476,15220497,Martin,512,France,Male,39,5,0.0,1,1,1,20230.26,0
4477,15730306,Silva,494,France,Male,41,2,56200.65,1,0,0,50684.75,0
4478,15569572,Bernard,528,France,Male,53,2,85028.48,1,1,1,83367.92,0
4479,15725696,Oliveira,559,Germany,Female,48,2,207643.25,2,0,0,112330.18,1
4480,15761566,Lima,439,Germany,Female,39,3,215674.75,2,0,0,116433.02,1
4481,15646521,Pereira,568,France,Female,51,7,0.0,2,0,1,38686.55,0
4482,15135105,Silva,568,France,Male,36,0,200533.62,1,1,0,32505.66,0
4483,15845425,Silva,711,Germany,Female,36,5,118695.71,2,1,0,187288.9,0
4484,15620730,Santos,540,Germany,Female,31,8,63410.43,1,1,1,150590.88,0
4485,15166379,Robert,626,France,Female,59,5,176487.49,3,1,0,34776.3,1
4486,15517040,Gomes,364,Germany,Female,75,6,0.0,1,1,1,178960.74,1
4487,15606471,Thomas,662,France,Female,31,7,169552.85,2,1,0,60249.79,0
4488,15206409,Müller,692,France,Male,57,6,243718.91,1,1,1,83915.54,0
4489,15990099,Fischer,638,Spain,Female,34,5,0.0,1,1,1,132518.92,0
4490,15759437,Lima,554,Germany,Female,73,0,0.0,2,1,1,133627.93,0
4491,15003307,Robert,720,France,Male,43,4,52807.57,2,1,0,107571.03,0
4492,15710876,Silva,703,Germany,Male,30,4,0.0,1,1,1,36666.5,0
4493,15635857,Thomas,732,Germany,Female,23,4,179661.87,2,0,1,69477.0,0
4494,15021159,Thomas,675,Spain,Female,19,4,0.0,1,1,0,102247.27,0
4495,15351436,Silva,422,Germany,Male,39,7,0.0,3,1,1,183826.81,1
4496,15302253,Pereira,713,Germany,Female,52,7,205195.91,2,1,1,77896.2,0
4497,15082789,Silva,587,France,Male,40,2,0.0,1,1,1,161942.13,0
4498,15865510,Oliveira,648,France,Female,77,4,214575.31,1,1,0,13347.77,1
4499,15360116,Silva,604,France,Female,46,8,89010.13,1,1,0,71067.19,1
4500,15908406,Thomas,507,France,Female,41,5,5926.78,1,1,1,58955.33,0
4501,15761628,Souza,553,Germany,Male,35,6,241377.82,2,1,1,173608.74,0
4502,15666485,Silva,802,Germany,Male,55,3,97512.49,1,1,1,49778.1,0
4503,15914685,Costa,566,France,Female,42,3,11720.92,1,1,1,180502.98,0
4504,15635019,Robert,834,France,Male,59,3,0.0,1,1,1,110672.05,0
4505,15239826,Thomas,700,France,Female,75,0,131330.98,2,1,0,166583.97,1
4506,15159247,Martin,780,France,Male,27,7,236300.38,2,1,1,77207.4,0
4507,15190577,Santos,557,Germany,Male,23,3,166063.5,2,1,0,70342.53,0
4508,15313200,Müller,648,France,Female,59,3,39300.72,3,1,1,33467.81,1
4509,15423227,Lima,689,Germany,Male,58,6,72778.01,1,1,0,130541.84,1
4510,15084800,Robert,434,Spain,Male,42,4,209221.57,1,1,1,41140.74,0
4511,15887686,Santos,566,France,Male,34,3,43026.76,4,0,1,134282.65,1
4512,15381625,Gomes,788,France,Male,44,7,135729.28,1,1,1,24119.76,0
4513,15219230,Weber,585,France,Female,32,6,237539.33,2,0,1,39086.97,0
4514,15401759,Schmidt,665,Germany,Female,40,8,0.0,1,1,0,192276.62,1
4515,15431464,Lima,559,Germany,Female,50,5,118710.98,2,1,0,150435.56,1
4516,15051023,Robert,713,France,Female,34,5,70528.56,1,1,1,32842.29,0
4517,15176958,Bernard,642,Germany,Male,48,3,16479.06,2,1,1,84869.69,0
4518,15794321,Souza,579,Spain,Male,77,1,186057.5,2,1,0,37337.17,1
4519,15493236,Schmidt,613,France,Male,52,1,106720.51,1,1,1,102527.34,0
4520,15068912,Müller,746,France,Female,62,5,105432.38,2,1,1,188121.89,0
4521,15415526,Dubois,727,Spain,Male,54,2,75669.58,1,1,1,73713.39,0
4522,15332327,Thomas,680,Germany,Male,39,7,0.0,1,0,1,156014.11,0
4523,15072268,Pereira,667,Spain,Male,53,5,0.0,1,0,1,33991.85,0
4524,15706635,Oliveira,823,Germany,Female,60,2,104499.19,1,1,1,76243.87,1
4525,15653735,Meyer,732,Spain,Male,66,3,0.0,2,0,1,66197.67,0
4526,15792835,Martin,626,France,Female,41,5,0.0,3,1,0,46808.08,1
4527,15462436,Martin,691,Germany,Female,40,6,237124.62,2,1,1,65365.86,0
4528,15650448,Lima,492,Spain,Female,23,6,0.0,2,0,0,160242.45,0
4529,15989272,Bernard,603,Germany,Male,28,5,0.0,2,1,1,116208.02,0
4530,15157870,Robert,707,France,Female,67,2,97126.0,2,1,1,153110.62,0
4531,15523763,Weber,791,France,Male,39,6,76612.46,1,1,0,96465.12,0
4532,15942752,Müller,626,France,Male,60,6,35631.01,2,1,1,75588.1,0
4533,15071434,Weber,850,France,Female,32,6,21920.41,1,1,0,163894.15,1
4534,15584293,Meyer,355,France,Male,44,2,0.0,2,1,0,141811.12,0
4535,15806494,Souza,408,Germany,Male,29,5,0.0,1,1,0,103766.13,0
4536,15658416,Dubois,466,Germany,Female,31,8,64162.6,1,0,1,165591.52,0
4537,15700358,Schmidt,756,France,Male,32,3,211459.39,1,1,1,29738.44,0
4538,15672664,Silva,821,Germany,Female,41,6,247465.77,3,1,1,41371.32,1
4539,15389784,Ferreira,665,France,Male,29,3,0.0,1,1,0,144823.08,0
4540,15432198,Santos,650,France,Female,57,3,135365.98,2,1,1,97644.47,0
4541,15300792,Thomas,850,France,Female,39,4,45707.53,2,0,0,183045.24,0
4542,15628073,Martin,671,Germany,Male,60,7,38898.05,1,1,0,146481.54,1
4543,15868744,Souza,608,France,Female,29,0,0.0,2,1,0,12096.13,0
4544,15367350,Silva,693,France,Female,41,9,123747.84,1,1,1,163754.01,0
4545,15583031,Ferreira,688,France,Female,31,6,24367.53,2,1,1,114953.68,0
4546,15657826,Fischer,654,Spain,Female,56,3,0.0,2,1,0,134260.33,0
4547,15446758,Bernard,686,France,Male,31,3,120087.7,1,0,1,192079.15,0
4548,15525449,Ferreira,692,Germany,Male,47,4,123078.62,1,1,0,189795.52,1
4549,15910198,Schmidt,691,Germany,Male,63,7,32769.96,1,1,1,83969.87,1
4550,15176513,Thomas,756,Spain,Male,20,0,413.33,1,1,1,75118.95,0
4551,15495643,Ferreira,717,Spain,Female,22,4,0.0,2,0,1,63963.67,0
4552,15023602,Müller,656,France,Female,56,1,0.0,3,0,1,114758.92,1
4553,15134878,Bernard,536,France,Male,48,2,0.0,1,1,0,109285.24,0
4554,15126515,Souza,666,Spain,Male,36,5,107555.35,1,1,1,155542.14,0
4555,15354827,Ferreira,803,France,Female,50,2,56788.63,1,0,1,120675.97,0
4556,15773050,Souza,612,Germany,Female,22,0,0.0,3,0,0,152246.33,1
4557,15153086,Alves,595,Germany,Male,33,2,231754.12,1,1,0,37248.51,1
4558,15895274,Silva,831,Germany,Male,34,2,54483.15,1,0,1,105118.18,0
4559,15412016,Müller,688,Spain,Male,57,6,157546.43,2,1,1,87407.58,0
4560,15246637,Müller,474,Spain,Female,41,5,0.0,1,0,0,63689.42,1
4561,15690480,Oliveira,485,Germany,Male,49,6,216566.69,1,0,1,160189.21,0
4562,15647143,Souza,399,France,Female,56,3,177328.21,1,0,1,173087.99,1
4563,15323131,Alves,602,Spain,Male,39,2,203056.12,3,1,1,88087.71,1
4564,15876018,Fischer,512,France,Male,47,6,242263.87,1,1,0,138091.88,0
4565,15096694,Costa,580,France,Female,60,2,141172.53,1,0,0,46583.55,1
4566,15529617,Santos,796,Spain,Female,33,3,123432.1,2,0,1,118278.04,0
4567,15214397,Dubois,569,France,Male,32,3,227463.28,1,1,1,84612.76,0
4568,15141285,Robert,627,France,Male,74,3,46672.98,2,1,0,124444.22,0
4569,15650303,Lima,661,France,Male,69,5,0.0,1,1,1,15108.26,0
4570,15381053,Meyer,717,Spain,Female,37,2,0.0,1,0,0,85832.64,0
4571,15293762,Gomes,708,France,Female,28,4,0.0,1,0,0,110279.81,0
4572,15944155,Silva,524,Germany,Male,31,5,243571.56,4,1,1,195000.65,1
4573,15404891,Müller,752,France,Male,37,6,101713.92,2,1,1,196398.4,0
4574,15597010,Müller,675,Spain,Male,31,3,26372.26,3,1,1,106661.25,1
4575,15568159,Gomes,517,Spain,Female,47,3,15953.73,2,1,1,45312.67,0
4576,15131459,Fischer,630,France,Female,53,3,12530.96,2,1,1,68769.46,0
4577,15198229,Gomes,487,France,Male,38,4,98802.98,1,1,1,78600.6,0
4578,15923162,Costa,553,France,Male,53,3,28551.49,2,0,1,54007.61,0
4579,15546400,Thomas,567,Spain,Female,26,2,61529.82,1,1,1,152207.96,0
4580,15414136,Souza,513,Germany,Female,18,3,0.0,1,0,0,21990.8,1
4581,15377900,Pereira,630,Spain,Male,42,6,8790.13,2,1,1,96807.05,0
4582,15234644,Oliveira,689,France,Female,23,2,10722.05,1,0,1,187420.37,0
4583,15269634,Müller,715,Spain,Male,37,6,0.0,1,1,0,157050.15,0
4584,15825459,Dubois,731,Spain,Female,55,3,152633.44,2,1,0,55389.11,1
4585,15182618,Martin,779,Germany,Male,39,5,87179.13,2,1,1,22707.42,0
4586,15335660,Silva,396,Spain,Female,47,8,76389.93,1,1,0,157522.13,1
4587,15664759,Robert,850,France,Male,38,8,0.0,1,1,1,34686.1,0
4588,15421295,Pereira,504,France,Female,20,4,33767.64,2,1,1,12237.09,0
4589,15208693,Weber,350,Germany,Male,46,1,0.0,2,0,1,19396.64,0
4590,15594289,Müller,697,Germany,Female,55,7,144442.75,2,1,0,128035.56,1
4591,15752863,Ferreira,702,Germany,Male,34,2,0.0,1,0,1,35872.03,0
4592,15787139,Pereira,763,France,Male,41,7,0.0,1,1,0,50214.0,0
4593,15100705,Schmidt,764,Germany,Male,54,6,52648.55,2,1,0,19204.87,0
4594,15540356,Gomes,450,France,Male,55,8,58638.6,2,1,0,113608.65,0
4595,15247537,Dubois,692,France,Male,36,5,84343.28,1,1,1,27610.54,0
4596,15231096,Lima,709,Germany,Male,44,9,0.0,1,1,1,55472.45,0
4597,15321304,Santos,714,Germany,Male,45,4,112480.29,2,1,0,101903.54,0
4598,15840423,Ferreira,735,France,Male,50,3,124261.19,1,0,1,15199.56,0
4599,15512029,Bernard,580,France,Female,49,3,132409.51,2,1,1,108505.12,0
4600,15076779,Alves,607,France,Male,30,3,0.0,1,1,1,42534.01,0
4601,15799712,Meyer,685,France,Female,49,3,160484.63,2,1,1,125652.02,0
4602,15769846,Meyer,609,Spain,Female,45,7,0.0,2,0,0,60141.85,0
4603,15752356,Silva,665,Spain,Female,43,5,0.0,1,1,1,165329.05,0
4604,15790008,Ferreira,718,France,Female,60,6,0.0,2,1,1,140386.04,0
4605,15210364,Bernard,763,Germany,Male,54,3,0.0,1,1,0,117318.1,1
4606,15396746,Gomes,541,Spain,Male,36,9,104980.56,1,0,0,131722.98,0
4607,15228167,Thomas,669,Spain,Male,36,3,167738.73,1,1,1,199800.73,0
4608,15523787,Ferreira,685,France,Male,46,2,0.0,2,1,0,87111.09,0
4609,15271661,Bernard,633,Spain,Male,49,6,94780.64,2,0,0,76822.19,0
4610,15073103,Fischer,676,France,Male,69,6,0.0,1,1,1,117258.49,0
4611,15730752,Pereira,779,France,Female,42,3,0.0,1,0,0,25439.98,1
4612,15703593,Dubois,535,France,Male,40,4,53285.97,1,0,0,25055.33,0
4613,15323876,Lima,515,France,Male,47,4,43427.54,2,1,0,126563.78,0
4614,15834659,Müller,645,France,Male,47,3,0.0,2,1,1,148727.09,0
4615,15846430,Dubois,573,France,Male,46,6,0.0,2,0,0,152416.62,0
4616,15395352,Meyer,772,France,Male,43,6,0.0,2,1,1,138630.49,0
4617,15490562,Alves,678,Spain,Female,20,4,44548.44,2,1,1,152686.63,0
4618,15140068,Martin,697,Spain,Female,26,4,35148.81,1,0,1,79399.27,0
4619,15663550,Bernard,632,France,Male,31,2,28726.2,2,1,0,156918.71,0
4620,15367391,Müller,440,Spain,Male,39,5,8745.98,1,1,1,53381.93,0
4621,15390876,Santos,662,Spain,Male,21,7,221446.07,1,1,0,71283.64,0
4622,15259153,Meyer,715,Spain,Female,57,6,154531.08,2,1,1,18340.03,0
4623,15980223,Oliveira,563,France,Female,31,4,47896.14,3,0,1,178431.61,1
4624,15072931,Lima,554,Germany,Male,54,0,163054.87,1,1,0,141486.62,1
4625,15533750,Müller,429,Spain,Male,18,8,0.0,1,0,0,185813.52,0
4626,15326168,Dubois,694,Germany,Male,19,3,0.0,1,0,0,72568.14,0
4627,15951090,Ferreira,720,France,Female,44,3,0.0,1,1,1,177015.83,0
4628,15714699,Gomes,669,France,Female,39,4,0.0,2,1,1,116790.36,0
4629,15048921,Weber,593,Germany,Male,61,4,59032.1,2,1,1,162311.13,0
4630,15806150,Ferreira,630,Germany,Female,28,8,76841.49,3,0,0,109723.53,1
4631,15594656,Müller,507,France,Male,40,2,144238.46,2,0,0,15446.62,0
4632,15990459,Bernard,700,France,Male,51,5,128473.05,1,1,1,104950.9,0
4633,15882005,Bernard,684,Spain,Female,37,1,12578.62,1,1,1,155030.54,0
4634,15455193,Thomas,619,Spain,Male,22,3,0.0,2,1,1,194277.36,0
4635,15907310,Fischer,615,France,Male,34,6,0.0,2,1,1,127319.81,0
4636,15474947,Thomas,564,Spain,Female,49,6,0.0,1,0,1,144713.77,0
4637,15692052,Ferreira,579,France,Female,40,4,0.0,1,0,0,182474.84,0
4638,15148255,Fischer,632,Germany,Female,37,6,129101.11,1,0,0,156857.95,1
4639,15155327,Meyer,787,Germany,Male,56,8,0.0,1,0,1,168943.31,0
4640,15676131,Silva,607,Spain,Male,51,8,99269.22,1,1,1,147532.11,0
4641,15479625,Oliveira,587,Spain,Male,21,3,77435.53,2,0,1,113449.49,0
4642,15300687,Oliveira,707,France,Male,29,3,0.0,1,1,0,144855.49,0
4643,15009007,Fischer,569,Spain,Male,31,6,0.0,1,1,1,37683.31,0
4644,15025910,Souza,742,France,Male,45,5,45464.85,2,1,1,32502.74,0
4645,15484534,Meyer,745,Germany,Male,33,3,186864.53,1,1,0,85122.96,1
4646,15510146,Alves,754,Germany,Female,51,2,68170.87,1,1,1,36106.41,1
4647,15906056,Gomes,625,Germany,Male,47,5,181350.96,2,1,0,88735.89,0
4648,15778119,Alves,608,France,Male,29,4,0.0,1,0,1,182081.08,0
4649,15593939,Schmidt,731,Spain,Male,41,2,3345.88,1,1,1,159396.69,0
4650,15394126,Costa,850,France,Male,21,5,0.0,1,1,1,63741.28,0
4651,15573775,Dubois,431,France,Female,39,5,0.0,1,1,1,186645.06,0
4652,15585700,Dubois,632,Germany,Male,23,3,0.0,1,1,1,24728.47,0
4653,15935964,Robert,662,France,Female,18,6,104880.81,1,1,0,108473.83,1
4654,15534894,Souza,628,Spain,Male,45,1,227650.82,1,1,0,42182.14,0
4655,15569881,Schmidt,574,France,Male,45,4,230066.56,2,1,1,74580.47,0
4656,15819492,Fischer,644,France,Male,24,8,0.0,2,1,1,83160.53,0
4657,15385845,Lima,730,Spain,Male,76,2,59337.68,2,0,0,91988.81,0
4658,15345827,Lima,628,Germany,Male,31,2,0.0,2,1,1,141064.45,0
4659,15199533,Ferreira,591,France,Female,29,3,132315.61,1,1,1,136228.99,0
4660,15228369,Oliveira,610,Germany,Male,22,3,12199.02,1,1,0,112119.4,0
4661,15423527,Costa,566,Germany,Male,48,2,0.0,2,1,0,62194.36,0
4662,15177942,Robert,850,Germany,Male,68,8,184808.25,1,0,1,78857.74,1
4663,15223044,Costa,561,France,Female,41,3,0.0,2,0,0,47593.94,0
4664,15783205,Bernard,793,Spain,Male,63,1,0.0,2,0,0,23714.15,0
4665,15762333,Meyer,728,Spain,Female,33,7,60219.18,1,1,0,78180.75,0
4666,15673406,Bernard,567,Germany,Male,32,4,37468.9,2,0,1,118642.82,0
4667,15350198,Schmidt,778,France,Female,47,6,0.0,1,1,0,110481.65,1
4668,15528469,Alves,647,Spain,Male,46,3,119859.12,2,1,0,133677.25,0
4669,15769788,Fischer,493,Germany,Male,33,8,0.0,1,0,0,63160.66,0
4670,15854379,Costa,545,Germany,Female,52,3,0.0,1,0,0,99000.34,1
4671,15725119,Gomes,836,France,Male,30,5,59179.92,2,1,0,193512.59,0
4672,15817690,Gomes,632,Spain,Male,39,6,65825.77,2,1,1,77736.2,0
4673,15987037,Santos,722,Germany,Female,42,2,0.0,1,0,1,94128.3,0
4674,15326752,Ferreira,589,France,Male,47,6,225283.34,2,1,1,27422.82,0
4675,15159752,Souza,604,France,Female,32,6,98777.54,1,0,1,38119.52,0
4676,15867061,Martin,715,Spain,Female,31,8,0.0,1,0,1,132608.98,0
4677,15583622,Ferreira,693,France,Female,43,7,203453.79,2,1,0,190830.83,0
4678,15437596,Oliveira,640,Spain,Male,50,3,0.0,1,1,1,187282.18,0
4679,15325145,Fischer,517,Germany,Female,56,5,186043.78,1,1,1,116796.25,1
4680,15404756,Müller,839,Germany,Male,47,7,224229.66,2,1,0,102952.5,0
4681,15646731,Santos,546,France,Male,36,0,24366.08,1,0,1,194461.18,0
4682,15606049,Schmidt,813,France,Female,73,5,58241.08,1,1,0,116274.27,1
4683,15504804,Robert,687,Spain,Male,59,2,71655.13,1,1,0,187293.28,1
4684,15771860,Costa,600,France,Female,33,6,245805.58,1,0,1,166646.45,0
4685,15300012,Robert,664,Spain,Male,34,6,248457.51,1,1,1,109107.14,0
4686,15060544,Fischer,784,France,Female,40,5,64198.36,2,0,0,55126.67,0
4687,15033048,Martin,754,France,Female,32,9,64984.84,2,1,1,107916.38,0
4688,15492988,Meyer,547,France,Male,59,4,0.0,2,0,0,149694.57,0
4689,15052175,Fischer,594,Germany,Male,56,5,249039.47,2,1,0,150613.34,1
4690,15104639,Santos,582,Spain,Female,53,4,72802.82,1,0,1,171201.14,0
4691,15086097,Dubois,716,France,Male,32,8,0.0,1,1,0,99953.31,0
4692,15744110,Dubois,749,France,Female,41,7,69218.58,2,1,1,106001.97,0
4693,15065531,Santos,522,France,Male,36,9,0.0,1,1,1,17590.77,0
4694,15629607,Martin,666,Germany,Male,26,9,0.0,2,1,1,91493.57,0
4695,15974771,Robert,772,France,Female,45,7,246604.78,1,1,0,164510.71,1
4696,15299400,Gomes,727,Spain,Female,18,8,229976.37,1,1,0,127065.78,1
4697,15289968,Santos,747,Germany,Female,49,2,118950.93,1,1,0,18147.65,1
4698,15127281,Thomas,575,Germany,Female,44,2,59060.29,1,0,1,60932.67,0
4699,15812484,Martin,758,France,Female,51,7,35353.18,2,0,0,137854.07,0
4700,15492656,Müller,611,Spain,Male,19,6,0.0,1,1,0,141915.1,0
4701,15413269,Santos,766,France,Male,55,7,0.0,2,1,1,143246.81,0
4702,15747375,Santos,548,France,Female,64,6,26740.27,1,1,0,83448.61,1
4703,15579428,Meyer,489,Germany,Male,58,2,0.0,2,1,0,123536.7,0
4704,15850227,Gomes,850,Germany,Male,44,7,0.0,1,1,1,113355.65,0
4705,15935371,Weber,850,France,Male,45,6,153679.2,2,0,1,172612.22,0
4706,15984159,Bernard,600,France,Male,38,5,227953.77,2,1,1,36788.49,0
4707,15303544,Alves,384,Spain,Male,48,4,92936.77,1,1,0,48008.45,0
4708,15806337,Martin,491,France,Male,42,5,16259.73,2,1,0,183169.51,0
4709,15302084,Bernard,563,Spain,Female,46,3,186995.54,1,1,0,68667.88,1
4710,15288153,Schmidt,496,Germany,Female,58,6,0.0,2,1,1,158559.45,0
4711,15777256,Thomas,621,France,Female,36,7,0.0,1,1,1,182994.38,0
4712,15331261,Oliveira,668,France,Female,21,2,213535.54,2,1,1,100482.84,0
4713,15708751,Meyer,559,France,Male,46,0,218342.1,1,1,1,85031.33,0
4714,15741405,Alves,522,Germany,Female,31,2,61808.79,2,1,1,83069.94,0
4715,15252028,Weber,570,Germany,Male,33,6,35886.13,3,0,0,107704.4,1
4716,15819031,Martin,581,France,Female,29,6,151458.74,2,0,1,73408.44,0
4717,15271600,Meyer,677,Germany,Male,31,3,180295.05,1,1,1,178033.34,0
4718,15690556,Oliveira,630,Spain,Male,51,2,173691.47,1,0,1,102159.07,0
4719,15905790,Robert,576,France,Female,43,6,58832.0,2,1,1,16210.64,0
4720,15702927,Bernard,631,Spain,Female,30,2,138424.07,2,1,1,72649.57,0
4721,15576231,Souza,728,France,Male,37,2,0.0,2,1,1,73867.79,0
4722,15571670,Silva,850,France,Female,35,1,0.0,2,0,0,155221.16,0
4723,15467667,Silva,517,France,Female,48,7,63789.54,1,0,1,160801.68,0
4724,15460413,Bernard,632,France,Female,40,3,0.0,2,0,0,174207.85,0
4725,15956029,Silva,661,France,Male,59,2,0.0,2,0,0,185097.22,0
4726,15078345,Costa,810,France,Male,27,8,103893.0,1,1,0,167101.54,0
4727,15955801,Souza,602,Spain,Male,46,3,153122.86,1,0,0,64575.32,0
4728,15852398,Schmidt,699,Spain,Male,51,6,0.0,2,1,0,81319.13,0
4729,15364531,Thomas,813,Germany,Male,76,2,143561.07,1,0,1,117957.8,1
4730,15189406,Santos,643,France,Male,23,6,93900.45,2,0,1,24507.73,0
4731,15017597,Dubois,503,France,Male,49,2,66759.18,2,0,1,155209.84,0
4732,15771884,Thomas,835,France,Female,28,5,0.0,1,0,0,101671.83,0
4733,15521835,Costa,582,Germany,Female,42,4,0.0,2,0,1,185944.47,0
4734,15358828,Weber,764,Spain,Male,27,6,0.0,2,0,0,144770.07,0
4735,15167703,Meyer,734,France,Male,59,6,54794.39,1,1,1,145886.08,0
4736,15110300,Pereira,494,France,Female,22,8,26227.19,2,0,1,45744.95,0
4737,15121752,Souza,620,Germany,Female,41,3,0.0,2,0,0,192131.52,0
4738,15347032,Silva,698,France,Male,46,6,191021.94,3,0,0,194610.52,1
4739,15697071,Dubois,687,France,Male,72,8,0.0,2,1,1,122758.27,0
4740,15869482,Pereira,491,Germany,Female,44,3,0.0,2,0,1,49866.69,0
4741,15732051,Martin,752,Germany,Male,38,3,17778.79,2,1,0,27103.4,0
4742,15785386,Bernard,658,France,Male,34,6,59913.26,2,0,1,158021.7,0
4743,15090978,Gomes,833,France,Male,22,4,0.0,1,1,0,130582.15,0
4744,15116745,Dubois,766,Spain,Female,48,3,0.0,1,1,0,41314.02,0
4745,15717921,Fischer,628,France,Female,43,4,0.0,1,1,0,163337.53,1
4746,15621352,Alves,433,France,Female,41,8,0.0,2,0,0,44691.93,0
4747,15741023,Thomas,646,France,Male,26,1,0.0,1,1,1,47281.51,0
4748,15400463,Bernard,590,France,Male,41,4,77763.46,2,1,0,118645.72,0
4749,15654582,Pereira,699,France,Female,50,2,62816.44,1,0,0,105625.59,1
4750,15522238,Schmidt,728,Spain,Male,76,7,247687.83,2,0,0,129415.69,1
4751,15841525,Weber,794,France,Female,41,2,73425.49,2,1,0,110392.65,0
4752,15243821,Martin,669,France,Female,35,1,79196.85,2,1,0,168270.87,0
4753,15542201,Pereira,650,Germany,Male,31,8,0.0,2,1,1,12445.42,0
4754,15621271,Müller,611,Germany,Male,28,5,132423.12,2,1,0,85454.85,0
4755,15717121,Martin,538,Spain,Female,44,6,0.0,2,1,0,166057.52,0
4756,15118857,Gomes,768,Spain,Male,48,4,125770.27,2,1,0,114891.41,0
4757,15532388,Gomes,632,France,Male,32,4,183359.18,1,1,0,197841.92,0
4758,15423169,Dubois,530,Spain,Male,21,7,0.0,1,0,1,196172.65,0
4759,15780539,Oliveira,542,France,Male,24,9,150239.6,1,1,0,192285.61,0
4760,15145504,Gomes,629,Spain,Female,52,5,35800.43,2,1,1,196253.91,0
4761,15967357,Meyer,701,France,Male,36,7,224968.93,2,0,1,112761.85,0
4762,15764812,Santos,759,Spain,Male,33,6,191560.85,2,1,0,106469.91,0
4763,15147549,Costa,823,Spain,Female,32,4,61808.02,1,0,1,108687.27,0
4764,15555374,Pereira,622,France,Female,39,8,59249.84,1,1,0,12817.41,1
4765,15788157,Thomas,564,Germany,Male,42,2,61920.04,2,1,1,52161.54,0
4766,15067480,Gomes,717,Spain,Female,52,7,66812.93,1,1,0,46502.9,1
4767,15690813,Gomes,614,Spain,Male,40,3,0.0,1,0,1,36506.16,0
4768,15590031,Thomas,679,France,Male,50,0,0.0,1,1,0,58156.59,0
4769,15286344,Santos,632,Germany,Female,37,6,0.0,2,0,0,197840.35,0
4770,15966708,Schmidt,631,France,Female,75,8,8732.38,2,0,1,12105.83,0
4771,15384229,Gomes,372,France,Male,39,2,0.0,1,1,1,101602.99,0
4772,15569697,Pereira,690,France,Male,18,4,0.0,1,1,0,168868.67,0
4773,15330878,Bernard,513,France,Male,50,6,0.0,2,1,1,81012.22,0
4774,15416351,Meyer,532,Spain,Male,25,3,48577.45,3,1,0,69408.95,1
4775,15595067,Fischer,350,France,Male,23,2,0.0,2,1,0,97443.58,0
4776,15406705,Schmidt,427,Spain,Male,42,3,242290.17,1,1,1,163498.09,0
4777,15856327,Alves,715,France,Female,43,4,142045.27,1,1,0,62987.63,1
4778,15682406,Pereira,648,France,Female,38,6,0.0,2,0,1,177880.91,0
4779,15029100,Alves,578,France,Male,45,2,197621.39,1,0,1,61473.1,0
4780,15480123,Lima,626,France,Male,42,6,60801.65,1,1,1,83441.33,0
4781,15819604,Souza,511,France,Male,41,4,2297.41,2,1,0,85764.76,0
4782,15892662,Silva,683,France,Male,44,7,215481.44,1,1,1,135836.97,0
4783,15910763,Bernard,690,Germany,Male,50,5,166051.24,1,1,1,34498.32,0
4784,15485412,Fischer,702,France,Male,40,4,116212.04,2,1,1,62573.02,0
4785,15705479,Weber,680,France,Female,33,3,193912.17,2,1,0,34804.16,0
4786,15299013,Thomas,417,France,Male,39,1,54035.43,2,0,1,37804.32,0
4787,15555413,Ferreira,523,Spain,Male,33,3,224824.26,2,1,1,94754.06,0
4788,15886372,Thomas,714,Spain,Male,53,4,0.0,1,1,1,127970.97,0
4789,15166138,Schmidt,767,France,Female,34,5,0.0,2,1,1,123645.73,0
4790,15183542,Fischer,814,France,Male,30,6,0.0,1,0,1,151774.15,0
4791,15053225,Martin,788,France,Male,39,4,118925.66,1,0,0,134087.76,0
4792,15409797,Costa,487,Spain,Female,33,3,0.0,1,0,0,161038.32,0
4793,15485004,Thomas,706,France,Male,42,7,109355.89,1,1,1,179832.44,0
4794,15384897,Fischer,476,France,Male,39,6,56077.5,1,1,0,122848.87,0
4795,15441351,Pereira,677,France,Female,41,3,210032.63,1,1,0,193334.4,1
4796,15103064,Ferreira,654,France,Male,34,2,0.0,2,1,0,59181.4,0
4797,15001863,Bernard,549,France,Female,51,3,61777.55,1,0,0,154086.17,1
4798,15607923,Souza,540,Spain,Female,74,2,0.0,1,1,0,139737.44,1
4799,15013744,Costa,579,France,Female,45,7,0.0,2,1,0,123911.0,0
4800,15280289,Oliveira,693,Germany,Male,58,5,137524.77,1,1,0,34209.52,1
4801,15797368,Pereira,752,France,Male,48,6,0.0,1,1,0,84684.25,0
4802,15952190,Gomes,669,France,Male,75,6,0.0,1,0,0,130262.04,1
4803,15970794,Lima,850,Spain,Male,51,2,220922.95,1,1,1,161356.47,0
4804,15822712,Bernard,468,France,Female,62,4,0.0,1,1,1,15104.31,1
4805,15227625,Thomas,824,Spain,Female,43,8,148364.42,2,1,0,52548.69,0
4806,15704523,Schmidt,744,Germany,Male,59,2,71325.66,2,1,0,182121.83,0
4807,15158263,Gomes,662,France,Female,44,0,0.0,2,0,1,17799.04,0
4808,15989728,Meyer,850,Spain,Male,36,3,53847.85,1,0,1,35429.61,0
4809,15588146,Schmidt,524,France,Male,40,4,89413.05,1,0,1,157324.31,0
4810,15423508,Bernard,500,Spain,Male,58,1,81086.37,1,1,0,121569.18,1
4811,15416377,Silva,760,France,Female,26,4,40979.56,1,1,1,193638.06,0
4812,15676426,Pereira,581,Spain,Male,43,2,0.0,1,1,1,185065.1,0
4813,15585407,Pereira,553,France,Male,38,2,238380.55,1,1,0,143617.46,0
4814,15387899,Weber,642,Germany,Female,40,3,22028.62,2,1,1,36499.42,0
4815,15629880,Oliveira,563,Spain,Male,58,1,82558.86,1,1,1,65280.85,0
4816,15663607,Robert,590,Spain,Female,51,1,185485.91,2,1,1,83526.9,0
4817,15531207,Schmidt,624,Spain,Female,47,5,0.0,2,1,0,47518.62,0
4818,15506362,Ferreira,594,Spain,Female,36,8,27895.2,3,1,1,181999.55,1
4819,15579199,Alves,639,Spain,Female,40,6,62691.71,2,1,1,77621.9,0
4820,15791218,Schmidt,615,France,Male,39,6,98418.68,2,0,0,94466.25,0
4821,15886789,Oliveira,627,France,Female,32,6,0.0,1,0,0,109516.15,0
4822,15461705,Pereira,645,France,Female,28,8,0.0,1,1,0,196054.98,0
4823,15236580,Müller,605,France,Female,45,8,51647.3,1,1,0,107700.7,1
4824,15330638,Dubois,715,France,Female,32,6,61254.56,1,0,1,96524.5,0
4825,15301525,Bernard,564,Germany,Female,47,6,95766.29,2,1,0,13234.09,0
4826,15889338,Silva,707,France,Female,33,3,0.0,2,1,1,28001.14,0
4827,15474013,Weber,654,Germany,Male,34,1,0.0,1,1,1,155260.66,0
4828,15310641,Bernard,537,France,Male,26,1,96229.63,2,1,0,53422.41,0
4829,15603706,Lima,663,France,Male,61,6,0.0,1,0,1,113766.04,0
4830,15092698,Costa,712,Germany,Male,46,0,0.0,2,1,0,31744.19,0
4831,15798178,Robert,630,Spain,Female,23,6,228405.01,1,1,1,178066.2,0
4832,15660000,Bernard,482,Germany,Male,50,3,0.0,1,1,0,81576.86,1
4833,15850650,Meyer,662,Germany,Male,57,2,0.0,1,0,1,28895.07,0
4834,15907934,Lima,697,France,Female,57,4,77507.53,2,0,1,43222.55,0
4835,15428415,Robert,646,Germany,Male,41,5,231836.24,1,0,1,65547.68,0
4836,15180337,Weber,469,France,Female,20,3,221757.25,2,1,1,48229.03,0
4837,15060946,Dubois,627,France,Female,44,2,182236.67,1,1,1,151030.38,0
4838,15167262,Oliveira,609,France,Male,60,6,83176.39,1,0,0,90392.48,1
4839,15295279,Alves,523,France,Female,47,7,226046.19,1,1,0,143565.54,1
4840,15186800,Costa,741,France,Female,54,5,66852.71,2,0,0,34551.69,0
4841,15026707,Meyer,774,Spain,Female,31,4,0.0,1,1,0,81237.4,0
4842,15934653,Martin,541,Spain,Female,33,6,73254.61,1,1,1,130255.8,0
4843,15436953,Pereira,738,France,Female,54,6,10641.32,1,1,0,41329.63,1
4844,15580515,Oliveira,668,France,Male,43,0,48464.59,3,1,0,113582.61,1
4845,15369225,Martin,603,France,Male,22,3,10992.05,1,0,0,33099.25,0
4846,15738491,Silva,761,France,Male,33,8,60974.07,1,1,1,58148.66,0
4847,15035266,Gomes,623,Spain,Female,52,8,243158.92,2,0,0,142647.04,1
4848,15059257,Lima,627,France,Male,26,4,106569.96,2,1,1,28426.71,0
4849,15052760,Fischer,564,Spain,Male,19,5,95735.62,2,1,1,44625.64,0
4850,15343377,Gomes,610,France,Female,36,0,0.0,2,1,0,170666.76,0
4851,15000631,Lima,661,Spain,Male,59,5,23905.33,1,1,0,189260.02,1
4852,15156926,Meyer,653,France,Male,58,2,0.0,1,1,0,199626.52,1
4853,15928213,Oliveira,631,Spain,Male,42,2,60855.39,1,1,0,157552.87,0
4854,15778619,Meyer,591,France,Female,41,3,3491.56,3,0,1,125869.93,1
4855,15785958,Weber,635,Germany,Male,32,5,168651.05,1,1,1,83451.54,0
4856,15088107,Pereira,600,France,Male,35,4,99946.5,1,0,0,123601.61,0
4857,15718678,Martin,767,France,Male,54,3,0.0,1,1,1,53603.58,0
4858,15413349,Costa,585,Spain,Male,24,6,0.0,2,1,1,118931.81,0
4859,15696043,Robert,487,Spain,Male,47,6,0.0,1,1,1,47631.31,0
4860,15419042,Bernard,511,Spain,Male,49,6,132370.17,1,1,1,55686.86,0
4861,15804039,Fischer,798,Germany,Female,27,4,0.0,1,1,1,165627.41,0
4862,15291919,Meyer,732,Spain,Male,47,6,37228.28,1,1,1,83709.87,0
4863,15511128,Schmidt,568,France,Female,48,7,23233.75,2,1,1,63484.97,0
4864,15331985,Müller,641,France,Male,48,7,61661.2,2,1,1,175997.66,0
4865,15855193,Souza,559,France,Male,36,4,0.0,1,0,1,177073.87,0
4866,15537885,Robert,622,Germany,Female,36,3,0.0,2,0,0,65962.51,0
4867,15834227,Dubois,812,France,Male,42,7,0.0,2,1,1,18751.37,0
4868,15174279,Müller,763,France,Female,78,3,0.0,2,1,1,52416.89,0
4869,15321142,Meyer,648,Germany,Female,39,6,0.0,2,1,1,54179.58,0
4870,15391222,Dubois,393,Spain,Female,65,7,17870.64,2,0,0,103967.38,1
4871,15946043,Weber,664,France,Female,49,6,57854.69,2,1,0,101367.8,0
4872,15105158,Pereira,654,France,Female,55,5,42290.7,1,1,0,93540.69,1
4873,15428018,Alves,635,France,Female,30,0,0.0,1,1,1,24990.09,0
4874,15016592,Robert,553,France,Male,35,2,68093.37,1,0,0,138422.83,0
4875,15686182,Müller,761,France,Male,25,5,0.0,2,0,1,35687.2,0
4876,15058938,Oliveira,588,Germany,Male,38,6,13107.13,2,1,0,152563.82,0
4877,15409692,Oliveira,714,Germany,Female,78,1,233525.6,1,1,1,42584.26,1
4878,15153287,Ferreira,692,Germany,Male,21,0,192136.24,2,1,1,121829.47,0
4879,15197462,Santos,613,France,Male,43,3,229626.09,1,0,1,170004.96,0
4880,15268833,Müller,743,Spain,Female,22,5,0.0,2,1,0,49079.86,0
4881,15332772,Ferreira,556,France,Male,49,4,69993.94,2,1,0,154173.93,0
4882,15025665,Müller,657,France,Female,35,0,0.0,1,1,1,59434.64,0
4883,15957879,Costa,830,Spain,Male,30,2,145453.98,1,1,0,136087.18,0
4884,15852630,Müller,540,France,Male,32,6,1058.8,1,0,1,187576.32,0
4885,15771044,Bernard,636,France,Female,56,3,244319.56,2,0,1,69489.45,0
4886,15571662,Meyer,683,Spain,Male,23,2,0.0,2,1,0,166727.22,0
4887,15371360,Gomes,677,France,Female,39,0,0.0,2,0,0,36159.14,0
4888,15995363,Robert,684,Germany,Female,24,6,149623.88,2,0,1,143346.1,0
4889,15057518,Lima,554,France,Male,64,4,59915.58,1,1,1,55267.39,0
4890,15101288,Müller,654,Germany,Male,50,4,221480.66,2,1,1,69700.27,0
4891,15381097,Gomes,593,France,Male,42,1,0.0,2,1,1,70688.15,0
4892,15631859,Santos,838,France,Male,41,4,227607.07,3,0,0,146202.99,1
4893,15980071,Robert,641,Germany,Female,24,5,184979.8,2,1,0,136247.27,0
4894,15575901,Costa,464,France,Male,46,2,74001.61,1,1,1,42527.58,0
4895,15320114,Oliveira,685,France,Female,19,7,71903.3,2,1,0,170479.93,0
4896,15473652,Robert,770,France,Female,40,6,35140.29,2,0,1,69633.39,0
4897,15031348,Weber,667,France,Male,49,6,0.0,2,0,0,68611.95,0
4898,15971705,Silva,582,France,Female,49,4,161360.6,1,1,1,45184.96,0
4899,15182279,Thomas,585,France,Female,18,3,0.0,1,0,1,45412.63,0
4900,15309919,Pereira,668,Spain,Female,29,5,0.0,2,1,1,109744.44,0
4901,15877760,Pereira,759,France,Female,58,2,0.0,2,1,1,81858.25,0
4902,15025374,Thomas,738,France,Female,43,2,0.0,1,1,1,89394.34,0
4903,15065280,Meyer,658,France,Female,23,4,10634.91,1,0,1,85129.59,0
4904,15484916,Pereira,552,France,Female,19,4,77532.89,2,1,1,140660.51,0
4905,15264167,Oliveira,643,Spain,Male,53,2,150654.41,2,1,0,27211.49,0
4906,15484614,Souza,665,France,Male,51,4,0.0,1,0,0,69186.21,1
4907,15067929,Oliveira,607,Spain,Female,64,4,182883.95,1,1,1,192261.57,1
4908,15056499,Robert,479,France,Male,37,7,214940.31,1,1,0,102245.49,0
4909,15639342,Meyer,701,Germany,Female,45,6,0.0,2,1,0,36176.5,0
4910,15152364,Silva,753,Germany,Female,37,2,0.0,1,0,0,106116.3,1
4911,15341266,Weber,849,Spain,Female,50,6,0.0,1,1,1,169380.32,0
4912,15219266,Santos,579,Germany,Male,29,8,28157.79,2,1,0,79572.56,0
4913,15152622,Bernard,554,Germany,Male,20,6,218802.84,2,1,1,113763.41,0
4914,15879034,Fischer,654,France,Male,21,6,146767.35,2,0,0,183892.6,0
4915,15800710,Robert,704,France,Female,41,3,166594.55,2,1,0,116312.97,0
4916,15155981,Lima,607,Spain,Female,45,9,0.0,1,1,0,135514.29,0
4917,15892971,Thomas,623,France,Male,48,2,242048.7,1,1,1,15641.37,0
4918,15600929,Gomes,848,France,Female,54,6,0.0,1,1,0,163081.87,1
4919,15846038,Santos,478,Spain,Male,44,3,115531.59,1,1,1,168071.38,0
4920,15639413,Costa,592,France,Male,34,3,0.0,1,1,1,123938.59,0
4921,15350433,Martin,534,Spain,Male,72,3,99419.64,2,1,0,28799.64,0
4922,15215349,Schmidt,624,Germany,Male,37,4,175599.1,1,1,0,195212.59,1
4923,15456457,Oliveira,485,Germany,Male,26,6,58189.54,1,0,1,140498.99,0
4924,15518423,Santos,850,Spain,Male,66,8,0.0,1,1,1,95157.85,0
4925,15464144,Dubois,602,France,Male,23,4,189648.64,1,1,1,176606.98,0
4926,15135089,Ferreira,719,France,Female,44,5,70670.5,1,1,1,88367.24,0
4927,15145265,Costa,846,France,Male,38,6,219397.23,1,1,1,132530.81,0
4928,15746020,Fischer,716,France,Male,49,1,29345.36,2,1,0,53791.68,0
4929,15146769,Meyer,643,Germany,Female,48,8,0.0,2,0,1,179824.29,0
4930,15105487,Oliveira,665,Spain,Female,32,2,33341.88,1,0,1,111273.76,0
4931,15094512,Thomas,581,France,Female,42,7,51835.73,1,0,1,56130.17,0
4932,15221470,Oliveira,609,France,Male,41,9,0.0,1,1,1,27776.47,0
4933,15700410,Schmidt,850,Spain,Male,36,1,93024.17,2,1,1,180947.99,0
4934,15789659,Oliveira,709,France,Female,34,7,76868.73,1,1,0,48767.73,1
4935,15308566,Oliveira,592,France,Female,40,5,0.0,2,1,1,198087.12,0
4936,15659607,Gomes,850,France,Male,57,6,80843.66,1,1,0,38464.17,1
4937,15789759,Costa,629,Spain,Male,44,2,0.0,1,0,1,98396.8,0
4938,15193158,Gomes,768,Germany,Male,59,6,0.0,1,0,0,111467.23,1
4939,15935100,Dubois,719,Spain,Female,21,5,33203.94,1,1,1,57993.84,0
4940,15673715,Müller,635,Spain,Male,20,4,0.0,2,1,0,198738.69,0
4941,15073032,Oliveira,588,France,Male,20,5,72325.42,2,0,0,120387.48,0
4942,15135284,Bernard,715,France,Female,25,6,179695.38,2,0,0,119213.96,0
4943,15815315,Meyer,833,Spain,Female,43,3,0.0,2,1,1,176234.0,0
4944,15049090,Bernard,622,France,Female,79,8,102579.79,2,0,0,121152.03,1
4945,15845702,Weber,729,Spain,Female,32,3,86753.08,2,1,1,101507.31,0
4946,15375230,Souza,557,Spain,Male,62,7,111834.06,2,1,0,101312.53,1
4947,15849138,Alves,707,Germany,Female,26,0,90241.06,1,1,1,146215.1,0
4948,15467257,Oliveira,710,Germany,Female,53,7,20332.94,2,0,1,77380.7,0
4949,15267569,Pereira,625,Spain,Female,25,6,221861.91,1,0,1,107786.93,0
4950,15661000,Robert,582,Spain,Female,55,2,17136.04,1,0,0,72480.68,1
4951,15961309,Ferreira,713,France,Male,28,6,0.0,2,0,1,179939.11,0
4952,15871322,Martin,749,France,Female,67,3,0.0,2,0,0,50277.29,1
4953,15300095,Weber,688,France,Male,37,4,0.0,1,1,0,120096.25,0
4954,15989542,Santos,714,Germany,Female,33,1,98210.24,1,0,1,71992.61,0
4955,15564990,Thomas,836,France,Male,50,2,82150.73,1,1,0,115765.14,0
4956,15640048,Alves,759,Germany,Male,35,8,50804.4,1,1,1,109773.92,0
4957,15300260,Pereira,537,France,Male,47,4,0.0,1,1,0,98838.3,0
4958,15818864,Pereira,645,Germany,Male,68,0,0.0,1,1,1,96676.1,1
4959,15752296,Müller,606,France,Male,41,4,0.0,2,0,1,94670.35,0
4960,15624694,Müller,617,Germany,Female,50,9,0.0,2,1,1,89035.57,0
4961,15453904,Costa,625,Germany,Male,22,3,0.0,1,1,1,38395.87,0
4962,15487968,Dubois,797,France,Male,46,2,83832.66,1,1,1,186363.26,0
4963,15766376,Robert,508,France,Male,33,5,165286.32,2,0,0,195669.2,0
4964,15420685,Weber,583,Germany,Female,58,7,16029.88,2,1,0,98747.08,1
4965,15084293,Pereira,627,France,Female,39,6,0.0,2,1,0,95290.68,0
4966,15346911,Bernard,543,France,Male,46,5,30843.91,3,1,1,87417.85,1
4967,15041275,Alves,549,Spain,Female,32,2,0.0,1,0,1,52695.51,0
4968,15225689,Meyer,588,Germany,Female,37,6,0.0,1,1,1,25941.14,0
4969,15535015,Ferreira,702,Spain,Female,39,6,107264.46,1,1,1,15962.67,0
4970,15312235,Costa,613,France,Male,36,6,0.0,2,0,1,117837.53,0
4971,15012620,Thomas,732,France,Male,35,4,0.0,1,1,1,145072.58,0
4972,15700892,Lima,613,Spain,Male,19,4,0.0,2,1,1,28935.14,0
4973,15543649,Thomas,675,Germany,Female,51,2,204773.66,1,1,1,103629.34,1
4974,15472227,Silva,740,Germany,Female,19,6,53911.16,1,1,0,43635.47,1
4975,15305282,Müller,704,France,Female,54,6,99584.77,2,1,0,40863.21,0
4976,15498215,Robert,606,France,Male,28,1,75721.79,1,1,1,150031.17,0
4977,15071011,Schmidt,652,France,Male,18,0,0.0,2,0,0,185274.56,0
4978,15510517,Fischer,702,France,Female,46,8,115953.04,2,1,0,182318.35,0
4979,15746330,Bernard,677,France,Male,42,0,62292.18,2,1,0,65042.45,0
4980,15453752,Alves,742,France,Male,41,5,235170.07,1,1,0,60317.96,0
4981,15761703,Thomas,600,Spain,Female,45,4,22574.57,2,1,1,107240.65,0
4982,15741306,Souza,708,France,Female,36,6,18998.06,2,1,0,194096.64,0
4983,15535356,Souza,704,Germany,Male,50,1,0.0,1,1,1,19851.24,0
4984,15917218,Fischer,600,Spain,Female,49,5,0.0,1,1,1,187304.97,0
4985,15498208,Costa,703,Germany,Male,38,5,0.0,1,1,1,39818.99,0
4986,15205013,Martin,683,France,Female,52,6,143343.07,1,1,0,76738.6,1
4987,15007929,Alves,657,Germany,Male,49,4,0.0,1,1,0,63855.15,0
4988,15882630,Pereira,620,Germany,Male,37,6,12179.58,1,1,1,141400.13,0
4989,15609580,Müller,456,Germany,Male,58,4,0.0,2,1,1,150778.26,0
4990,15852174,Fischer,577,Spain,Male,59,8,157823.26,3,1,1,154976.89,1
4991,15334231,Robert,607,Spain,Male,45,5,87366.91,1,1,1,26315.17,0
4992,15757769,Thomas,735,Germany,Male,33,6,80030.66,2,1,0,26855.82,0
4993,15163453,Meyer,514,France,Female,57,1,0.0,1,0,1,181965.61,0
4994,15128144,Silva,586,Germany,Female,37,4,55228.6,1,1,0,161407.39,1
4995,15749273,Meyer,657,France,Male,21,1,81473.23,1,1,0,184546.18,0
4996,15705003,Müller,675,Spain,Male,40,2,167767.56,2,0,1,142004.32,0
4997,15146131,Ferreira,508,France,Female,42,4,0.0,2,0,0,22483.91,0
4998,15442656,Souza,850,France,Female,53,3,165214.48,2,0,0,140985.38,1
4999,15479350,Alves,828,Spain,Male,49,4,37242.2,1,1,0,181796.0,0
5000,15971691,Costa,628,Germany,Female,67,4,0.0,1,1,1,74120.28,1
5001,15321503,Martin,663,France,Male,30,2,73974.14,1,1,0,31839.17,0
5002,15226856,Silva,670,France,Male,25,3,0.0,2,1,0,27013.11,0
5003,15386083,Meyer,478,Spain,Male,47,6,122305.2,2,0,1,32559.83,0
5004,15453736,Santos,668,France,Female,64,6,0.0,2,0,0,29232.96,1
5005,15175280,Pereira,682,Spain,Female,46,4,37651.51,2,1,0,122724.51,0
5006,15755434,Costa,683,France,Female,18,6,0.0,2,1,0,55808.43,0
5007,15340548,Dubois,720,Spain,Female,37,6,45436.15,2,1,1,19415.61,0
5008,15685664,Souza,544,Spain,Male,37,0,139504.55,2,1,0,183065.42,0
5009,15315634,Santos,503,France,Male,38,5,0.0,2,0,1,140076.01,0
5010,15932797,Weber,678,France,Female,22,6,0.0,1,1,0,177088.02,0
5011,15362739,Pereira,752,France,Female,53,5,0.0,2,1,1,104039.79,0
5012,15442988,Ferreira,556,Germany,Female,42,4,156566.93,2,1,1,177204.85,0
5013,15308420,Lima,664,Germany,Male,44,4,0.0,2,1,1,145735.09,0
5014,15636798,Silva,693,Germany,Male,18,4,59929.91,2,0,0,152499.89,0
5015,15726002,Pereira,654,France,Male,20,6,0.0,2,0,1,76623.89,0
5016,15635826,Costa,694,France,Male,46,5,86576.09,1,1,1,80704.47,0
5017,15489465,Silva,565,France,Male,53,2,97589.76,2,0,0,188218.77,0
5018,15238396,Santos,553,France,Male,48,4,225362.9,1,1,1,108244.71,0
5019,15445466,Dubois,650,Germany,Female,54,4,0.0,1,0,1,195606.1,1
5020,15364812,Silva,850,Spain,Male,59,4,0.0,1,1,1,93816.17,0
5021,15850739,Lima,669,Germany,Female,25,2,235403.4,1,0,0,182551.91,1
5022,15129304,Silva,773,France,Male,32,2,0.0,2,1,1,39123.69,0
5023,15151222,Meyer,560,Spain,Female,47,2,197168.06,1,0,0,50668.14,1
5024,15205382,Alves,578,Germany,Male,35,3,215672.7,2,0,0,143364.35,0
5025,15899134,Ferreira,575,Spain,Female,38,4,243900.3,1,1,1,175543.53,0
5026,15326006,Meyer,606,Germany,Male,31,5,87209.51,2,1,0,104975.84,0
5027,15175484,Silva,509,France,Female,37,9,0.0,1,1,1,135216.96,0
5028,15046473,Gomes,708,France,Male,53,7,0.0,2,1,0,120234.16,0
5029,15579711,Oliveira,716,Germany,Male,19,6,0.0,2,1,0,59928.79,0
5030,15630664,Silva,632,France,Female,35,6,244232.65,1,1,0,174328.21,1
5031,15032958,Bernard,655,France,Male,44,5,61212.97,2,1,1,168980.65,0
5032,15212628,Müller,759,Germany,Male,50,2,97077.61,1,0,1,86021.92,0
5033,15015013,Martin,682,Germany,Female,44,4,114281.26,2,0,0,14591.92,1
5034,15511032,Müller,524,Germany,Male,67,2,0.0,2,0,1,56385.45,0
5035,15295333,Silva,606,France,Male,59,5,126533.26,1,0,1,13201.95,0
5036,15517106,Oliveira,681,France,Male,41,0,0.0,2,1,1,195003.85,0
5037,15243563,Müller,674,Germany,Female,37,2,213091.11,2,1,0,163359.15,0
5038,15163725,Pereira,771,Spain,Male,35,5,0.0,2,1,0,159629.69,0
5039,15860846,Fischer,567,Germany,Male,50,3,198526.78,2,1,0,164846.65,0
5040,15443681,Robert,643,Spain,Female,57,4,0.0,2,0,0,80725.71,0
5041,15125437,Bernard,638,Spain,Male,61,6,7636.15,1,1,0,28733.89,1
5042,15609360,Ferreira,515,Germany,Female,45,0,248076.53,2,1,1,130429.2,0
5043,15871510,Gomes,768,France,Female,47,0,0.0,1,1,1,135782.93,0
5044,15532541,Souza,850,Germany,Male,24,2,150792.75,2,0,1,103422.19,0
5045,15261329,Ferreira,463,Germany,Male,23,5,30270.78,1,1,0,198697.89,0
5046,15181955,Fischer,672,Germany,Male,29,2,91870.12,2,1,1,105264.67,0
5047,15289634,Schmidt,498,France,Female,29,6,94784.71,1,1,1,86444.73,0
5048,15875068,Santos,780,Germany,Female,38,3,62485.08,1,1,1,52495.87,0
5049,15365871,Oliveira,456,France,Female,38,3,22618.04,1,1,1,78936.17,0
5050,15248488,Silva,628,Germany,Male,44,2,0.0,2,1,0,124917.03,0
5051,15220036,Thomas,701,France,Male,44,5,0.0,1,1,0,56388.67,0
5052,15910964,Thomas,776,Spain,Male,48,6,68710.74,1,0,0,87735.37,0
5053,15228744,Alves,628,France,Female,40,4,83493.84,1,0,0,59946.4,1
5054,15417918,Fischer,578,France,Male,36,2,216149.89,2,0,1,187583.22,0
5055,15423996,Martin,600,France,Male,74,4,238206.06,1,0,1,174645.27,1
5056,15550353,Martin,567,Germany,Male,28,7,0.0,1,1,0,34334.18,0
5057,15875686,Souza,702,France,Female,68,3,185773.49,2,1,1,183794.97,0
5058,15430940,Pereira,595,France,Male,39,5,0.0,1,1,0,139625.36,0
5059,15763116,Bernard,568,Germany,Female,42,3,98120.06,1,1,0,108972.8,1
5060,15574922,Dubois,527,France,Female,28,5,0.0,2,1,1,22595.16,0
5061,15261356,Schmidt,622,Spain,Female,26,7,0.0,1,1,1,100803.28,0
5062,15946315,Alves,642,Spain,Female,32,5,0.0,1,1,0,124492.05,0
5063,15346173,Thomas,501,Germany,Female,44,8,0.0,1,1,1,162385.28,0
5064,15922846,Silva,584,France,Female,35,5,163796.01,1,1,0,17429.38,1
5065,15070639,Alves,505,Germany,Female,49,8,42560.74,2,0,0,103601.91,0
5066,15535258,Müller,677,France,Male,39,6,0.0,2,0,0,137130.44,0
5067,15739934,Silva,730,France,Female,37,5,98280.74,1,1,1,127862.23,0
5068,15971661,Fischer,742,France,Male,57,6,0.0,2,0,0,84494.38,0
5069,15813892,Robert,628,Spain,Female,59,0,0.0,1,1,1,138567.98,0
5070,15566825,Thomas,610,France,Male,44,3,141666.98,2,0,1,172062.08,0
5071,15730798,Costa,527,Germany,Male,40,2,36739.65,2,1,1,19491.53,0
5072,15063038,Martin,607,Germany,Female,33,2,224113.47,1,0,1,38773.18,1
5073,15722958,Santos,795,France,Male,61,8,91483.34,1,1,1,169480.45,0
5074,15034857,Müller,610,France,Female,38,2,0.0,2,1,0,73573.89,0
5075,15494853,Martin,686,Spain,Male,58,3,125348.84,1,1,1,83906.55,0
5076,15862570,Weber,769,Germany,Male,37,3,240076.75,1,1,0,141482.08,1
5077,15496676,Bernard,823,Germany,Female,62,5,0.0,2,0,0,198248.16,1
5078,15058776,Müller,692,France,Female,32,6,0.0,2,1,1,149526.01,0
5079,15003806,Pereira,624,France,Female,31,5,76704.87,1,0,0,79466.54,1
5080,15620373,Müller,733,France,Female,47,6,61394.85,2,1,1,92719.44,0
5081,15556788,Silva,747,France,Male,64,4,78225.51,1,0,1,135175.39,0
5082,15185276,Santos,526,France,Male,73,9,0.0,2,1,0,106498.6,0
5083,15674321,Silva,618,Spain,Female,50,2,0.0,1,0,0,99740.89,0
5084,15151499,Weber,568,France,Female,50,3,84297.76,2,1,0,109455.86,0
5085,15924836,Dubois,548,France,Female,48,6,57766.09,1,0,1,140161.1,0
5086,15380665,Costa,850,Germany,Female,46,2,100148.02,2,1,0,87486.12,1
5087,15576013,Martin,381,Spain,Male,54,6,62333.61,2,0,0,43450.35,0
5088,15658609,Robert,592,France,Female,41,3,0.0,1,1,1,121952.25,0
5089,15122204,Pereira,690,Germany,Male,49,2,0.0,2,0,1,78820.36,0
5090,15009411,Silva,715,France,Female,43,4,0.0,1,1,1,104392.57,0
5091,15048977,Robert,665,France,Female,42,6,0.0,2,1,1,196537.46,0
5092,15717497,Weber,659,France,Male,51,2,47951.48,2,1,0,53788.09,0
5093,15284438,Thomas,512,Spain,Male,31,4,50947.54,2,1,1,122739.59,0
5094,15311337,Thomas,556,France,Female,40,6,199737.5,2,1,1,165606.06,0
5095,15979479,Martin,685,France,Male,37,6,57871.17,1,1,0,84033.19,0
5096,15297522,Pereira,729,France,Male,38,3,0.0,1,1,0,133672.93,0
5097,15290847,Alves,670,Spain,Female,42,4,122170.65,2,1,0,69427.46,0
5098,15213197,Costa,695,France,Male,55,6,162034.86,1,0,0,50429.42,1
5099,15414425,Müller,850,France,Male,42,2,21481.18,1,1,0,94936.3,0
5100,15861576,Alves,603,France,Female,51,9,82016.41,1,1,0,156867.61,1
5101,15438054,Dubois,680,France,Male,21,4,91436.7,2,0,1,117136.63,0
5102,15701149,Robert,706,Germany,Female,57,3,28055.83,2,1,1,169204.06,0
5103,15631418,Meyer,700,Germany,Female,44,0,0.0,1,1,1,66904.82,0
5104,15408286,Weber,642,France,Male,21,2,194454.37,1,0,0,166818.16,0
5105,15188698,Martin,742,France,Male,49,6,207829.87,2,1,1,188008.82,0
5106,15671264,Souza,714,France,Male,78,5,0.0,1,1,1,82765.53,0
5107,15716730,Alves,690,France,Female,18,2,80960.44,2,1,1,186080.82,0
5108,15482471,Robert,548,France,Female,43,8,0.0,1,0,0,177775.04,1
5109,15808896,Oliveira,692,Spain,Male,57,6,198518.32,1,0,1,26390.51,0
5110,15627467,Bernard,760,Spain,Female,21,3,217167.75,1,1,0,142820.86,1
5111,15958611,Alves,744,Spain,Male,43,3,421.77,1,0,1,164281.04,0
5112,15019627,Fischer,466,Spain,Male,35,2,0.0,1,0,1,83016.47,0
5113,15856270,Oliveira,712,Germany,Male,36,5,82829.02,3,1,0,76912.56,1
5114,15360278,Ferreira,726,Germany,Female,46,5,0.0,2,0,1,176066.59,0
5115,15355413,Pereira,620,France,Female,18,3,233810.89,1,1,1,94435.41,0
5116,15276789,Bernard,765,Germany,Male,43,6,92746.31,1,1,0,139357.27,1
5117,15811016,Meyer,541,France,Male,19,9,200108.83,1,1,0,101381.97,0
5118,15780731,Santos,670,France,Male,31,5,33082.44,2,1,0,72280.22,0
5119,15006612,Dubois,584,Spain,Female,49,5,0.0,2,0,0,167431.44,0
5120,15511204,Schmidt,648,France,Male,38,3,193274.99,1,0,1,103779.23,0
5121,15111075,Pereira,629,France,Male,34,0,163378.63,1,1,1,60968.24,0
5122,15744729,Alves,680,Spain,Female,58,8,0.0,1,1,1,194286.08,0
5123,15068841,Santos,700,France,Male,62,6,186587.39,1,1,1,39433.88,1
5124,15112492,Silva,715,France,Male,52,5,232789.72,1,1,0,36051.82,1
5125,15001749,Santos,525,Spain,Female,47,0,47931.82,2,1,0,181418.34,0
5126,15668677,Gomes,638,Germany,Female,59,6,236237.17,2,1,1,181677.75,0
5127,15339387,Pereira,630,Germany,Male,51,5,11979.84,2,1,0,155110.75,0
5128,15871948,Silva,676,France,Male,35,5,0.0,2,1,0,40022.76,0
5129,15851199,Robert,596,France,Male,40,5,97400.54,1,0,0,153195.42,0
5130,15100103,Costa,589,Spain,Female,26,7,162649.49,2,0,1,43871.18,0
5131,15079925,Santos,568,Germany,Female,42,0,58256.83,2,1,1,22813.76,0
5132,15428043,Souza,496,Germany,Male,65,2,0.0,1,1,1,71496.96,1
5133,15035947,Costa,644,France,Male,50,7,29431.61,2,0,1,145355.1,0
5134,15417175,Schmidt,579,France,Female,43,0,0.0,1,0,1,73230.6,0
5135,15203155,Fischer,750,Spain,Male,30,7,98840.43,3,0,1,146585.34,1
5136,15159793,Weber,621,France,Female,28,0,86653.6,1,0,0,187956.06,0
5137,15438327,Costa,533,Germany,Female,34,6,64727.64,1,1,0,121467.06,1
5138,15180031,Costa,450,France,Female,65,7,0.0,1,0,1,18423.72,1
5139,15108970,Gomes,770,Germany,Female,38,5,127072.08,1,1,0,19504.57,1
5140,15749205,Costa,705,Spain,Male,60,5,116191.34,2,1,0,41759.74,0
5141,15522471,Müller,710,Germany,Male,26,0,0.0,1,1,0,137970.58,0
5142,15105750,Weber,731,France,Male,41,2,243343.71,2,1,1,69791.64,0
5143,15662874,Souza,722,Germany,Male,45,7,32535.87,2,0,0,81551.82,0
5144,15792555,Gomes,648,Spain,Female,53,6,86690.31,2,0,1,78062.15,0
5145,15310078,Schmidt,501,France,Male,30,1,0.0,2,1,1,80458.74,0
5146,15943898,Lima,444,Spain,Male,40,6,200992.64,2,0,0,128033.11,0
5147,15111264,Lima,608,Germany,Male,39,4,149512.19,1,1,0,121568.17,1
5148,15920263,Ferreira,741,Spain,Male,71,5,54371.23,4,0,1,175141.88,1
5149,15658018,Alves,517,Germany,Male,23,2,0.0,1,1,0,197583.39,0
5150,15131092,Gomes,599,France,Female,30,3,97954.32,1,1,1,169902.68,0
5151,15678445,Alves,652,France,Male,47,4,0.0,1,1,1,157219.08,0
5152,15096905,Souza,603,France,Male,44,5,9750.31,2,1,1,81449.7,0
5153,15532035,Silva,657,Spain,Male,60,5,94665.81,1,1,0,183944.28,1
5154,15274145,Gomes,683,Spain,Female,64,4,0.0,1,0,1,80296.64,1
5155,15288848,Lima,575,Germany,Male,45,0,0.0,2,1,0,23575.53,0
5156,15187521,Alves,763,France,Male,54,2,243141.55,1,1,1,107321.95,0
5157,15549231,Souza,640,France,Female,41,2,0.0,1,1,1,61281.34,0
5158,15074432,Ferreira,627,Spain,Male,36,7,98579.19,2,1,1,102902.54,0
5159,15808318,Schmidt,644,France,Female,52,7,0.0,1,0,1,139879.46,0
5160,15655581,Fischer,634,France,Female,48,6,172370.85,2,1,1,174077.43,0
5161,15257960,Alves,729,Germany,Female,32,2,225665.76,2,1,1,58863.88,0
5162,15597784,Thomas,633,France,Male,50,6,143816.47,3,1,1,185047.12,1
5163,15893347,Gomes,636,France,Female,35,2,0.0,2,1,0,198538.03,0
5164,15552569,Pereira,763,France,Male,19,4,231863.19,1,1,0,49505.74,0
5165,15115974,Robert,653,France,Female,41,6,0.0,1,0,0,76970.2,1
5166,15579469,Robert,746,Spain,Female,60,0,153074.76,2,1,1,146371.13,0
5167,15029314,Lima,789,France,Female,42,5,36579.14,2,1,1,81316.41,0
5168,15932789,Gomes,774,France,Female,36,2,227753.35,2,0,1,53208.76,0
5169,15755990,Alves,743,France,Male,71,4,0.0,1,1,1,87612.41,0
5170,15644623,Schmidt,597,Spain,Male,20,3,78867.11,2,1,1,144319.0,0
5171,15476320,Alves,696,France,Female,38,5,102270.43,1,1,0,14779.61,1
5172,15241931,Meyer,498,Germany,Female,33,4,53328.51,2,0,1,137671.87,0
5173,15392296,Pereira,350,France,Male,19,3,98411.14,2,1,1,181276.6,0
5174,15876932,Weber,701,France,Female,31,7,61559.96,1,1,1,197686.0,0
5175,15080573,Alves,504,France,Male,49,8,221264.01,1,1,1,59474.33,0
5176,15569082,Costa,535,Spain,Male,54,6,79654.97,2,1,0,152001.82,0
5177,15682335,Pereira,701,Spain,Female,64,5,58318.31,2,1,1,43088.29,0
5178,15855221,Pereira,444,France,Female,54,7,0.0,2,0,1,55455.51,0
5179,15771822,Alves,600,Germany,Male,33,5,236383.79,2,1,0,135934.87,0
5180,15043345,Gomes,580,Spain,Female,50,2,0.0,2,0,1,165791.05,0
5181,15758171,Müller,699,France,Female,52,0,0.0,2,1,0,29320.28,0
5182,15356608,Dubois,624,Spain,Female,31,6,244582.79,1,1,0,84024.62,1
5183,15113546,Dubois,687,France,Male,55,6,15921.16,2,1,1,174842.53,0
5184,15438265,Gomes,766,Spain,Male,44,7,0.0,1,1,1,153547.83,0
5185,15520119,Robert,728,Germany,Female,40,6,109923.62,2,1,0,21266.34,0
5186,15068136,Santos,526,Spain,Male,50,5,167481.61,2,1,0,88337.11,0
5187,15228962,Costa,593,Germany,Female,41,2,0.0,2,1,0,87629.78,0
5188,15971495,Santos,755,France,Male,49,5,29905.37,1,1,0,135181.05,0
5189,15682339,Fischer,751,Spain,Female,40,4,0.0,2,1,1,28821.8,0
5190,15707068,Fischer,609,France,Male,48,2,120402.97,2,1,1,80021.54,0
5191,15186207,Souza,689,France,Male,52,6,0.0,1,1,1,182236.86,0
5192,15512189,Souza,616,Germany,Female,78,2,28040.67,1,1,0,26649.52,1
5193,15041918,Ferreira,666,Spain,Female,39,5,162406.5,1,1,1,35054.78,0
5194,15371442,Oliveira,717,Spain,Female,31,5,72189.02,1,1,1,124138.16,0
5195,15906146,Ferreira,660,France,Female,44,3,217426.24,2,1,1,80339.71,0
5196,15159441,Ferreira,659,Spain,Female,31,4,0.0,2,1,0,14441.04,0
5197,15978378,Gomes,595,Germany,Male,19,2,0.0,2,0,1,57884.62,0
5198,15943832,Martin,615,France,Male,37,0,0.0,2,1,1,117331.44,0
5199,15713003,Pereira,700,France,Female,56,0,58102.55,1,1,1,167974.72,0
5200,15101310,Fischer,567,France,Male,54,2,0.0,1,0,0,133603.6,1
5201,15946156,Bernard,494,France,Male,47,6,0.0,1,1,0,12608.61,0
5202,15190091,Alves,676,Spain,Male,33,4,132790.37,2,0,1,51854.28,0
5203,15824837,Santos,744,Germany,Female,42,2,0.0,1,1,1,38730.35,0
5204,15551133,Alves,779,Germany,Female,32,7,60073.18,1,1,1,97820.61,0
5205,15903174,Müller,622,Spain,Male,41,5,61044.21,2,0,1,69714.52,0
5206,15825076,Oliveira,645,France,Female,28,0,0.0,2,1,1,116402.93,0
5207,15243453,Silva,600,Spain,Male,36,6,77020.2,1,1,1,48606.92,0
5208,15969399,Meyer,709,France,Male,34,4,0.0,1,0,1,143301.07,0
5209,15495520,Müller,647,Spain,Female,47,4,0.0,1,1,1,90190.78,0
5210,15283605,Martin,726,France,Female,41,5,41513.66,1,1,1,78794.7,0
5211,15515341,Meyer,736,Spain,Male,37,1,222446.8,1,1,0,140882.44,0
5212,15881399,Souza,718,France,Male,18,8,184222.27,2,1,0,142838.7,0
5213,15259360,Costa,470,France,Male,38,3,78505.28,2,0,1,30373.81,0
5214,15734238,Pereira,727,Spain,Female,41,5,247067.87,1,0,0,177686.33,1
5215,15366158,Fischer,648,France,Male,20,6,219086.92,2,1,1,137662.63,0
5216,15736533,Pereira,547,Germany,Male,26,3,30510.38,1,1,1,74938.52,0
5217,15435792,Ferreira,676,France,Male,49,5,0.0,2,0,0,104797.57,0
5218,15128422,Müller,656,Germany,Female,45,9,0.0,2,0,0,46524.5,0
5219,15531607,Schmidt,567,France,Female,35,6,38127.59,2,0,0,41039.15,0
5220,15210441,Thomas,637,France,Female,45,6,36777.06,1,0,0,180835.49,1
5221,15467694,Lima,756,France,Male,72,4,62984.88,3,1,1,119342.64,1
5222,15447000,Oliveira,748,France,Male,67,4,55206.07,2,0,0,137013.07,0
5223,15345630,Silva,660,France,Male,35,4,52944.9,1,0,0,167620.38,0
5224,15697517,Pereira,677,France,Male,55,5,0.0,1,1,1,162507.97,0
5225,15685545,Schmidt,659,France,Female,50,2,10058.03,1,1,0,32883.92,1
5226,15473534,Schmidt,478,France,Female,68,6,12426.49,1,1,1,157522.88,1
5227,15590172,Fischer,611,Germany,Female,49,0,53698.02,1,1,0,75432.58,1
5228,15444496,Silva,850,Spain,Female,59,2,0.0,2,0,1,96651.91,0
5229,15279708,Pereira,689,France,Male,60,4,0.0,1,1,1,15663.96,0
5230,15872626,Pereira,769,Germany,Male,48,2,0.0,1,0,0,101520.7,0
5231,15988985,Lima,351,Germany,Female,55,3,50254.37,1,0,0,67757.76,1
5232,15660977,Schmidt,608,France,Male,38,3,146887.11,1,0,0,102189.83,0
5233,15502317,Fischer,686,Germany,Male,30,3,235796.49,2,1,0,176342.46,0
5234,15611053,Costa,553,France,Male,34,3,155355.04,2,0,1,153212.92,0
5235,15099272,Thomas,689,Germany,Female,71,4,106096.32,1,0,1,91278.87,1
5236,15991343,Oliveira,582,France,Male,46,4,0.0,1,1,0,67125.38,0
5237,15156123,Silva,587,Germany,Female,49,6,141353.78,2,1,1,60424.09,0
5238,15710079,Alves,670,Germany,Male,49,3,0.0,2,0,0,129433.33,0
5239,15943825,Dubois,705,France,Female,28,3,95594.97,2,0,0,78936.87,0
5240,15440266,Lima,583,France,Female,32,4,0.0,1,1,0,102497.06,0
5241,15793080,Pereira,622,Spain,Male,41,0,52262.88,2,0,0,65448.92,0
5242,15956137,Weber,732,France,Male,66,2,0.0,1,1,1,112232.93,0
5243,15248633,Fischer,476,Germany,Male,29,6,65095.94,1,1,0,16566.92,0
5244,15366156,Dubois,613,Spain,Male,39,4,0.0,1,1,0,85916.37,0
5245,15236985,Gomes,638,Germany,Female,21,1,0.0,1,0,0,165658.71,1
5246,15942105,Pereira,631,Germany,Female,35,4,147557.99,2,1,0,50132.01,0
5247,15217287,Lima,435,Spain,Male,36,3,0.0,2,1,0,90975.76,0
5248,15837611,Ferreira,623,Spain,Female,50,2,222453.67,1,1,0,97988.81,1
5249,15012732,Souza,850,France,Male,39,3,0.0,2,1,1,194375.35,0
5250,15510405,Robert,623,France,Female,35,2,94380.59,1,1,0,168350.45,1
5251,15659091,Souza,612,France,Female,55,4,120517.56,2,0,0,109021.39,1
5252,15686852,Oliveira,457,Spain,Male,77,4,2408.72,2,1,1,49636.17,0
5253,15229512,Alves,589,Germany,Female,35,5,0.0,2,0,0,116468.37,0
5254,15072398,Costa,691,France,Male,42,8,194592.7,1,0,1,123914.44,0
5255,15015484,Martin,713,Spain,Male,40,2,49469.5,2,1,1,100272.19,0
5256,15689991,Lima,674,France,Male,58,4,76529.25,1,1,0,66892.91,1
5257,15877829,Schmidt,617,France,Male,43,5,190624.86,2,0,1,164071.26,0
5258,15446743,Fischer,670,Germany,Female,53,4,0.0,2,1,1,75475.04,0
5259,15722239,Santos,508,France,Male,29,5,89879.36,2,0,1,86913.15,0
5260,15300269,Robert,723,Spain,Male,41,3,74779.74,1,1,0,74734.08,0
5261,15789481,Santos,644,France,Male,49,5,26956.05,2,1,0,182544.15,0
5262,15933674,Costa,692,Spain,Male,35,2,57631.34,1,0,0,130518.38,0
5263,15817927,Schmidt,612,Germany,Male,38,2,246736.33,2,0,1,23521.62,0
5264,15737113,Gomes,550,France,Male,48,6,0.0,2,0,1,55824.02,0
5265,15552086,Santos,727,Spain,Male,45,4,0.0,1,1,1,144160.07,0
5266,15813247,Dubois,595,Germany,Female,18,3,0.0,1,0,1,103998.11,0
5267,15229611,Thomas,515,France,Female,49,8,241342.87,1,1,0,110607.07,1
5268,15512490,Costa,733,France,Male,30,5,0.0,1,1,0,45749.6,0
5269,15590526,Meyer,603,Spain,Female,20,5,48540.43,2,1,0,170279.18,0
5270,15627736,Martin,689,France,Female,43,2,85590.12,2,1,1,152510.17,0
5271,15312605,Schmidt,634,France,Female,34,2,0.0,2,1,1,106550.09,0
5272,15798762,Oliveira,638,France,Male,32,4,51214.56,2,1,1,77606.68,0
5273,15484797,Weber,596,France,Female,31,5,0.0,3,0,1,122700.3,1
5274,15642626,Meyer,660,Spain,Male,42,3,241133.9,2,1,0,33475.19,0
5275,15696137,Thomas,554,France,Female,40,1,189292.8,1,1,0,98594.81,1
5276,15346248,Silva,715,France,Male,70,5,49798.04,2,1,1,29355.29,0
5277,15842306,Bernard,766,France,Female,38,6,42820.94,2,0,0,185959.26,0
5278,15093278,Pereira,805,France,Male,44,8,0.0,3,1,1,60697.69,1
5279,15568107,Oliveira,850,Spain,Female,32,4,0.0,2,1,0,83279.45,0
5280,15262876,Oliveira,819,France,Male,48,3,38513.99,2,1,0,121440.03,0
5281,15435847,Pereira,612,Spain,Male,46,7,9425.18,1,1,0,55514.09,0
5282,15494565,Martin,634,France,Male,40,6,41140.72,1,1,1,68390.19,0
5283,15301773,Müller,569,France,Male,31,1,0.0,2,1,0,181306.25,0
5284,15882178,Schmidt,701,Spain,Female,35,5,0.0,1,1,0,168458.68,0
5285,15441506,Müller,567,France,Male,30,0,2079.61,2,0,0,48685.62,0
5286,15718968,Lima,702,Germany,Male,37,2,7721.71,2,1,0,88299.81,0
5287,15875274,Santos,588,Spain,Male,45,1,0.0,2,1,1,99533.93,0
5288,15687372,Lima,668,France,Male,51,2,87489.31,1,1,1,137788.61,0
5289,15233237,Weber,741,France,Male,38,4,0.0,2,0,0,152461.6,0
5290,15175789,Dubois,669,Germany,Male,40,3,0.0,2,0,1,186114.43,0
5291,15282300,Costa,732,France,Female,22,1,96286.57,2,1,1,112824.61,0
5292,15640503,Martin,694,France,Male,39,4,0.0,2,0,1,150350.18,0
5293,15056410,Thomas,636,France,Male,57,5,0.0,2,1,0,173968.85,0
5294,15977570,Costa,507,France,Male,50,0,0.0,1,1,0,172596.82,0
5295,15299966,Costa,639,Spain,Female,35,7,155334.07,2,0,1,178450.54,0
5296,15506688,Lima,721,France,Male,39,5,0.0,1,1,0,72246.56,0
5297,15721435,Bernard,542,France,Male,54,4,231963.59,2,1,0,135332.96,0
5298,15646760,Dubois,850,Germany,Female,37,3,182831.87,2,0,1,141024.87,0
5299,15161041,Pereira,720,France,Male,33,3,190100.55,2,1,1,55057.76,0
5300,15585863,Robert,659,France,Female,48,3,58356.93,1,1,0,186405.82,1
5301,15875062,Oliveira,489,Spain,Male,42,2,0.0,1,0,0,144099.31,0
5302,15601760,Weber,645,France,Male,32,1,218318.36,2,1,1,41438.78,0
5303,15630339,Bernard,533,Spain,Female,51,3,93420.98,1,1,0,30837.04,1
5304,15948660,Bernard,668,Spain,Female,31,5,94238.75,2,0,0,144805.37,0
5305,15649999,Martin,701,France,Male,50,3,86890.21,2,0,0,114085.2,0
5306,15689898,Fischer,799,Germany,Female,20,6,0.0,2,1,1,156719.81,0
5307,15366102,Lima,797,France,Male,43,3,0.0,1,1,1,71516.11,0
5308,15266503,Costa,590,France,Male,55,5,201348.97,1,0,1,63959.17,0
5309,15653573,Dubois,578,Spain,Male,40,4,109002.44,1,1,0,54055.09,0
5310,15467812,Bernard,693,Spain,Female,41,4,0.0,2,0,0,23477.4,0
5311,15886121,Thomas,646,France,Male,59,2,222006.5,1,1,0,50616.71,1
5312,15518139,Dubois,618,Germany,Male,18,4,0.0,1,1,0,131336.53,0
5313,15777034,Müller,545,Spain,Female,44,2,0.0,3,0,0,64812.56,1
5314,15034538,Gomes,770,Spain,Female,60,3,50614.74,2,0,0,71305.55,0
5315,15649027,Ferreira,548,Germany,Female,43,4,70877.52,1,0,1,49476.31,0
5316,15625894,Souza,730,France,Male,31,5,153774.3,1,0,1,102253.7,0
5317,15498716,Ferreira,350,France,Female,19,3,210206.9,2,0,0,111204.09,0
5318,15132737,Martin,666,Spain,Female,37,5,52293.81,2,1,1,195252.39,0
5319,15988755,Meyer,749,France,Male,28,2,202328.63,1,0,0,103922.61,0
5320,15352191,Dubois,776,Germany,Male,48,0,76414.97,2,1,1,143815.05,0
5321,15056749,Souza,512,France,Male,28,4,0.0,1,0,0,108216.2,0
5322,15134237,Robert,620,France,Male,34,4,56609.78,1,0,1,180950.13,0
5323,15776250,Lima,726,France,Female,35,5,147910.25,2,1,0,74197.9,0
5324,15867702,Souza,772,Spain,Male,36,3,242830.3,2,1,0,141532.08,0
5325,15367296,Thomas,644,France,Female,48,0,42708.98,2,0,1,69203.56,0
5326,15659225,Martin,572,Germany,Male,43,6,0.0,1,1,1,165238.08,0
5327,15146512,Schmidt,730,France,Male,19,8,0.0,1,1,1,68148.73,0
5328,15557589,Thomas,667,France,Female,27,3,115278.48,1,1,0,46194.45,1
5329,15857631,Robert,610,France,Male,22,5,204628.21,1,0,1,186382.69,0
5330,15499861,Weber,736,Germany,Male,38,4,0.0,1,1,1,180678.08,0
5331,15202005,Dubois,625,France,Female,24,5,58470.92,1,1,0,135260.44,0
5332,15612189,Fischer,733,France,Male,44,6,31001.78,2,0,0,57026.27,0
5333,15327585,Souza,612,France,Male,31,6,60993.3,1,0,0,70610.2,0
5334,15738329,Fischer,703,France,Male,75,6,0.0,1,0,1,146971.88,0
5335,15236508,Costa,850,Spain,Male,47,1,198082.05,2,1,1,38649.93,0
5336,15635623,Souza,580,Spain,Male,31,2,38206.66,2,1,1,78541.32,0
5337,15934901,Meyer,369,France,Female,52,5,159596.6,1,1,0,198663.38,1
5338,15978112,Thomas,629,Germany,Female,50,4,58261.33,1,1,1,134337.1,0
5339,15378895,Thomas,777,Spain,Male,42,6,149835.27,2,1,0,28531.61,0
5340,15062583,Bernard,653,France,Female,69,1,57400.56,1,1,0,170970.72,1
5341,15823932,Bernard,556,Spain,Male,36,5,0.0,1,1,1,16254.65,0
5342,15677101,Lima,850,Spain,Female,55,4,73451.14,3,0,1,194696.97,1
5343,15078123,Martin,574,France,Female,36,6,155283.93,2,0,0,194826.28,0
5344,15343893,Fischer,642,France,Female,57,2,0.0,2,1,0,73548.07,0
5345,15925584,Müller,479,Spain,Male,36,3,174215.39,1,1,1,115354.97,0
5346,15682904,Costa,656,Germany,Male,33,2,63934.53,1,1,0,28631.92,0
5347,15248259,Pereira,525,France,Female,41,4,0.0,2,1,0,72262.62,0
5348,15906877,Bernard,805,France,Male,34,7,109848.72,2,0,0,133409.35,0
5349,15223067,Silva,550,France,Female,39,5,74534.5,2,0,0,117451.55,0
5350,15842875,Gomes,668,Germany,Male,38,6,131960.3,1,1,0,17449.7,1
5351,15503500,Meyer,673,Germany,Female,48,1,0.0,1,1,1,54058.45,0
5352,15974178,Bernard,671,Spain,Male,52,4,244770.91,1,1,0,194978.17,1
5353,15218517,Weber,728,France,Male,46,6,200222.02,2,1,1,157301.55,0
5354,15353321,Gomes,725,Germany,Male,54,6,93065.21,2,0,0,151099.66,0
5355,15296103,Fischer,645,Germany,Female,45,9,64040.32,1,0,0,94901.99,1
5356,15165798,Ferreira,516,France,Male,19,4,74392.88,2,1,1,40062.14,0
5357,15689190,Weber,554,France,Male,21,0,224922.58,2,1,0,158991.74,0
5358,15742873,Costa,632,Spain,Male,45,7,206262.42,1,1,1,40410.31,0
5359,15063780,Alves,665,Spain,Female,31,8,17073.26,2,0,1,180383.7,0
5360,15686417,Silva,550,France,Female,32,8,90606.16,1,1,1,22272.3,0
5361,15611162,Robert,521,Germany,Male,31,6,0.0,1,0,0,149028.0,0
5362,15045862,Fischer,850,France,Female,47,2,18206.74,2,0,1,78325.16,0
5363,15263530,Dubois,597,Germany,Female,39,2,0.0,2,1,0,119063.58,0
5364,15312943,Robert,649,Germany,Female,58,5,0.0,2,1,0,31631.26,1
5365,15597564,Silva,745,Germany,Male,44,2,210744.1,1,0,0,22442.6,1
5366,15815210,Schmidt,692,Spain,Female,42,8,0.0,2,0,1,177405.76,0
5367,15495856,Ferreira,587,Germany,Male,71,4,174698.7,2,1,1,194551.13,0
5368,15905976,Fischer,715,France,Female,38,0,63931.92,2,1,1,162806.94,0
5369,15066836,Souza,774,Spain,Female,49,2,120075.7,1,1,1,114750.25,0
5370,15926333,Santos,591,France,Female,53,3,8904.85,2,1,1,108442.23,0
5371,15865098,Costa,769,France,Female,50,5,208342.61,1,1,1,189071.77,0
5372,15164817,Schmidt,715,France,Male,55,6,224532.5,1,1,0,45531.9,1
5373,15653919,Lima,624,France,Male,31,2,49696.36,2,1,0,171303.31,0
5374,15479081,Fischer,616,Spain,Male,41,5,204360.96,2,1,0,191881.34,0
5375,15538534,Ferreira,850,France,Female,18,0,0.0,2,1,0,114337.13,0
5376,15501284,Pereira,741,Spain,Male,61,1,27677.75,1,0,0,48582.74,1
5377,15650077,Pereira,595,Germany,Male,56,4,36700.89,2,1,0,94769.57,0
5378,15461514,Fischer,568,France,Male,54,5,194690.26,2,0,1,120986.91,0
5379,15485124,Gomes,499,Spain,Male,49,7,6772.16,1,1,0,60208.46,0
5380,15912337,Silva,538,France,Female,32,4,0.0,1,1,1,183825.01,0
5381,15891868,Martin,711,France,Male,22,2,0.0,1,0,0,116490.61,0
5382,15345825,Santos,690,Germany,Female,58,8,230953.78,1,1,0,56602.11,1
5383,15815238,Schmidt,592,France,Female,36,4,62527.62,2,0,0,71792.11,0
5384,15458942,Alves,676,France,Male,38,4,0.0,1,1,1,133332.11,0
5385,15905127,Santos,427,Germany,Male,49,6,139142.0,1,1,0,178867.05,1
5386,15846602,Santos,746,Germany,Male,33,5,59812.29,1,0,1,77518.58,0
5387,15175625,Meyer,811,France,Female,43,3,141937.66,2,1,1,20349.06,0
5388,15770538,Souza,727,Spain,Female,43,4,33163.72,1,1,0,39684.26,1
5389,15310429,Oliveira,678,Germany,Male,47,5,175770.15,2,1,1,11648.38,0
5390,15529248,Silva,712,Spain,Male,51,7,69264.36,2,1,1,155305.57,0
5391,15621638,Silva,397,France,Female,37,2,138582.65,2,0,0,58325.72,0
5392,15258561,Costa,702,Germany,Male,39,5,0.0,2,1,0,155236.38,0
5393,15548551,Martin,556,Spain,Female,38,7,59859.09,2,1,1,184400.93,0
5394,15292365,Weber,776,Germany,Male,71,0,0.0,2,0,1,56811.79,0
5395,15186023,Ferreira,749,Germany,Male,32,2,0.0,2,0,1,164145.83,0
5396,15825868,Costa,739,France,Female,33,3,232736.56,1,1,0,85123.71,1
5397,15185321,Thomas,593,France,Female,44,5,86315.31,2,1,0,132000.27,0
5398,15193697,Ferreira,558,France,Male,40,6,150956.46,1,1,1,155298.23,0
5399,15643857,Pereira,718,France,Male,61,2,70471.11,2,1,0,98641.81,0
5400,15201083,Bernard,591,Spain,Male,52,2,42476.76,2,1,0,44427.89,0
5401,15837136,Dubois,559,France,Male,48,6,181269.01,1,1,1,13287.86,0
5402,15758797,Schmidt,512,Spain,Female,45,2,0.0,2,0,0,13298.17,0
5403,15608216,Gomes,831,Spain,Male,27,3,99987.95,2,1,1,107572.87,0
5404,15938370,Robert,581,France,Female,50,6,66973.55,2,1,1,173088.29,0
5405,15273530,Fischer,731,France,Male,42,2,0.0,1,1,0,105054.18,0
5406,15893937,Souza,612,Spain,Female,33,6,0.0,1,0,0,60637.26,0
5407,15167111,Thomas,607,Spain,Male,31,4,99167.23,2,1,0,37833.84,0
5408,15999230,Santos,773,France,Female,56,4,0.0,1,1,0,73622.6,1
5409,15108154,Bernard,683,France,Female,34,2,0.0,2,0,0,179934.72,0
5410,15757827,Thomas,697,Germany,Female,46,5,0.0,2,0,1,102863.37,0
5411,15115177,Ferreira,727,Germany,Male,23,7,0.0,1,0,0,34926.64,0
5412,15972497,Alves,727,France,Male,32,5,231275.95,2,1,1,56420.84,0
5413,15327164,Meyer,604,Germany,Male,53,3,10378.68,2,1,0,199244.84,0
5414,15882378,Silva,618,France,Female,36,5,222615.39,1,1,1,112496.94,0
5415,15931967,Schmidt,755,France,Male,42,4,110442.95,2,1,1,30468.41,0
5416,15473941,Weber,835,France,Male,39,6,0.0,1,0,1,77576.97,0
5417,15876859,Santos,619,France,Female,39,4,178311.6,1,1,1,19369.78,0
5418,15674264,Alves,850,France,Female,52,2,0.0,2,0,0,18126.49,0
5419,15030281,Meyer,655,France,Male,41,1,0.0,2,1,1,164060.62,0
5420,15570925,Martin,643,France,Female,52,3,0.0,1,1,1,18425.48,0
5421,15744233,Meyer,796,France,Female,59,5,3742.21,1,1,1,165522.01,0
5422,15647179,Ferreira,589,France,Male,64,2,0.0,1,1,1,14208.19,0
5423,15725091,Schmidt,753,Spain,Female,54,0,132195.24,2,0,0,137210.64,1
5424,15076421,Lima,769,France,Male,18,4,0.0,1,1,1,163437.54,0
5425,15207800,Gomes,785,France,Male,68,3,45376.93,2,1,1,61375.29,0
5426,15490787,Dubois,605,Germany,Male,27,4,0.0,1,0,1,68475.45,0
5427,15209420,Gomes,696,Spain,Male,28,4,94670.57,2,0,0,189898.3,0
5428,15916464,Souza,774,France,Female,23,6,35962.19,2,1,1,59210.65,0
5429,15100555,Müller,652,Germany,Male,35,8,0.0,1,1,0,38650.11,0
5430,15195322,Weber,692,Germany,Female,50,3,13766.84,1,0,0,49026.19,1
5431,15330687,Müller,539,Germany,Male,35,8,38442.49,1,1,0,37317.74,0
5432,15725482,Bernard,606,France,Male,18,2,104446.97,2,0,0,23578.85,0
5433,15083501,Ferreira,527,Germany,Male,37,6,97859.66,2,1,0,159067.39,0
5434,15338417,Costa,660,France,Male,35,5,249057.25,2,1,1,51033.82,0
5435,15763205,Souza,693,Germany,Female,43,0,0.0,1,0,0,150180.14,1
5436,15081214,Souza,850,Germany,Female,39,6,0.0,2,1,1,16123.55,0
5437,15174246,Gomes,435,France,Male,37,7,0.0,1,0,1,51118.22,0
5438,15877006,Weber,653,Spain,Female,40,8,115676.9,2,1,1,46844.53,0
5439,15441364,Bernard,631,France,Male,33,5,0.0,2,1,0,33275.5,0
5440,15989557,Gomes,448,Spain,Female,46,6,24255.81,2,1,0,152486.14,0
5441,15667399,Costa,604,France,Male,34,1,0.0,1,1,1,145269.42,0
5442,15557773,Müller,552,France,Female,37,2,184261.51,2,1,0,167323.33,0
5443,15518583,Schmidt,680,France,Male,32,3,14102.87,2,1,1,133147.97,0
5444,15819891,Bernard,634,Spain,Male,35,4,67420.7,1,1,1,115476.28,0
5445,15098743,Silva,533,France,Male,71,3,0.0,3,1,1,191677.99,1
5446,15393449,Oliveira,669,France,Female,40,5,12662.28,1,1,0,91449.53,1
5447,15187630,Santos,850,France,Male,51,4,0.0,3,0,0,149470.05,1
5448,15403503,Bernard,597,Germany,Female,49,6,0.0,2,0,0,48594.2,0
5449,15890441,Fischer,736,Germany,Female,28,5,0.0,2,1,1,161642.43,0
5450,15818276,Schmidt,773,France,Female,79,6,36677.74,1,1,1,146664.71,1
5451,15112434,Santos,636,France,Male,42,6,181108.93,1,0,1,71454.89,0
5452,15730904,Gomes,629,France,Female,42,6,25942.98,2,1,1,192759.09,0
5453,15497046,Alves,850,France,Male,33,6,198630.82,2,1,0,176914.7,0
5454,15849859,Robert,850,France,Male,49,1,184915.08,2,1,1,158879.38,0
5455,15055746,Santos,802,Germany,Female,33,5,235973.36,1,1,1,106861.92,1
5456,15025916,Oliveira,577,France,Male,28,0,241259.19,2,0,1,116997.78,0
5457,15404026,Ferreira,554,France,Male,53,6,85434.59,2,0,0,170660.62,0
5458,15687567,Dubois,491,France,Female,55,1,0.0,2,1,1,127098.21,0
5459,15281649,Thomas,538,Spain,Male,24,8,217981.98,1,1,1,106777.05,0
5460,15986182,Fischer,477,Spain,Male,59,5,652.74,1,1,1,73294.69,0
5461,15460404,Souza,706,Spain,Female,44,2,0.0,1,1,1,106712.02,0
5462,15128582,Dubois,526,France,Male,30,4,200288.88,2,0,1,13633.71,0
5463,15738773,Lima,550,France,Female,36,6,97112.78,2,1,1,176226.69,0
5464,15259388,Lima,533,France,Female,38,2,0.0,1,1,0,135232.35,0
5465,15223103,Oliveira,617,France,Male,46,4,225258.42,1,1,0,147575.65,0
5466,15468604,Pereira,850,Germany,Male,52,0,83788.29,2,1,1,102004.09,0
5467,15794457,Ferreira,669,Spain,Male,19,6,0.0,1,1,0,194001.87,0
5468,15014117,Ferreira,431,Spain,Male,46,2,75240.75,1,1,1,145532.8,0
5469,15016848,Gomes,614,Spain,Male,47,3,157147.43,1,1,0,197570.36,0
5470,15765191,Robert,508,France,Male,58,4,0.0,2,1,0,198161.59,0
5471,15591438,Ferreira,522,Germany,Female,21,2,0.0,1,1,0,106091.41,1
5472,15312525,Costa,591,France,Male,41,7,0.0,2,1,0,176315.82,0
5473,15290579,Meyer,699,France,Male,51,4,0.0,1,1,0,108772.25,1
5474,15443638,Martin,716,Germany,Female,33,2,0.0,1,0,0,51699.34,1
5475,15381784,Costa,733,France,Male,37,6,44551.14,2,1,0,17691.45,0
5476,15032025,Santos,547,France,Female,55,7,153050.5,2,1,1,78973.55,0
5477,15852928,Pereira,738,France,Male,25,7,0.0,1,0,1,145549.0,0
5478,15439054,Costa,595,Germany,Male,56,4,85422.18,1,1,1,49923.41,0
5479,15299560,Souza,727,Spain,Male,40,3,88925.15,1,0,1,122679.08,0
5480,15425981,Oliveira,663,France,Female,24,8,0.0,1,0,0,89189.23,0
5481,15462037,Weber,822,Spain,Male,31,0,78639.2,2,1,0,158404.79,0
5482,15816278,Meyer,579,France,Female,30,6,79482.69,2,0,0,175497.8,0
5483,15514556,Lima,637,France,Male,27,2,0.0,1,1,1,111049.02,0
5484,15241094,Fischer,784,Germany,Male,41,4,0.0,1,1,1,123780.7,0
5485,15926020,Santos,654,Germany,Male,37,8,39990.51,1,1,0,27608.58,0
5486,15939646,Oliveira,583,Spain,Male,67,5,0.0,2,1,0,148038.52,0
5487,15654647,Ferreira,632,France,Male,48,4,0.0,1,0,1,21304.95,0
5488,15231946,Dubois,826,Germany,Female,32,1,66540.79,1,1,0,110603.89,1
5489,15210686,Pereira,503,Germany,Female,37,3,93780.89,1,1,0,38589.08,1
5490,15687460,Ferreira,623,Spain,Male,41,0,154838.88,2,1,0,76573.44,0
5491,15336396,Martin,740,France,Male,40,7,0.0,2,0,1,109728.07,0
5492,15036137,Santos,649,Germany,Female,21,5,130417.5,1,1,0,163480.08,1
5493,15507497,Oliveira,807,Germany,Male,58,2,68546.4,1,0,0,11818.03,1
5494,15359931,Müller,600,France,Female,33,3,64984.55,1,1,1,54390.84,0
5495,15991483,Costa,690,France,Female,28,6,186457.27,1,1,1,138900.52,0
5496,15310204,Bernard,793,France,Male,49,2,0.0,3,1,1,53679.24,1
5497,15596898,Silva,761,Germany,Female,42,2,215539.58,2,1,1,32744.67,0
5498,15747973,Gomes,498,Spain,Female,32,4,92343.67,1,1,0,121567.37,1
5499,15299465,Bernard,777,Germany,Female,57,2,0.0,1,0,0,47973.04,1
5500,15632866,Martin,654,Germany,Male,45,3,150333.31,2,0,0,45300.6,0
5501,15519054,Müller,569,Germany,Male,42,8,0.0,2,0,1,108290.13,0
5502,15583653,Santos,588,France,Male,37,4,0.0,2,0,0,114163.51,0
5503,15119644,Souza,574,France,Female,74,5,91998.82,2,1,1,110403.51,0
5504,15506578,Alves,557,France,Male,39,5,45998.29,2,1,1,169591.93,0
5505,15565280,Weber,769,France,Male,46,2,0.0,1,1,0,24449.28,0
5506,15576709,Fischer,850,France,Male,40,6,229851.88,1,1,1,36292.36,0
5507,15913491,Robert,657,Germany,Male,41,2,0.0,2,1,1,66412.32,0
5508,15712677,Ferreira,801,France,Female,24,7,52409.78,1,0,1,90206.22,0
5509,15846882,Silva,771,France,Male,25,2,0.0,1,0,1,24746.21,0
5510,15129336,Weber,540,France,Female,54,8,2116.34,3,0,0,43740.77,1
5511,15062031,Meyer,628,France,Female,38,6,0.0,1,1,1,144317.7,0
5512,15954381,Thomas,765,Spain,Male,39,2,17143.28,2,0,0,96944.05,0
5513,15666485,Weber,762,Spain,Male,41,2,0.0,2,1,0,187935.46,0
5514,15482381,Gomes,555,Germany,Male,41,1,0.0,1,1,0,76207.77,0
5515,15136801,Alves,518,France,Male,36,2,0.0,1,0,1,192791.1,0
5516,15341318,Fischer,725,Spain,Female,36,5,0.0,1,1,0,120518.03,0
5517,15176456,Fischer,582,Spain,Female,74,4,112336.53,1,0,1,58560.5,1
5518,15434215,Ferreira,649,Spain,Female,43,5,91835.71,1,1,0,14831.84,1
5519,15531324,Bernard,601,France,Male,37,0,4709.97,2,0,1,192420.35,0
5520,15448778,Costa,587,Germany,Male,55,1,53044.27,2,0,1,139650.42,0
5521,15711380,Meyer,646,Spain,Female,42,5,127968.58,1,0,0,128924.75,1
5522,15779253,Schmidt,704,Germany,Male,36,6,0.0,1,0,1,68395.39,0
5523,15086006,Fischer,850,Germany,Female,39,3,230447.61,2,1,1,105416.55,0
5524,15668663,Pereira,554,France,Male,39,2,0.0,1,1,0,12676.22,0
5525,15493580,Santos,583,Germany,Male,53,3,169493.17,2,0,1,113956.83,0
5526,15287570,Souza,593,France,Female,25,4,214338.04,2,0,0,58747.09,0
5527,15907691,Oliveira,690,Germany,Male,32,5,64116.68,1,1,0,130112.06,0
5528,15621559,Oliveira,559,France,Male,59,4,0.0,1,1,0,15927.89,1
5529,15837064,Müller,690,France,Male,24,7,14786.76,2,1,0,189267.88,0
5530,15583467,Robert,442,France,Male,50,3,135560.23,2,1,0,159193.03,0
5531,15662129,Gomes,534,Germany,Female,36,2,0.0,2,1,1,195392.6,0
5532,15580997,Bernard,633,France,Male,47,2,169570.98,2,0,1,52084.46,0
5533,15144718,Schmidt,570,Germany,Male,39,4,0.0,2,0,0,64367.34,0
5534,15282535,Santos,732,Spain,Female,21,6,205014.59,1,1,1,64752.85,0
5535,15446735,Souza,627,France,Female,48,6,186583.05,2,1,1,25135.72,0
5536,15375111,Schmidt,573,France,Male,42,2,91057.83,1,1,0,154031.42,0
5537,15024948,Lima,632,France,Female,43,0,244759.9,2,1,1,66442.69,0
5538,15728172,Bernard,701,Spain,Male,43,6,0.0,2,1,1,94874.54,0
5539,15715148,Ferreira,765,Germany,Male,46,2,157489.15,1,1,1,112864.28,0
5540,15582825,Oliveira,716,France,Male,42,6,90122.88,1,1,0,132936.25,0
5541,15332204,Oliveira,704,France,Female,42,4,0.0,1,1,1,108120.44,0
5542,15340519,Bernard,809,Germany,Female,44,4,67069.02,1,1,1,31478.11,0
5543,15620055,Martin,493,Spain,Female,41,2,102583.68,1,1,0,117009.72,1
5544,15621240,Lima,661,Spain,Male,41,5,0.0,2,1,1,21710.21,0
5545,15641722,Meyer,634,Germany,Male,20,6,52090.54,1,1,0,57818.88,0
5546,15837985,Lima,673,France,Male,33,4,196267.47,2,1,0,157641.81,0
5547,15669352,Meyer,606,France,Male,40,4,0.0,1,0,0,78302.15,0
5548,15665181,Ferreira,636,France,Female,53,6,23489.06,2,1,1,166312.72,0
5549,15980746,Alves,717,France,Female,48,4,0.0,2,1,0,72815.87,0
5550,15574272,Bernard,739,France,Male,47,6,0.0,1,1,1,23724.41,0
5551,15875915,Souza,626,France,Male,40,1,213377.02,1,1,0,77990.23,0
5552,15612569,Ferreira,516,France,Female,23,6,61600.56,1,1,1,120545.17,0
5553,15500194,Gomes,770,Spain,Female,52,3,0.0,2,0,1,113191.89,0
5554,15268775,Weber,585,Germany,Female,53,2,193262.88,2,1,1,171847.96,0
5555,15252170,Dubois,524,Spain,Female,24,0,0.0,1,1,0,141755.19,0
5556,15732844,Fischer,685,Germany,Male,58,6,170333.9,2,1,0,94044.52,1
5557,15480814,Meyer,688,France,Male,34,1,26774.58,2,1,0,155530.17,0
5558,15696566,Ferreira,788,Germany,Male,35,8,37840.35,1,1,1,41911.55,0
5559,15655235,Weber,623,France,Male,44,5,95964.6,1,0,0,107315.63,0
5560,15333526,Gomes,676,Germany,Male,45,5,0.0,1,1,1,48584.81,0
5561,15941995,Weber,687,France,Male,53,6,98685.26,1,1,0,141566.83,1
5562,15762936,Souza,614,Spain,Female,27,3,53218.06,1,0,0,72292.42,0
5563,15012327,Fischer,610,France,Male,38,6,80359.66,1,1,0,160811.21,0
5564,15504015,Bernard,775,France,Female,36,8,135172.84,2,1,0,57195.29,0
5565,15992578,Ferreira,599,Spain,Female,31,3,26422.72,2,1,1,182468.37,0
5566,15574007,Martin,592,France,Female,45,6,75696.89,1,1,0,120987.21,1
5567,15450195,Lima,790,Germany,Male,35,6,0.0,1,1,1,118518.68,0
5568,15250282,Pereira,510,Germany,Female,38,5,126814.79,1,1,0,198607.31,1
5569,15289051,Costa,721,Spain,Female,34,3,181504.08,2,0,1,50227.54,0
5570,15503616,Thomas,758,Spain,Female,45,4,22808.7,2,1,0,56685.45,0
5571,15694002,Bernard,523,Spain,Male,45,3,214689.87,1,1,1,171319.73,0
5572,15264338,Robert,583,France,Male,46,4,0.0,1,1,1,138927.88,0
5573,15190659,Bernard,607,Spain,Male,31,9,79695.14,2,1,0,135369.4,0
5574,15852369,Santos,799,Germany,Female,33,3,0.0,2,1,0,172641.26,0
5575,15008480,Pereira,709,Germany,Female,27,5,127206.17,2,1,0,187692.43,0
5576,15956593,Oliveira,776,France,Male,18,3,63269.37,2,0,1,122374.66,0
5577,15766855,Souza,749,Germany,Male,33,4,137186.59,2,0,1,58855.53,0
5578,15755057,Costa,597,Spain,Male,21,1,244940.49,1,1,0,62111.21,0
5579,15444528,Müller,802,Spain,Male,49,6,0.0,1,1,1,176665.04,0
5580,15531023,Oliveira,558,France,Male,62,5,8018.77,1,0,0,39366.01,1
5581,15557945,Lima,642,France,Male,26,3,57984.5,2,1,0,90345.08,0
5582,15759282,Pereira,637,France,Female,58,4,152255.12,2,1,1,41804.99,0
5583,15140802,Thomas,662,Spain,Female,22,7,87364.51,1,1,1,140522.77,0
5584,15425939,Alves,818,Germany,Male,47,0,2952.42,2,0,0,136945.81,0
5585,15165765,Pereira,561,France,Female,47,8,77929.49,2,1,0,180904.88,0
5586,15345701,Ferreira,651,France,Female,56,4,82950.33,1,1,1,85189.08,0
5587,15478349,Souza,670,France,Female,29,6,190771.71,2,1,1,54884.52,0
5588,15366756,Santos,645,France,Female,31,6,1246.17,1,1,0,80176.76,1
5589,15958069,Thomas,657,Spain,Female,27,1,142589.94,1,1,0,142951.61,1
5590,15203897,Costa,425,Germany,Female,39,6,156846.71,1,1,0,29725.44,1
5591,15399435,Oliveira,652,France,Male,57,6,0.0,1,1,1,27319.51,0
5592,15301772,Meyer,693,Germany,Male,51,0,0.0,2,1,1,190027.62,0
5593,15253656,Ferreira,633,France,Male,47,8,86296.85,2,1,0,27798.02,0
5594,15084700,Martin,690,Spain,Male,48,5,0.0,1,0,1,192999.26,0
5595,15636675,Robert,621,France,Female,53,2,0.0,2,1,1,148186.81,0
5596,15060647,Costa,576,France,Female,37,2,66063.62,2,1,0,102538.15,0
5597,15248085,Bernard,618,France,Female,30,5,41595.32,2,0,0,23359.13,0
5598,15835066,Santos,726,Germany,Male,51,1,0.0,1,1,0,92399.13,1
5599,15247226,Thomas,585,Germany,Male,38,2,74275.47,1,0,1,180587.09,0
5600,15323262,Alves,752,Germany,Female,20,8,0.0,1,1,0,131212.39,1
5601,15934515,Santos,797,France,Female,23,6,44628.31,2,1,0,74069.31,0
5602,15833883,Oliveira,641,France,Male,49,5,0.0,2,1,0,103294.56,0
5603,15502956,Dubois,474,France,Male,50,2,0.0,1,1,1,126189.07,0
5604,15962478,Müller,838,Germany,Male,33,2,0.0,2,1,1,56819.1,0
5605,15982029,Pereira,849,France,Female,45,4,90540.71,1,1,0,152944.87,1
5606,15486280,Thomas,682,Germany,Female,58,6,161041.17,2,1,0,136066.82,1
5607,15445380,Alves,816,Spain,Male,55,0,0.0,2,1,1,134772.91,0
5608,15746749,Thomas,601,Spain,Male,44,0,0.0,2,1,1,155848.44,0
5609,15941823,Meyer,691,France,Male,52,7,110049.63,2,1,1,150261.54,0
5610,15913092,Schmidt,567,France,Male,41,6,143055.13,1,1,0,110338.36,0
5611,15513819,Fischer,743,France,Male,34,5,0.0,1,0,0,173958.8,0
5612,15247313,Alves,684,Germany,Male,39,4,0.0,2,1,0,104518.2,0
5613,15985650,Souza,541,Spain,Female,46,2,0.0,2,1,1,74436.68,0
5614,15547507,Alves,558,France,Female,20,1,102396.6,1,1,0,65399.46,1
5615,15866612,Robert,549,France,Male,32,7,205287.51,2,1,1,34573.16,0
5616,15982621,Alves,709,Spain,Female,39,3,0.0,1,0,1,151008.13,0
5617,15442311,Thomas,664,Spain,Male,26,5,0.0,1,1,0,17792.11,0
5618,15633737,Costa,679,France,Male,23,4,0.0,1,1,0,163649.26,0
5619,15200596,Dubois,694,Germany,Male,32,6,0.0,2,0,0,172203.11,0
5620,15049468,Oliveira,673,France,Female,43,2,170483.78,1,1,1,129530.26,0
5621,15964466,Silva,712,France,Female,60,4,0.0,3,1,1,58929.75,1
5622,15038728,Weber,657,Spain,Male,48,3,44950.89,2,0,0,49426.49,0
5623,15859233,Lima,564,Spain,Male,35,2,0.0,1,0,1,25394.41,0
5624,15188824,Weber,514,Spain,Male,33,5,95544.9,2,1,1,181369.14,0
5625,15797642,Costa,696,France,Male,33,4,0.0,2,1,0,105491.16,0
5626,15687202,Souza,783,Spain,Female,19,4,0.0,2,1,1,83440.54,0
5627,15442405,Souza,633,France,Male,59,5,189327.17,1,1,1,198468.76,0
5628,15925034,Pereira,850,France,Male,40,2,0.0,1,1,0,26628.83,0
5629,15687979,Weber,624,Germany,Male,52,3,0.0,1,1,1,159235.66,0
5630,15601549,Dubois,850,France,Female,45,3,69146.77,1,1,1,174296.09,0
5631,15189254,Souza,645,Spain,Female,39,6,63776.67,1,1,0,161835.49,0
5632,15560426,Robert,769,Germany,Male,42,0,94357.16,2,1,1,175391.19,0
5633,15289246,Souza,607,France,Male,40,3,0.0,1,1,1,69274.31,0
5634,15349343,Müller,587,France,Male,33,7,47825.06,1,1,1,191042.82,0
5635,15814397,Silva,678,France,Female,42,3,0.0,1,1,1,177350.26,0
5636,15956412,Souza,711,France,Female,79,2,201030.25,4,1,0,134145.98,1
5637,15233092,Gomes,643,Germany,Male,60,6,0.0,2,0,0,182682.58,0
5638,15996794,Schmidt,517,Spain,Female,55,0,0.0,2,0,0,167905.7,0
5639,15526745,Schmidt,700,France,Male,18,4,83262.78,1,1,0,165761.49,0
5640,15460408,Pereira,850,France,Male,27,6,0.0,1,0,1,28481.97,0
5641,15349036,Silva,650,Germany,Male,25,8,246836.99,2,0,0,110680.74,0
5642,15752422,Weber,679,Spain,Female,31,2,0.0,2,1,0,76294.46,0
5643,15555940,Pereira,484,France,Male,32,3,191510.1,1,1,1,46352.38,0
5644,15331886,Meyer,794,France,Female,50,5,102980.38,2,0,0,128276.98,0
5645,15781742,Robert,688,Germany,Female,41,2,0.0,1,0,1,135315.49,0
5646,15388931,Lima,754,France,Male,51,2,0.0,1,1,1,74086.69,0
5647,15357695,Weber,613,France,Male,69,4,205183.68,2,1,0,122202.49,1
5648,15330567,Ferreira,672,Germany,Male,28,1,0.0,2,1,0,164670.31,0
5649,15619852,Weber,609,Germany,Female,51,7,22844.04,1,1,0,145361.08,1
5650,15402036,Alves,427,Germany,Female,48,3,0.0,2,0,1,66992.13,0
5651,15601986,Dubois,650,Germany,Female,37,3,16929.74,2,1,0,199710.6,0
5652,15967880,Alves,649,Germany,Female,56,6,0.0,2,1,1,176130.77,0
5653,15932134,Fischer,732,France,Male,23,3,0.0,1,1,0,155820.74,0
5654,15340754,Meyer,515,France,Female,53,6,0.0,2,1,1,196948.49,0
5655,15092489,Dubois,629,France,Male,47,2,0.0,2,1,1,169739.43,0
5656,15954613,Oliveira,593,France,Female,57,4,0.0,1,0,1,156477.32,0
5657,15743550,Schmidt,402,Germany,Female,63,6,0.0,2,0,0,171493.5,1
5658,15724197,Silva,618,Spain,Male,50,4,227513.2,2,1,0,30716.98,0
5659,15540197,Weber,744,Spain,Female,26,1,58158.63,1,0,1,120651.06,0
5660,15012239,Thomas,579,Germany,Female,28,6,0.0,1,0,1,69643.71,0
5661,15006460,Meyer,667,France,Female,31,4,0.0,2,0,0,102782.25,0
5662,15820807,Souza,682,France,Female,22,3,0.0,1,0,1,175866.54,0
5663,15205017,Souza,665,Spain,Male,54,9,88342.63,2,1,0,71768.9,0
5664,15953405,Dubois,596,Germany,Female,37,7,72903.22,1,0,1,29247.42,0
5665,15343646,Oliveira,687,Germany,Male,76,0,239437.62,2,1,0,22699.08,1
5666,15646041,Alves,648,Spain,Male,49,5,77467.77,2,1,1,70731.5,0
5667,15698860,Lima,546,Germany,Male,19,3,64662.0,2,1,0,59189.22,0
5668,15210036,Costa,688,Spain,Female,37,0,0.0,1,1,0,14413.73,0
5669,15849919,Thomas,743,France,Male,38,0,93528.99,1,1,1,76023.88,0
5670,15247491,Fischer,578,Germany,Female,48,5,55572.17,2,1,0,121397.46,0
5671,15980498,Ferreira,709,Spain,Male,42,3,248559.18,1,0,1,96507.93,0
5672,15603742,Thomas,850,France,Male,27,5,65856.59,1,1,1,17162.59,0
5673,15944382,Santos,762,Germany,Female,48,4,22473.51,2,0,0,41432.04,0
5674,15646819,Robert,708,France,Male,44,6,0.0,1,0,1,83493.88,0
5675,15264702,Robert,691,Spain,Male,54,6,89787.62,1,0,0,165107.16,1
5676,15414321,Ferreira,585,France,Male,53,5,0.0,2,1,0,112047.42,0
5677,15814643,Santos,590,Germany,Female,39,4,0.0,1,1,1,118262.67,0
5678,15589777,Souza,693,France,Male,21,9,85012.1,2,0,0,101099.39,0
5679,15139846,Meyer,654,Germany,Male,43,3,0.0,1,1,1,177477.02,0
5680,15237626,Ferreira,829,France,Female,61,4,0.0,1,1,1,157477.17,1
5681,15954801,Pereira,531,France,Male,36,4,43285.0,1,1,0,152789.47,0
5682,15027257,Bernard,554,France,Female,31,4,72093.0,2,1,1,194881.73,0
5683,15747724,Lima,508,Spain,Female,18,2,214385.72,1,1,1,15455.12,0
5684,15960604,Santos,802,France,Male,37,3,0.0,3,1,0,119351.37,1
5685,15969746,Souza,483,France,Male,40,2,0.0,2,0,0,48657.44,0
5686,15820398,Alves,627,Spain,Male,37,7,147447.4,2,1,0,198731.99,0
5687,15267489,Fischer,593,France,Male,50,5,79918.48,1,0,1,62638.37,0
5688,15502908,Silva,411,Spain,Female,34,3,0.0,2,0,1,33769.35,0
5689,15720500,Souza,509,France,Female,22,5,123978.9,2,1,0,18128.98,0
5690,15987357,Müller,615,Germany,Male,33,6,0.0,1,0,1,133874.17,0
5691,15163000,Thomas,632,France,Female,51,8,62884.05,2,0,0,16041.48,0
5692,15794444,Souza,716,France,Male,50,1,8109.85,3,1,0,18462.85,1
5693,15895365,Müller,640,Germany,Male,78,6,0.0,1,1,0,62831.59,1
5694,15683448,Thomas,594,Germany,Female,44,8,86092.02,2,0,0,147404.45,0
5695,15248359,Thomas,728,Spain,Female,38,4,0.0,2,0,0,132982.79,0
5696,15165393,Alves,803,France,Male,35,9,0.0,1,1,1,74516.91,0
5697,15284784,Silva,515,France,Male,48,8,111128.85,1,1,0,60610.24,0
5698,15072962,Bernard,617,France,Male,43,5,91381.94,2,0,1,177623.56,0
5699,15452166,Martin,797,Spain,Male,41,6,229821.55,2,0,0,92732.51,0
5700,15788969,Dubois,592,France,Male,43,3,9394.77,2,1,1,42431.3,0
5701,15915862,Alves,603,France,Female,46,7,60311.74,1,0,0,72439.06,1
5702,15754428,Ferreira,850,France,Female,27,5,0.0,2,0,1,76315.27,0
5703,15557096,Souza,687,Germany,Female,54,4,0.0,2,1,1,110270.4,0
5704,15109679,Alves,642,France,Female,45,6,0.0,1,1,1,130778.88,0
5705,15566314,Bernard,772,Spain,Female,35,7,0.0,2,1,1,106688.05,0
5706,15383736,Bernard,734,France,Female,43,5,16397.31,2,0,1,39475.08,0
5707,15982728,Ferreira,850,Spain,Female,43,0,0.0,2,1,1,143968.2,0
5708,15313889,Meyer,771,France,Female,18,5,171551.19,1,1,0,24591.44,1
5709,15389808,Thomas,553,Germany,Male,37,6,0.0,1,1,1,116774.7,0
5710,15335445,Weber,578,Spain,Male,35,4,0.0,1,1,0,88710.67,0
5711,15533849,Lima,710,France,Female,34,8,9245.53,2,1,0,47951.1,0
5712,15493418,Silva,758,Spain,Male,23,7,54668.25,2,1,1,148801.49,0
5713,15865480,Robert,776,France,Female,19,4,46401.41,1,0,1,80821.92,0
5714,15755312,Oliveira,728,Spain,Male,30,4,84021.91,2,0,1,103486.55,0
5715,15414586,Lima,653,Germany,Female,39,1,127744.98,1,1,0,143468.18,1
5716,15381902,Lima,735,France,Male,53,5,0.0,1,0,1,168031.39,0
5717,15333316,Bernard,850,France,Female,40,3,154347.62,1,0,1,42977.6,0
5718,15507213,Robert,688,France,Male,39,5,16844.13,1,1,0,85743.88,0
5719,15104575,Lima,702,France,Female,36,6,25762.97,2,1,0,26418.33,0
5720,15576098,Fischer,676,France,Male,51,4,94893.16,1,0,0,23963.83,1
5721,15168529,Weber,624,France,Female,19,0,64958.52,2,1,0,112561.89,0
5722,15195012,Bernard,700,France,Female,35,6,0.0,2,1,0,123487.76,0
5723,15206559,Weber,760,Spain,Male,35,4,87367.22,4,1,0,42399.13,1
5724,15702376,Robert,609,France,Female,70,3,0.0,1,1,1,40001.15,1
5725,15629900,Bernard,603,France,Male,49,5,0.0,2,1,0,135539.96,0
5726,15600862,Ferreira,715,Germany,Female,18,5,515.35,1,1,0,168799.49,1
5727,15857996,Meyer,624,France,Male,32,2,64524.28,1,1,1,197593.91,0
5728,15635905,Santos,850,France,Male,30,5,141320.84,1,1,0,65072.86,0
5729,15040788,Oliveira,721,France,Female,28,3,52611.6,1,1,0,183776.72,0
5730,15278896,Bernard,681,Spain,Female,54,6,79526.78,1,1,1,149794.23,0
5731,15901273,Robert,808,Spain,Male,42,8,0.0,1,1,1,16771.33,0
5732,15828234,Oliveira,586,France,Male,47,1,84116.88,1,0,0,66601.1,0
5733,15274237,Gomes,843,Germany,Male,36,7,220841.8,2,1,0,95611.33,0
5734,15761656,Alves,850,Germany,Female,48,7,209487.09,1,1,0,75606.86,1
5735,15172407,Lima,669,Germany,Male,40,3,1629.96,1,1,1,182120.08,0
5736,15554479,Fischer,676,Germany,Female,34,0,13442.74,1,1,1,185824.27,0
5737,15156896,Weber,599,Germany,Female,43,5,120903.65,1,1,0,76100.76,1
5738,15267754,Dubois,419,France,Male,18,3,0.0,1,0,0,86780.67,0
5739,15035526,Costa,730,France,Female,43,2,84206.26,4,0,1,157956.3,1
5740,15594368,Müller,397,France,Female,53,2,0.0,2,0,1,41397.25,0
5741,15585863,Souza,674,Spain,Female,20,2,0.0,1,1,1,35092.1,0
5742,15004173,Alves,652,Germany,Male,55,2,0.0,1,1,0,151804.45,1
5743,15894649,Souza,722,Spain,Male,25,6,0.0,1,1,1,110800.5,0
5744,15992859,Martin,461,Spain,Male,34,6,0.0,1,1,1,46131.26,0
5745,15819021,Silva,850,France,Male,42,4,116990.02,2,0,0,173596.24,0
5746,15357537,Martin,725,Germany,Male,46,4,166432.98,2,1,0,90134.37,0
5747,15964670,Pereira,619,Germany,Male,24,7,89246.21,2,1,1,127752.51,0
5748,15262156,Alves,679,Spain,Female,57,7,128431.99,2,0,1,196983.09,0
5749,15056960,Fischer,738,Spain,Female,75,6,0.0,1,0,1,190219.45,1
5750,15632499,Martin,436,Germany,Female,28,3,0.0,1,0,0,32180.65,1
5751,15281026,Müller,631,France,Male,53,3,76947.71,2,1,0,152573.13,0
5752,15350241,Weber,596,Spain,Male,43,7,124499.56,1,1,0,156515.68,0
5753,15710382,Alves,547,France,Female,78,7,83486.3,2,0,0,168630.22,1
5754,15214222,Weber,615,Spain,Female,24,6,0.0,2,1,0,183333.71,0
5755,15506540,Dubois,636,Spain,Male,54,6,0.0,2,1,1,159745.71,0
5756,15027880,Meyer,686,France,Male,20,5,26926.51,2,0,0,106673.67,0
5757,15294021,Alves,721,Germany,Male,52,3,94564.77,2,1,1,102745.56,0
5758,15560982,Oliveira,673,France,Female,45,2,68142.72,2,0,1,156609.73,0
5759,15672310,Schmidt,560,France,Female,38,2,72681.86,1,1,0,117045.41,1
5760,15077108,Müller,644,France,Female,35,6,0.0,2,1,0,19424.82,0
5761,15377332,Ferreira,484,Spain,Female,58,6,210589.98,2,1,0,44760.01,1
5762,15135301,Weber,627,Spain,Female,47,3,63049.24,2,1,1,34999.03,0
5763,15209127,Silva,564,Spain,Male,40,0,0.0,1,0,1,32874.01,0
5764,15803050,Schmidt,799,France,Female,32,8,68946.28,2,1,0,88172.57,0
5765,15812163,Lima,695,Spain,Female,53,4,0.0,1,0,0,35415.54,1
5766,15058249,Costa,737,Germany,Female,36,8,83721.61,2,1,0,94295.69,0
5767,15087461,Santos,628,France,Male,19,5,0.0,1,1,0,184871.17,0
5768,15090814,Pereira,727,France,Male,52,2,0.0,1,1,1,88747.24,0
5769,15923768,Fischer,708,France,Male,37,3,14761.39,1,1,0,105453.17,0
5770,15666235,Thomas,703,Spain,Female,34,5,0.0,2,0,1,27699.58,0
5771,15743829,Pereira,710,Germany,Female,38,5,0.0,2,1,1,181654.7,0
5772,15405158,Silva,801,Germany,Female,55,2,0.0,1,0,1,163386.34,1
5773,15564696,Santos,697,France,Female,37,2,64927.3,2,1,1,96752.66,0
5774,15316784,Bernard,583,Germany,Male,50,3,128199.83,2,1,1,110163.97,0
5775,15934438,Müller,658,France,Male,55,6,69312.22,2,0,0,187149.6,0
5776,15021446,Ferreira,789,France,Male,25,2,50651.0,2,1,1,91498.11,0
5777,15948955,Oliveira,673,Germany,Male,58,5,0.0,2,0,0,34545.16,0
5778,15602879,Martin,593,France,Male,36,6,115711.66,2,1,0,123091.78,0
5779,15777986,Gomes,603,Spain,Female,41,3,49290.88,2,1,0,73903.01,0
5780,15685876,Costa,604,France,Male,32,0,33345.72,2,0,1,75912.86,0
5781,15472405,Weber,745,Germany,Female,42,2,249707.94,1,1,0,183231.89,1
5782,15025985,Bernard,585,France,Male,31,3,0.0,2,1,1,137523.16,0
5783,15104761,Meyer,751,Germany,Female,21,2,30206.83,1,0,0,146638.32,1
5784,15077989,Dubois,716,France,Female,62,3,80230.2,2,1,0,146128.88,1
5785,15132804,Fischer,850,France,Male,21,4,96698.82,1,1,1,129605.12,0
5786,15743279,Weber,770,Spain,Female,59,0,98299.33,1,1,1,192654.46,0
5787,15617732,Thomas,559,France,Female,19,1,96060.93,1,1,1,56881.76,0
5788,15039458,Alves,850,Spain,Female,32,6,231843.18,1,0,0,98513.17,1
5789,15743485,Alves,727,Spain,Female,51,4,206984.9,2,0,0,138960.71,1
5790,15083860,Lima,639,France,Male,34,8,0.0,3,1,0,39175.3,1
5791,15856792,Ferreira,733,France,Male,52,0,47851.55,2,1,0,58175.99,0
5792,15009691,Robert,824,Germany,Male,42,0,17864.04,1,1,0,69376.87,1
5793,15165517,Weber,704,Spain,Female,35,6,204956.52,1,1,0,82389.05,1
5794,15873243,Pereira,523,Spain,Male,49,4,0.0,1,1,1,76013.25,0
5795,15209722,Silva,850,Germany,Female,39,7,0.0,2,0,1,21928.55,0
5796,15054842,Martin,531,Spain,Female,32,6,0.0,1,1,0,81686.61,0
5797,15740855,Meyer,763,France,Female,47,4,168694.17,2,0,1,46244.06,0
5798,15823062,Weber,743,Spain,Male,34,4,202355.72,2,1,0,28592.22,0
5799,15741871,Martin,766,Spain,Female,37,6,0.0,1,0,0,60339.43,0
5800,15512752,Ferreira,556,France,Female,51,6,124086.01,2,1,0,55221.1,1
5801,15379227,Souza,760,France,Male,56,3,116845.09,1,1,1,37886.59,0
5802,15662508,Martin,711,France,Female,50,5,58649.39,1,1,0,36275.21,1
5803,15269888,Souza,557,France,Male,46,5,0.0,2,1,0,147070.72,0
5804,15506982,Gomes,628,Spain,Female,42,6,0.0,2,1,0,199193.62,0
5805,15163845,Bernard,771,France,Female,47,6,0.0,2,0,1,18764.02,0
5806,15271690,Müller,746,France,Female,39,3,0.0,1,0,0,106528.77,0
5807,15937979,Robert,608,France,Female,76,7,192812.72,1,1,0,42279.99,1
5808,15948134,Alves,722,Spain,Male,23,7,0.0,2,1,1,35367.66,0
5809,15897978,Müller,697,Germany,Male,45,2,53534.56,1,1,1,40433.47,0
5810,15962286,Santos,698,France,Female,52,5,225257.28,1,0,1,137276.34,1
5811,15617732,Thomas,627,France,Female,41,4,30633.51,2,1,1,33662.07,0
5812,15044886,Ferreira,623,Spain,Female,55,3,0.0,2,0,1,119844.63,0
5813,15517846,Müller,651,Spain,Male,39,5,491.08,2,1,0,54259.65,0
5814,15485822,Ferreira,487,France,Male,38,2,0.0,2,1,1,191704.22,0
5815,15323532,Gomes,603,France,Female,59,6,217184.97,1,0,1,105819.6,1
5816,15232246,Ferreira,596,France,Male,37,0,121422.35,2,1,1,165485.52,0
5817,15014128,Silva,598,France,Male,44,5,135019.71,1,1,1,189491.08,0
5818,15208219,Schmidt,607,Germany,Male,25,2,150379.94,3,1,1,71938.05,1
5819,15377510,Silva,811,Spain,Female,45,5,54781.2,2,1,1,13845.83,0
5820,15269445,Dubois,521,France,Female,47,4,46761.39,2,1,1,196165.62,0
5821,15750937,Meyer,492,Spain,Female,35,9,94974.17,2,0,1,44521.64,0
5822,15253189,Fischer,503,France,Male,44,6,0.0,2,0,0,92995.68,0
5823,15898335,Fischer,607,Germany,Male,46,3,50515.71,1,1,1,93311.36,0
5824,15861642,Bernard,644,Germany,Male,20,4,171039.29,1,1,1,37892.93,0
5825,15859559,Meyer,703,France,Female,47,3,84783.61,1,1,0,101535.13,1
5826,15082682,Alves,464,France,Female,47,6,209520.61,1,1,1,154334.12,0
5827,15897923,Oliveira,638,Germany,Female,40,4,232071.42,2,1,1,87537.67,0
5828,15867960,Pereira,560,France,Male,47,2,52781.43,1,0,1,33618.57,0
5829,15714259,Ferreira,799,France,Female,40,5,140973.77,1,1,1,120162.0,0
5830,15577517,Oliveira,620,Germany,Female,31,0,0.0,1,0,1,189184.46,0
5831,15812973,Robert,615,Spain,Male,32,3,0.0,2,0,0,26381.94,0
5832,15576062,Bernard,736,France,Female,48,7,201327.7,2,1,0,62387.66,0
5833,15632794,Lima,611,Spain,Female,52,1,75658.71,1,1,0,187890.19,1
5834,15230316,Gomes,597,France,Female,30,4,173453.61,1,0,1,125151.51,0
5835,15748282,Alves,553,Spain,Male,31,6,0.0,2,0,0,106142.87,0
5836,15862032,Gomes,617,Germany,Male,27,7,55434.04,1,1,1,71161.63,0
5837,15751346,Robert,588,Spain,Male,42,5,0.0,2,1,1,121040.27,0
5838,15465956,Schmidt,553,France,Male,33,2,39647.03,2,1,1,102435.54,0
5839,15856299,Schmidt,617,Germany,Male,43,8,29660.58,1,0,0,121020.17,1
5840,15715295,Lima,850,Germany,Male,32,6,0.0,2,0,1,51772.32,0
5841,15892158,Alves,817,France,Male,55,3,199523.23,1,1,0,108374.85,1
5842,15199872,Souza,850,France,Male,48,3,0.0,2,1,1,28127.84,0
5843,15583408,Oliveira,652,France,Female,73,0,150332.35,2,0,1,93490.11,0
5844,15457751,Lima,701,France,Female,26,2,78614.85,1,0,1,41804.51,0
5845,15005484,Lima,795,Spain,Female,43,6,0.0,2,0,1,51461.99,0
5846,15032872,Costa,694,France,Male,52,2,74095.21,2,0,1,113774.38,0
5847,15875259,Ferreira,566,France,Male,42,2,124227.69,2,1,1,171827.54,0
5848,15642955,Schmidt,681,Germany,Male,29,2,172583.74,2,1,0,100954.92,0
5849,15690160,Gomes,519,France,Female,63,3,0.0,1,1,0,146116.72,1
5850,15897034,Silva,584,Germany,Female,33,2,0.0,2,1,1,85029.67,0
5851,15964684,Silva,726,France,Female,38,7,0.0,1,0,1,11682.25,0
5852,15744043,Oliveira,363,Spain,Male,49,3,194203.57,2,0,1,162415.57,0
5853,15708128,Müller,559,Spain,Female,42,7,0.0,2,1,0,180371.97,0
5854,15729195,Schmidt,565,Spain,Male,52,9,200410.29,2,1,0,70006.55,0
5855,15988621,Silva,478,France,Female,39,6,0.0,1,1,0,197385.96,1
5856,15404087,Thomas,726,Spain,Female,31,0,164397.45,2,0,1,24654.04,0
5857,15495098,Martin,664,France,Male,42,2,63988.95,2,1,1,47026.75,0
5858,15127458,Schmidt,605,France,Male,34,3,117452.75,2,1,0,140926.01,0
5859,15158636,Bernard,767,France,Female,53,4,54711.84,2,0,1,139061.82,0
5860,15912593,Oliveira,521,Germany,Male,58,2,0.0,1,0,0,187708.9,1
5861,15100362,Dubois,690,France,Female,32,1,51186.76,1,0,0,164277.06,1
5862,15294089,Schmidt,645,Germany,Male,19,2,0.0,1,0,1,48075.74,0
5863,15166891,Weber,618,France,Male,53,3,0.0,1,1,1,58597.54,0
5864,15822708,Dubois,619,France,Female,19,0,162078.6,1,1,1,30861.52,0
5865,15598545,Santos,550,Germany,Male,35,2,208548.32,2,0,0,64040.41,0
5866,15582031,Gomes,569,France,Female,28,2,0.0,1,1,0,108138.43,0
5867,15371067,Souza,657,Germany,Male,29,6,178353.2,2,1,0,57570.28,0
5868,15420445,Pereira,826,France,Male,60,2,0.0,1,1,0,144457.44,1
5869,15716166,Santos,441,Spain,Male,48,6,180533.08,2,1,1,183541.01,0
5870,15172580,Martin,506,Germany,Female,63,4,0.0,2,1,1,48192.43,0
5871,15115816,Ferreira,757,France,Female,38,6,44288.59,1,1,0,194713.4,1
5872,15436041,Gomes,694,France,Female,49,4,0.0,2,1,0,188936.56,0
5873,15800549,Lima,761,Germany,Male,62,7,51835.59,2,0,1,73810.63,0
5874,15126877,Alves,693,Spain,Male,58,3,0.0,1,1,1,113961.29,0
5875,15172999,Alves,561,France,Male,43,6,58738.52,2,0,1,147751.26,0
5876,15588409,Lima,657,France,Male,39,2,0.0,1,0,1,169544.0,0
5877,15385041,Lima,701,Spain,Female,59,7,181467.25,1,1,0,53005.94,1
5878,15668673,Souza,640,Germany,Female,34,0,155995.88,1,1,0,132695.55,1
5879,15961945,Lima,721,France,Female,44,4,0.0,3,1,0,158157.31,1
5880,15221800,Souza,757,France,Female,48,4,230598.48,2,1,1,78406.07,0
5881,15838371,Silva,740,France,Female,46,5,214099.21,2,1,1,168938.05,0
5882,15463586,Gomes,561,Germany,Male,49,4,68467.2,1,0,0,133015.22,1
5883,15906299,Oliveira,596,France,Female,47,5,46264.58,2,1,0,108757.01,0
5884,15528702,Lima,669,Spain,Female,20,6,134822.17,2,1,1,42367.37,0
5885,15922158,Thomas,633,France,Male,37,2,247564.07,1,0,1,191634.51,0
5886,15397784,Fischer,612,France,Female,44,2,2350.5,1,0,0,40359.79,1
5887,15184846,Alves,828,Germany,Male,36,6,64632.23,2,1,1,141138.6,0
5888,15462011,Bernard,527,Spain,Female,38,2,196950.56,1,0,1,19085.2,0
5889,15324504,Meyer,462,Spain,Male,26,7,189928.69,2,1,1,45619.98,0
5890,15609635,Meyer,758,France,Male,32,4,237581.83,2,1,1,143070.2,0
5891,15916417,Weber,643,Germany,Female,78,1,176891.78,2,1,1,95319.16,1
5892,15449891,Robert,552,Germany,Male,38,0,83322.82,2,1,0,187843.97,0
5893,15169577,Schmidt,637,France,Male,50,6,247695.88,1,1,1,103363.98,0
5894,15203145,Souza,843,France,Male,46,6,0.0,1,1,0,70898.36,0
5895,15873527,Pereira,743,France,Female,28,2,0.0,2,1,1,199092.87,0
5896,15009044,Müller,700,France,Female,59,2,0.0,2,1,1,43001.39,0
5897,15609087,Bernard,592,Spain,Male,40,8,91437.33,2,1,0,71155.85,0
5898,15275431,Meyer,706,France,Male,59,5,66920.74,1,1,0,178609.23,1
5899,15799942,Meyer,596,Spain,Female,20,2,0.0,1,1,0,175000.2,0
5900,15233473,Silva,850,Germany,Female,30,4,25590.59,2,0,1,128871.93,0
5901,15541601,Souza,710,Germany,Female,35,7,96112.88,1,0,1,42051.92,0
5902,15013943,Ferreira,626,Germany,Female,39,5,0.0,2,1,1,110600.72,0
5903,15136506,Alves,563,France,Female,51,4,0.0,1,1,1,136094.53,0
5904,15941517,Ferreira,846,France,Female,30,2,0.0,2,0,0,76973.46,0
5905,15295319,Lima,607,France,Female,42,6,94218.35,1,1,0,187674.31,1
5906,15457307,Ferreira,792,Germany,Female,27,3,239298.58,1,1,0,59011.87,1
5907,15759257,Meyer,656,France,Male,60,5,49862.42,2,1,0,50082.32,0
5908,15292865,Bernard,681,Spain,Female,53,5,89312.13,2,0,1,85519.55,0
5909,15512991,Silva,667,France,Female,41,4,0.0,1,1,1,39471.93,0
5910,15827548,Martin,561,France,Female,38,2,117571.08,1,1,0,121504.11,1
5911,15675027,Martin,554,France,Male,42,5,107177.95,1,1,1,23101.12,0
5912,15048006,Alves,693,Spain,Male,24,5,96074.27,2,1,0,22196.72,0
5913,15778790,Meyer,732,Germany,Male,31,4,101124.38,2,1,1,44581.79,0
5914,15235008,Thomas,764,France,Female,46,0,9683.54,1,1,0,35387.51,1
5915,15245122,Santos,633,Germany,Male,64,3,25845.87,1,1,0,12337.14,1
5916,15377138,Souza,584,France,Female,53,3,68992.35,1,1,0,122854.67,1
5917,15913549,Robert,803,Spain,Female,48,6,0.0,1,0,0,127927.48,0
5918,15633480,Meyer,650,Germany,Male,48,4,216916.82,1,1,0,186204.24,1
5919,15569152,Müller,435,France,Male,72,8,0.0,2,0,0,15905.07,0
5920,15308842,Santos,750,Germany,Male,47,6,122996.01,1,0,1,26070.42,0
5921,15610978,Dubois,630,France,Male,32,4,186351.53,1,1,1,88357.17,0
5922,15925853,Martin,557,Spain,Male,59,2,0.0,1,1,0,76953.43,0
5923,15523235,Weber,785,France,Female,39,2,50746.45,2,1,0,112809.38,0
5924,15177565,Costa,717,Germany,Female,27,2,74761.59,2,1,0,56806.96,0
5925,15781755,Souza,620,France,Female,44,4,95940.76,2,0,1,115703.01,0
5926,15627408,Robert,350,Germany,Male,20,6,0.0,1,0,1,176001.74,0
5927,15789379,Gomes,582,Spain,Female,32,6,154488.14,1,0,0,118219.91,1
5928,15629951,Gomes,796,Germany,Male,32,1,74466.48,1,0,0,151261.22,0
5929,15013308,Gomes,628,Germany,Female,45,4,0.0,1,1,1,133735.39,0
5930,15875575,Gomes,727,Spain,Female,70,4,121465.58,2,1,1,171675.98,0
5931,15932204,Silva,647,France,Female,36,4,175888.79,3,1,1,36563.06,1
5932,15610713,Dubois,663,France,Female,39,3,0.0,1,0,0,37083.48,0
5933,15321861,Gomes,652,France,Male,21,4,243006.43,1,1,1,180315.68,0
5934,15095231,Dubois,819,Spain,Female,46,4,59950.97,2,1,0,167963.16,0
5935,15755416,Robert,671,France,Female,42,5,0.0,2,1,0,37972.97,0
5936,15364720,Costa,625,Germany,Female,49,3,1366.67,2,1,0,35298.99,0
5937,15167634,Santos,758,Germany,Female,36,8,46734.97,2,0,1,168869.84,0
5938,15313698,Robert,588,France,Female,49,3,0.0,1,0,0,194120.89,1
5939,15331730,Souza,713,France,Female,49,7,0.0,2,1,0,110737.33,0
5940,15004720,Weber,746,France,Male,23,6,73578.9,2,1,0,101994.25,0
5941,15575429,Oliveira,565,France,Female,31,4,79353.4,2,1,0,45216.01,0
5942,15813159,Silva,630,France,Female,36,4,0.0,1,1,1,17646.27,0
5943,15752892,Thomas,568,France,Male,64,6,55196.59,2,1,1,63759.66,0
5944,15464265,Meyer,748,Spain,Female,53,4,0.0,2,1,0,191307.57,0
5945,15730449,Meyer,634,Spain,Female,49,5,0.0,1,0,1,139102.82,0
5946,15064042,Thomas,770,France,Male,60,6,0.0,1,0,1,33465.22,0
5947,15706772,Bernard,850,France,Female,43,7,68977.23,1,1,0,21128.13,1
5948,15021409,Costa,643,France,Male,53,2,111329.64,2,0,1,151850.99,0
5949,15099274,Lima,620,Germany,Male,18,8,147732.12,1,0,0,74135.78,1
5950,15420784,Müller,835,Spain,Male,39,8,193918.41,1,1,1,196218.1,0
5951,15361303,Souza,697,France,Male,44,3,0.0,1,1,1,103015.29,0
5952,15482470,Dubois,741,France,Female,50,5,30403.29,2,1,1,74531.12,0
5953,15480347,Silva,583,Spain,Female,22,0,7592.16,1,1,1,55824.97,0
5954,15820186,Martin,708,Germany,Female,32,2,34164.84,1,0,0,152457.86,1
5955,15926925,Weber,670,France,Female,35,5,0.0,2,1,1,98531.61,0
5956,15971094,Pereira,672,Germany,Male,36,5,207966.46,1,0,1,146548.79,0
5957,15043829,Souza,627,France,Male,36,4,0.0,1,1,0,123877.26,0
5958,15456051,Dubois,758,France,Male,43,5,45292.85,1,1,1,189134.65,0
5959,15892206,Dubois,652,Spain,Male,53,6,32648.23,1,1,1,15248.31,0
5960,15487762,Santos,638,Spain,Female,46,2,0.0,1,1,1,131055.27,0
5961,15827623,Pereira,565,France,Male,55,5,53546.95,2,1,0,93786.48,0
5962,15343936,Thomas,677,Spain,Male,54,5,231023.0,1,0,0,159363.43,1
5963,15902173,Lima,627,France,Male,40,2,149828.03,2,1,1,141335.3,0
5964,15969092,Silva,603,Spain,Female,31,2,124931.81,1,1,0,82432.77,1
5965,15326755,Alves,566,France,Male,30,4,33104.4,1,1,1,81355.02,0
5966,15040587,Lima,609,Spain,Female,60,6,0.0,2,1,0,16963.98,0
5967,15802745,Thomas,700,Spain,Male,24,2,0.0,1,1,0,198339.45,0
5968,15042827,Müller,553,France,Male,43,2,0.0,2,0,0,152612.73,0
5969,15983269,Weber,850,Spain,Female,38,6,102320.49,2,1,0,39898.01,0
5970,15353676,Santos,602,Spain,Male,61,8,35345.54,2,1,1,116647.19,0
5971,15584897,Thomas,736,Spain,Male,35,4,96293.06,2,0,0,185755.17,0
5972,15157510,Dubois,711,France,Female,60,3,75384.49,1,1,1,38950.67,0
5973,15053553,Oliveira,725,Spain,Male,40,2,141877.08,1,1,1,175592.73,0
5974,15245560,Thomas,572,Spain,Male,35,0,90739.21,1,1,0,147226.75,0
5975,15310906,Souza,828,France,Male,49,2,187962.48,2,1,1,72669.62,0
5976,15307140,Fischer,656,Spain,Male,71,1,0.0,2,1,1,46578.84,0
5977,15853295,Meyer,642,France,Male,50,4,0.0,3,1,1,130126.19,1
5978,15613702,Silva,697,France,Male,63,8,56075.23,2,0,1,93372.89,0
5979,15084571,Thomas,827,Germany,Female,55,6,56179.36,2,1,1,64945.6,0
5980,15532945,Gomes,500,Germany,Female,60,5,82211.43,1,0,1,169369.45,1
5981,15907541,Bernard,668,Germany,Male,38,4,232510.72,1,0,1,198920.84,0
5982,15762385,Thomas,692,France,Male,32,5,90936.01,1,1,1,111541.96,0
5983,15713581,Alves,658,Spain,Male,33,3,0.0,2,1,1,28288.96,0
5984,15216800,Schmidt,789,France,Male,69,2,77273.02,1,1,1,37018.87,0
5985,15667414,Robert,575,France,Male,65,5,0.0,1,0,0,161223.96,1
5986,15510620,Souza,685,France,Female,50,4,2121.9,2,1,0,188643.16,0
5987,15234160,Alves,756,Germany,Male,36,8,242469.88,1,0,1,32014.82,0
5988,15999681,Gomes,638,Spain,Female,34,5,0.0,2,1,0,43290.66,0
5989,15571452,Silva,694,Germany,Male,70,6,222865.47,2,1,0,181564.1,1
5990,15006154,Lima,598,Spain,Male,20,1,0.0,1,0,1,105410.14,0
5991,15908188,Müller,668,France,Male,56,6,0.0,3,1,0,194535.15,1
5992,15263190,Ferreira,689,Germany,Female,33,8,23004.94,2,1,0,86022.55,0
5993,15976741,Santos,711,France,Male,35,5,236261.87,1,1,1,46621.01,0
5994,15216644,Robert,676,France,Male,59,6,0.0,1,1,0,33323.04,1
5995,15467388,Ferreira,733,France,Male,24,8,0.0,3,0,1,112082.96,1
5996,15467689,Lima,584,Germany,Female,39,3,33921.83,2,0,0,125961.92,0
5997,15087549,Ferreira,791,Germany,Male,63,6,84417.04,1,1,0,108150.37,1
5998,15236129,Dubois,662,Spain,Male,45,3,182866.11,2,1,0,125670.39,0
5999,15035275,Costa,679,France,Male,49,4,0.0,2,1,0,148622.32,0
6000,15491657,Lima,705,France,Male,47,5,79061.9,1,1,0,122840.94,0
6001,15919793,Schmidt,600,Germany,Female,21,3,0.0,2,1,0,154157.11,0
6002,15473155,Alves,655,France,Female,37,9,17950.77,1,0,1,122309.86,0
6003,15045470,Fischer,514,Spain,Male,46,3,150053.4,1,1,1,195238.74,0
6004,15724266,Schmidt,663,Germany,Female,33,2,205440.54,1,1,0,138313.63,1
6005,15880907,Pereira,685,France,Male,36,3,195893.57,2,1,1,156371.59,0
6006,15046313,Martin,739,Spain,Female,55,6,7924.76,2,1,1,77443.16,0
6007,15914620,Meyer,590,Germany,Male,28,3,67990.02,2,1,1,54305.4,0
6008,15914310,Schmidt,507,France,Female,50,5,170757.16,1,0,1,103878.28,0
6009,15833968,Weber,703,Germany,Male,22,8,79772.92,2,1,0,144184.45,0
6010,15477771,Silva,627,France,Female,29,3,14415.08,1,1,1,29498.58,0
6011,15165858,Gomes,766,Spain,Female,35,2,94585.58,3,1,0,140356.37,1
6012,15873303,Lima,573,Spain,Female,52,1,65620.29,1,0,1,129069.87,0
6013,15140745,Schmidt,477,Spain,Female,26,4,76164.02,1,1,0,162517.03,0
6014,15310058,Dubois,732,Germany,Male,46,1,15110.39,2,0,1,193123.05,0
6015,15798610,Costa,641,France,Female,43,4,143844.16,2,1,0,100768.78,0
6016,15090540,Dubois,725,Spain,Male,34,6,226718.91,1,0,1,17679.49,0
6017,15075047,Meyer,568,France,Male,50,6,11740.85,1,1,0,151504.45,0
6018,15858724,Martin,576,Germany,Male,57,5,70431.26,4,1,1,28415.19,1
6019,15067824,Lima,782,Germany,Male,47,6,101460.57,1,1,1,61211.65,0
6020,15227248,Souza,780,France,Male,18,1,65133.04,1,0,0,130481.38,0
6021,15538438,Bernard,593,France,Male,46,5,32137.69,2,1,1,50160.44,0
6022,15758777,Pereira,588,Spain,Male,41,2,144418.44,1,0,0,185727.66,0
6023,15658677,Weber,683,Spain,Female,28,4,0.0,1,1,0,31065.05,0
6024,15587079,Souza,408,France,Female,27,4,56616.11,1,1,0,125931.16,1
6025,15194053,Martin,731,France,Male,19,3,0.0,2,0,0,164922.61,0
6026,15232933,Fischer,642,France,Male,23,6,13638.81,1,1,1,113045.21,0
6027,15688873,Weber,751,Spain,Male,32,2,0.0,1,1,0,20349.85,0
6028,15499868,Weber,710,France,Male,36,4,33686.14,1,0,1,136229.96,0
6029,15895462,Müller,656,Germany,Female,36,4,188588.88,2,1,0,198669.61,0
6030,15606934,Gomes,769,France,Male,56,4,58854.44,2,1,0,181405.71,0
6031,15216474,Lima,498,Germany,Male,49,0,90818.79,1,1,1,163872.34,0
6032,15882577,Meyer,749,France,Female,57,5,0.0,1,0,1,44781.28,0
6033,15823963,Pereira,722,Spain,Male,46,0,231988.04,2,0,1,183372.13,0
6034,15178512,Alves,769,France,Female,26,6,210059.21,2,1,0,118971.82,0
6035,15556716,Pereira,490,Germany,Male,37,3,185893.66,1,1,0,142144.97,1
6036,15941257,Bernard,669,France,Male,59,2,54994.48,2,0,1,96606.93,0
6037,15407838,Oliveira,614,Germany,Female,37,4,6932.06,2,1,0,68440.64,0
6038,15263556,Robert,710,Spain,Male,21,5,0.0,1,0,0,121768.79,0
6039,15526290,Weber,837,France,Male,38,3,139101.64,3,1,1,85905.97,1
6040,15756725,Schmidt,649,Spain,Female,40,2,82381.54,2,0,0,183230.1,0
6041,15424048,Thomas,682,Germany,Female,40,0,55738.52,1,1,0,50953.29,1
6042,15466863,Alves,600,France,Male,24,5,0.0,1,1,1,189235.02,0
6043,15677759,Bernard,689,France,Female,33,7,209816.35,1,0,1,105428.2,0
6044,15099440,Costa,748,France,Male,47,1,55477.84,1,1,1,28962.23,0
6045,15860473,Schmidt,737,Germany,Female,38,2,0.0,2,1,1,139329.03,0
6046,15849787,Thomas,758,Spain,Male,45,0,0.0,1,0,1,27040.71,0
6047,15613789,Robert,631,France,Male,46,7,65848.47,1,1,0,164398.89,0
6048,15166734,Fischer,583,Germany,Female,49,4,110558.63,3,0,0,81265.37,1
6049,15751135,Thomas,563,Spain,Male,34,7,68467.84,1,0,0,138494.62,0
6050,15687037,Robert,672,Spain,Male,46,4,138777.4,2,1,0,124364.89,0
6051,15266645,Bernard,593,Germany,Male,29,6,0.0,2,1,1,70862.64,0
6052,15675614,Oliveira,608,Spain,Male,37,8,66239.81,1,0,0,71907.96,0
6053,15796422,Fischer,807,Germany,Male,44,3,8242.63,2,1,1,195744.74,0
6054,15572966,Ferreira,727,France,Male,29,5,0.0,1,0,1,124085.66,0
6055,15552087,Müller,680,Spain,Male,31,5,0.0,2,1,0,177559.12,0
6056,15690191,Oliveira,623,France,Male,39,0,0.0,2,0,1,62928.83,0
6057,15975130,Robert,721,France,Female,22,4,161104.01,1,0,1,148642.01,0
6058,15889302,Oliveira,608,France,Male,37,6,46405.85,1,1,1,71216.91,0
6059,15132279,Pereira,778,Spain,Female,63,8,117792.37,1,0,1,33463.58,1
6060,15256930,Thomas,754,Spain,Female,35,7,242094.52,2,0,0,129552.26,0
6061,15358540,Dubois,743,France,Female,32,8,0.0,2,1,1,81759.57,0
6062,15831266,Pereira,613,France,Female,41,5,20745.45,1,1,1,33939.25,0
6063,15431192,Weber,593,France,Female,44,2,25436.41,1,1,1,105029.95,0
6064,15252577,Bernard,850,Germany,Female,79,5,237897.18,1,1,1,89279.36,1
6065,15392821,Costa,424,France,Female,51,4,92248.41,1,0,1,62476.99,1
6066,15369494,Schmidt,774,Spain,Male,53,3,18315.51,1,1,0,34637.12,1
6067,15277923,Müller,613,France,Female,69,6,74567.04,1,1,1,126430.64,1
6068,15729732,Gomes,773,France,Female,32,5,199719.84,1,1,0,35669.43,1
6069,15975600,Müller,742,France,Female,44,6,0.0,2,1,1,163982.8,0
6070,15987438,Schmidt,634,France,Female,51,3,15695.07,1,0,1,14803.5,0
6071,15710501,Thomas,533,Spain,Female,43,7,0.0,1,1,0,171036.49,0
6072,15596218,Martin,563,France,Male,61,2,69815.77,1,1,0,58610.1,1
6073,15726286,Bernard,644,France,Male,28,5,193506.84,1,1,1,127228.68,0
6074,15771139,Alves,542,France,Male,34,1,0.0,1,0,0,125463.93,0
6075,15669006,Schmidt,712,France,Male,72,4,105581.91,1,0,0,71600.38,1
6076,15164803,Silva,753,France,Female,40,1,149962.38,1,0,0,124960.85,1
6077,15398362,Ferreira,838,France,Female,41,3,170123.64,2,1,0,100143.58,0
6078,15349941,Costa,808,Germany,Female,21,6,236066.78,1,0,0,139447.79,1
6079,15545748,Thomas,523,Germany,Male,42,7,205302.06,1,0,0,73699.98,1
6080,15756243,Costa,702,France,Female,70,6,0.0,2,1,1,87280.53,0
6081,15736527,Gomes,688,France,Male,35,3,119409.2,1,1,0,152182.1,0
6082,15418318,Souza,800,Spain,Female,21,5,143499.23,2,1,0,22942.66,0
6083,15891263,Costa,549,France,Female,20,2,0.0,2,1,1,191549.47,0
6084,15952412,Bernard,679,France,Male,57,5,0.0,2,1,1,81284.42,0
6085,15422369,Pereira,585,France,Male,44,3,0.0,1,0,0,187382.54,0
6086,15121481,Silva,660,France,Male,21,2,76642.41,1,0,1,70958.04,0
6087,15002077,Meyer,712,Spain,Male,25,5,0.0,2,1,0,162453.26,0
6088,15484377,Souza,717,France,Male,55,2,90924.03,1,1,0,38514.53,1
6089,15101377,Meyer,608,Germany,Male,57,5,59714.71,1,0,1,153289.17,0
6090,15206915,Souza,600,France,Male,29,2,66363.53,1,0,1,115339.39,0
6091,15727480,Pereira,785,France,Female,33,4,67872.32,2,0,1,127333.55,0
6092,15366923,Thomas,655,Spain,Male,58,3,247283.58,2,1,1,168425.75,0
6093,15253088,Alves,655,France,Male,42,5,0.0,2,1,1,98363.59,0
6094,15971279,Robert,520,Germany,Female,71,2,78943.41,2,1,1,145008.88,1
6095,15789121,Gomes,611,France,Male,48,3,89104.58,2,1,0,29006.09,0
6096,15456408,Gomes,755,Germany,Male,48,2,0.0,2,0,1,194578.25,0
6097,15984935,Ferreira,672,France,Male,44,6,0.0,2,1,1,107942.41,0
6098,15087206,Lima,350,Spain,Female,77,1,233624.08,1,1,0,168088.12,1
6099,15536472,Santos,540,France,Male,38,3,0.0,3,0,1,19494.13,1
6100,15010820,Schmidt,769,Spain,Male,37,4,0.0,1,1,1,38223.68,0
6101,15392964,Schmidt,807,France,Male,32,2,161792.68,1,1,1,134642.16,0
6102,15212142,Alves,605,Germany,Female,53,3,0.0,2,1,0,70539.76,1
6103,15968586,Müller,831,France,Male,42,4,0.0,1,1,0,155148.52,0
6104,15334023,Dubois,563,Spain,Female,39,2,145196.9,1,0,0,159975.15,1
6105,15808754,Robert,693,France,Male,45,5,0.0,2,1,1,140845.34,0
6106,15942516,Fischer,626,France,Female,19,0,0.0,1,0,1,125557.16,0
6107,15652877,Meyer,656,France,Male,29,2,0.0,3,1,0,128255.77,1
6108,15100959,Dubois,543,France,Male,35,5,83000.4,2,1,1,183504.86,0
6109,15548277,Bernard,602,France,Female,49,5,0.0,2,1,1,181890.04,0
6110,15373781,Schmidt,725,Spain,Female,48,3,117208.29,2,1,1,134219.22,0
6111,15579544,Lima,774,Spain,Female,56,5,1390.52,2,0,1,81667.59,0
6112,15601381,Silva,791,France,Female,60,4,83258.86,2,1,0,42048.34,0
6113,15190483,Fischer,632,Spain,Female,40,4,0.0,3,1,0,134178.91,1
6114,15855351,Lima,751,Germany,Male,46,3,0.0,2,1,1,86489.9,0
6115,15025409,Pereira,645,France,Male,21,9,127524.05,1,1,1,94217.93,0
6116,15509884,Dubois,669,Germany,Male,26,6,221820.16,3,1,0,95722.53,1
6117,15927843,Meyer,647,Germany,Male,25,2,0.0,1,1,0,86613.83,0
6118,15097112,Costa,596,Spain,Female,38,2,0.0,1,1,1,168337.21,0
6119,15903970,Oliveira,640,France,Female,36,6,44383.43,2,0,1,31000.27,0
6120,15031211,Pereira,497,Germany,Female,39,3,89968.96,1,0,1,105030.53,0
6121,15054163,Martin,606,France,Male,48,1,93130.69,1,1,0,73451.26,0
6122,15993555,Robert,687,France,Male,39,0,163501.62,2,1,0,157407.57,0
6123,15187094,Robert,475,France,Female,41,4,84972.79,1,0,1,55401.96,0
6124,15641732,Dubois,383,Spain,Female,34,4,54123.91,2,0,0,96207.93,0
6125,15806051,Thomas,591,Spain,Male,28,5,0.0,1,1,1,158303.08,0
6126,15980185,Martin,654,Spain,Male,21,5,57960.92,1,1,0,88587.2,0
6127,15969002,Weber,537,Germany,Male,37,6,73501.74,2,1,0,69898.38,0
6128,15281465,Costa,622,France,Female,21,3,82018.1,2,1,1,143191.34,0
6129,15081018,Dubois,599,France,Male,45,5,0.0,2,1,0,100093.44,0
6130,15426997,Silva,629,France,Female,56,7,112216.96,2,0,1,119934.68,0
6131,15802203,Fischer,367,France,Male,39,1,58213.09,2,0,0,76068.36,0
6132,15597457,Gomes,683,Spain,Male,35,5,18765.73,1,1,0,130962.9,0
6133,15920239,Gomes,850,Germany,Male,52,6,78894.46,2,1,0,136940.16,0
6134,15162585,Oliveira,571,France,Female,40,6,0.0,2,1,0,94658.8,0
6135,15554769,Souza,595,France,Female,29,3,41320.89,1,1,0,45302.7,0
6136,15469555,Müller,771,France,Male,47,4,60084.58,3,1,1,64266.71,1
6137,15927327,Lima,561,France,Female,42,2,225318.56,1,1,1,74488.2,0
6138,15197117,Martin,789,Spain,Male,47,3,11250.69,1,1,1,101453.15,0
6139,15241012,Dubois,610,Germany,Male,50,8,59707.88,2,0,1,187144.27,0
6140,15129246,Silva,581,Spain,Female,18,4,26844.97,2,1,1,16434.77,0
6141,15301087,Lima,645,France,Female,39,6,82231.49,2,1,1,49462.65,0
6142,15550613,Lima,482,France,Female,38,6,72094.86,2,0,0,13777.24,0
6143,15547119,Martin,654,France,Male,49,4,72750.39,2,1,1,130015.3,0
6144,15717728,Müller,596,Spain,Male,59,9,93307.21,1,1,0,55819.48,1
6145,15375364,Santos,614,Spain,Male,34,6,0.0,1,1,0,198908.08,0
6146,15346375,Schmidt,607,France,Female,29,4,0.0,2,1,0,48733.99,0
6147,15931928,Costa,675,Germany,Male,38,3,245914.85,1,1,1,96644.48,0
6148,15558544,Fischer,545,France,Male,30,1,0.0,2,1,0,69525.06,0
6149,15756554,Fischer,614,Germany,Female,38,4,206581.37,1,1,1,61544.58,1
6150,15201546,Souza,711,Spain,Male,47,3,192209.86,2,1,0,191735.12,0
6151,15324471,Weber,646,Germany,Male,69,5,137169.83,1,1,1,177191.08,1
6152,15684140,Pereira,590,Germany,Male,38,0,224165.88,1,1,1,13040.45,0
6153,15194528,Lima,571,France,Male,38,6,52047.51,1,0,0,79676.27,0
6154,15094328,Meyer,422,France,Female,28,4,0.0,2,1,1,135506.85,0
6155,15853583,Alves,637,France,Male,27,4,0.0,2,0,1,100988.6,0
6156,15141570,Ferreira,603,France,Female,40,2,148910.64,2,1,1,197062.9,0
6157,15414997,Bernard,715,Germany,Female,41,8,639.17,1,1,1,146429.42,0
6158,15575709,Lima,648,Germany,Female,26,3,0.0,2,1,0,126307.6,0
6159,15958656,Santos,621,France,Female,79,6,0.0,2,1,1,85960.19,0
6160,15426567,Martin,565,Spain,Female,50,2,145674.53,1,1,1,43580.23,0
6161,15713408,Meyer,677,France,Male,48,1,80360.23,2,1,1,145359.2,0
6162,15589192,Müller,648,France,Male,39,5,62985.62,1,1,1,18520.92,0
6163,15441808,Oliveira,688,France,Male,47,9,0.0,2,1,1,186352.7,0
6164,15000092,Martin,590,France,Female,37,5,0.0,2,1,1,83872.94,0
6165,15257604,Santos,654,France,Female,35,5,176821.38,1,1,0,115558.03,1
6166,15576725,Silva,714,France,Male,35,4,0.0,1,0,1,87914.52,0
6167,15450157,Gomes,778,France,Male,52,3,231166.12,2,0,0,80353.35,0
6168,15567649,Lima,842,Spain,Male,32,4,182791.74,1,1,0,196772.34,0
6169,15045821,Schmidt,734,France,Female,31,2,0.0,1,1,1,117604.58,0
6170,15675095,Ferreira,684,France,Male,31,3,248543.0,1,1,1,177550.84,0
6171,15596187,Silva,528,France,Female,19,4,199285.24,2,1,0,48261.79,0
6172,15068731,Robert,678,Germany,Male,31,2,128646.2,2,1,1,113716.11,0
6173,15929629,Müller,794,France,Male,39,6,180005.79,1,0,1,103108.41,0
6174,15009393,Oliveira,741,Spain,Male,50,0,109169.6,1,1,0,85094.49,0
6175,15022566,Bernard,749,Germany,Male,35,3,216914.79,2,1,0,104101.85,0
6176,15588842,Müller,579,Germany,Female,53,4,78908.02,2,1,1,57129.62,0
6177,15317164,Souza,767,Germany,Male,46,8,0.0,2,0,1,161036.51,0
6178,15063924,Alves,519,France,Female,31,5,0.0,1,1,0,126026.68,0
6179,15731038,Fischer,579,France,Male,50,3,66765.24,2,1,1,33957.46,0
6180,15709927,Pereira,729,France,Female,48,3,0.0,1,0,0,102812.02,1
6181,15041166,Martin,552,Germany,Male,44,3,43579.76,1,1,0,189324.83,1
6182,15474086,Lima,637,France,Male,48,2,0.0,2,0,0,188678.44,0
6183,15922520,Meyer,786,France,Female,43,2,110662.95,4,1,1,198075.37,1
6184,15419021,Bernard,650,Spain,Female,20,4,0.0,1,1,0,53284.5,0
6185,15856340,Pereira,777,France,Female,45,3,0.0,2,1,1,162958.48,0
6186,15846589,Santos,707,Spain,Male,40,1,61020.82,1,1,1,123235.37,0
6187,15258327,Müller,850,Spain,Female,46,2,74355.88,1,1,0,156857.24,1
6188,15260373,Dubois,686,France,Male,31,4,76609.54,1,1,1,133728.16,0
6189,15590355,Dubois,539,France,Male,57,3,0.0,2,0,0,56492.07,0
6190,15804234,Bernard,691,France,Male,49,2,205476.22,1,1,0,29089.78,0
6191,15498599,Fischer,808,Germany,Male,44,5,0.0,1,1,1,103619.47,0
6192,15829355,Dubois,563,Germany,Female,53,5,0.0,1,1,1,84452.89,1
6193,15416360,Schmidt,556,Spain,Male,58,2,100649.88,2,0,1,89398.61,0
6194,15027103,Bernard,712,Spain,Male,43,4,226706.21,1,0,0,120776.27,0
6195,15218620,Robert,561,Germany,Male,19,6,40844.29,1,1,1,156449.93,0
6196,15890246,Ferreira,663,France,Male,55,5,0.0,1,1,1,148461.77,0
6197,15636372,Pereira,730,France,Male,48,1,0.0,1,0,0,101465.2,0
6198,15471469,Thomas,743,Spain,Female,49,3,117918.76,2,1,0,111747.54,0
6199,15476868,Pereira,604,France,Male,56,6,183857.33,1,1,1,121302.91,0
6200,15714485,Costa,682,France,Male,31,2,0.0,2,0,1,154381.29,0
6201,15010698,Bernard,535,Germany,Male,38,2,218592.44,1,1,0,177522.69,1
6202,15413372,Santos,537,France,Male,48,5,177885.37,2,1,1,110817.12,0
6203,15604764,Müller,736,Spain,Female,43,3,0.0,2,1,0,174216.28,0
6204,15869801,Meyer,817,Germany,Male,37,3,31444.37,1,1,1,187547.93,0
6205,15448617,Martin,494,France,Male,50,4,33158.24,1,1,1,49063.59,0
6206,15868425,Schmidt,519,Spain,Female,37,6,182689.9,1,0,1,99354.68,0
6207,15512951,Müller,584,France,Male,48,4,0.0,1,1,1,73761.5,0
6208,15613035,Weber,615,France,Female,59,7,0.0,1,0,1,38182.97,0
6209,15500388,Souza,715,France,Male,28,1,33158.86,1,1,0,61355.3,0
6210,15607520,Martin,476,France,Female,49,6,214880.66,2,0,1,89115.91,0
6211,15002523,Martin,512,France,Male,59,4,206574.91,1,0,0,109544.4,1
6212,15561459,Souza,635,France,Female,32,6,92700.32,1,1,0,108352.29,1
6213,15338851,Weber,599,France,Male,34,3,0.0,1,1,0,73554.05,0
6214,15561807,Schmidt,542,France,Female,27,4,111062.55,3,0,1,191057.85,1
6215,15890360,Alves,512,Spain,Female,55,6,0.0,1,1,1,21442.52,0
6216,15867100,Dubois,579,Spain,Male,36,6,25947.41,1,0,1,155633.69,0
6217,15899718,Santos,656,France,Female,31,3,151879.31,2,0,0,185121.6,0
6218,15263531,Fischer,539,France,Male,36,6,0.0,1,0,0,156901.52,0
6219,15488139,Bernard,460,France,Male,49,5,7610.85,2,0,0,35290.37,0
6220,15086488,Müller,727,France,Male,44,4,33831.7,2,1,0,175332.25,0
6221,15059361,Silva,652,Spain,Male,55,8,244917.46,1,1,0,68299.13,1
6222,15701059,Müller,691,Germany,Female,37,0,94927.2,2,1,1,56808.95,0
6223,15078424,Weber,678,France,Female,49,3,102995.33,2,1,1,189063.75,0
6224,15905852,Pereira,687,France,Male,44,3,0.0,1,1,0,105733.97,0
6225,15729286,Fischer,685,France,Female,32,8,61090.71,2,0,1,95324.44,0
6226,15952478,Thomas,757,Germany,Male,19,1,55318.47,2,0,1,58791.3,0
6227,15812375,Alves,477,France,Female,52,5,0.0,1,1,1,110094.52,0
6228,15457423,Lima,756,Spain,Male,42,6,162612.97,2,1,0,104867.96,0
6229,15127757,Silva,633,Spain,Female,45,2,139692.66,2,0,1,77980.44,0
6230,15661886,Schmidt,649,France,Male,21,2,58588.45,2,1,1,75174.76,0
6231,15211241,Robert,645,Germany,Female,60,0,84133.95,1,1,1,62552.0,1
6232,15257382,Meyer,663,Spain,Female,47,2,65232.67,1,0,0,149005.21,1
6233,15264926,Souza,775,Germany,Male,59,6,0.0,3,1,1,177740.8,1
6234,15096525,Fischer,658,France,Female,61,8,0.0,2,1,0,124290.16,1
6235,15034897,Martin,577,France,Male,77,7,93647.6,2,1,1,112921.6,0
6236,15723432,Souza,808,Spain,Male,58,3,34471.29,2,1,0,152049.17,0
6237,15358960,Ferreira,581,Germany,Female,24,6,6687.66,1,0,0,120354.39,1
6238,15177205,Thomas,441,Germany,Male,55,6,0.0,1,1,1,69810.92,0
6239,15763137,Martin,579,Spain,Female,18,6,0.0,2,0,0,93442.32,0
6240,15811545,Meyer,637,Spain,Male,53,1,225928.59,1,1,0,88353.63,1
6241,15432102,Pereira,640,Spain,Male,36,2,217548.66,2,0,0,90125.48,0
6242,15907093,Thomas,598,France,Male,47,8,0.0,2,1,0,125226.19,0
6243,15057132,Weber,632,Germany,Female,28,6,0.0,1,1,0,111821.78,1
6244,15142337,Gomes,622,Germany,Female,55,6,0.0,2,1,1,19567.93,0
6245,15081895,Müller,605,Spain,Male,23,4,112820.82,3,0,0,29094.92,1
6246,15095367,Costa,715,Germany,Female,33,3,0.0,2,1,0,12170.32,0
6247,15874091,Martin,639,France,Female,57,5,237992.58,2,1,1,180117.24,0
6248,15645070,Alves,729,Spain,Male,48,4,0.0,2,1,0,85434.63,0
6249,15150891,Dubois,507,Germany,Male,25,3,93381.96,2,1,0,99928.68,0
6250,15203503,Souza,694,France,Female,38,3,204744.33,2,1,0,15319.11,0
6251,15686474,Schmidt,646,France,Female,30,2,0.0,1,1,0,88176.49,0
6252,15372630,Schmidt,614,France,Female,44,4,0.0,1,0,1,138939.86,0
6253,15247055,Thomas,534,France,Female,63,4,84518.71,1,1,0,59727.38,1
6254,15358993,Thomas,700,France,Female,44,5,104222.69,1,1,1,132827.55,0
6255,15966900,Silva,699,France,Female,32,2,82616.08,2,1,0,26683.76,0
6256,15047692,Schmidt,802,Germany,Male,33,7,67690.91,1,0,0,112462.4,0
6257,15991686,Ferreira,642,Germany,Male,63,6,33839.69,1,1,0,195203.17,1
6258,15606138,Costa,581,Germany,Female,34,2,141671.29,2,1,0,191164.09,0
6259,15911985,Alves,614,Spain,Female,49,1,0.0,1,1,1,165389.36,0
6260,15199449,Santos,559,France,Male,37,5,0.0,2,0,0,100500.17,0
6261,15300843,Müller,436,France,Female,53,3,163527.97,1,1,1,15020.16,1
6262,15205292,Costa,668,Spain,Male,60,3,0.0,2,1,1,120518.12,0
6263,15221957,Gomes,617,France,Male,32,6,0.0,1,0,0,29155.66,0
6264,15385472,Pereira,485,Spain,Male,47,3,139693.44,1,1,1,51278.31,0
6265,15060476,Silva,745,Spain,Female,41,5,242713.43,2,0,1,124499.54,0
6266,15752165,Dubois,679,France,Male,35,4,96859.59,2,1,0,84930.18,0
6267,15651859,Costa,495,Spain,Male,37,3,53504.7,2,0,1,34448.87,0
6268,15416277,Weber,698,France,Male,48,3,60439.94,2,1,0,50589.39,0
6269,15967123,Lima,603,France,Male,26,8,155710.57,1,1,0,71773.43,0
6270,15022015,Fischer,620,Germany,Female,57,3,0.0,1,1,1,174064.86,1
6271,15981693,Thomas,544,France,Female,27,6,238457.85,2,1,1,187225.25,0
6272,15860373,Fischer,684,Spain,Male,22,6,0.0,1,1,1,198644.58,0
6273,15573753,Pereira,672,France,Male,33,1,17204.67,2,0,1,172899.23,0
6274,15475814,Santos,619,Germany,Male,20,5,87243.63,2,1,1,193565.38,0
6275,15396261,Silva,717,Germany,Male,40,6,145215.8,2,0,1,109625.5,0
6276,15607293,Costa,688,Germany,Female,33,4,6699.13,2,1,0,107744.66,0
6277,15583999,Gomes,489,France,Female,42,5,91615.89,2,1,0,85506.55,0
6278,15003774,Souza,693,France,Male,66,2,161492.35,1,1,0,68312.33,1
6279,15432335,Weber,632,Spain,Female,46,3,118498.55,2,1,0,135100.97,0
6280,15343898,Martin,821,France,Male,21,5,211988.86,1,1,0,161781.84,0
6281,15194572,Bernard,511,Spain,Female,76,5,0.0,1,1,0,194625.01,1
6282,15523486,Fischer,640,Germany,Male,35,2,0.0,1,1,0,131019.31,0
6283,15682858,Santos,706,Spain,Male,35,9,75701.77,2,1,0,158356.51,0
6284,15035643,Silva,689,Germany,Male,35,8,87045.2,1,1,1,69274.68,0
6285,15673084,Müller,513,France,Female,36,2,66388.54,2,0,0,72209.95,0
6286,15205113,Alves,611,Germany,Male,57,7,242579.42,2,1,1,17621.61,0
6287,15411205,Alves,757,Spain,Male,40,3,0.0,2,0,0,109006.32,0
6288,15059867,Pereira,586,France,Male,50,5,236393.51,1,0,0,132579.3,0
6289,15236531,Fischer,800,Spain,Female,38,6,44147.81,2,1,0,96399.84,0
6290,15817560,Martin,515,France,Female,56,3,64939.93,2,1,0,70854.94,0
6291,15683307,Dubois,689,France,Female,55,4,57758.52,1,1,1,161533.82,0
6292,15885635,Santos,594,France,Female,31,4,95413.42,1,0,1,132665.23,0
6293,15188232,Alves,608,Spain,Male,41,6,234485.72,1,1,1,193402.58,0
6294,15563633,Pereira,850,France,Male,47,4,0.0,1,1,0,84927.99,0
6295,15056252,Robert,731,Spain,Female,49,5,132655.25,1,1,0,185027.54,1
6296,15685408,Dubois,750,Spain,Female,48,6,0.0,2,0,1,189301.23,0
6297,15990465,Fischer,648,France,Female,44,5,63112.5,1,1,1,159926.19,0
6298,15266948,Müller,744,France,Male,18,4,0.0,1,1,1,127044.71,0
6299,15125013,Pereira,694,Germany,Male,43,4,57113.11,2,0,0,124580.63,0
6300,15944771,Silva,768,France,Male,39,2,169793.92,2,1,0,193990.6,0
6301,15926016,Bernard,573,Spain,Female,31,1,0.0,1,0,1,95019.17,0
6302,15763413,Müller,695,France,Male,55,8,0.0,1,1,0,101844.91,1
6303,15695374,Thomas,533,France,Female,19,2,99341.3,2,1,1,186850.96,0
6304,15011987,Silva,581,Spain,Female,31,3,0.0,1,1,0,183649.67,0
6305,15309393,Fischer,655,France,Male,28,5,35624.08,1,1,1,68470.28,0
6306,15570829,Pereira,545,France,Male,29,6,227002.51,1,1,0,157157.44,0
6307,15056462,Oliveira,611,France,Female,40,6,57032.07,1,0,0,112453.16,1
6308,15850130,Oliveira,604,France,Female,73,6,84014.42,1,1,0,144345.08,1
6309,15139440,Ferreira,850,Germany,Female,39,8,91704.25,1,1,0,113368.97,1
6310,15999279,Robert,582,Spain,Female,47,1,0.0,1,0,1,82332.63,0
6311,15828422,Thomas,594,France,Male,27,3,198584.94,2,1,1,47372.61,0
6312,15793517,Robert,611,Germany,Male,47,7,176802.51,2,1,1,72248.71,0
6313,15070757,Santos,729,Germany,Female,62,4,0.0,2,1,0,27272.6,1
6314,15628665,Oliveira,738,France,Female,34,7,0.0,2,1,0,61853.47,0
6315,15330688,Santos,729,France,Female,56,0,0.0,2,0,0,96851.38,0
6316,15753240,Pereira,559,Spain,Male,70,4,0.0,2,1,0,105113.44,0
6317,15463541,Meyer,708,Germany,Female,42,7,94886.37,2,1,0,170355.43,0
6318,15281500,Alves,521,Germany,Male,38,3,61631.81,1,1,0,24136.82,0
6319,15099170,Martin,550,Germany,Female,46,8,0.0,2,1,1,22463.53,0
6320,15882525,Müller,781,France,Male,60,0,98863.21,2,1,1,66930.84,0
6321,15918233,Alves,706,Germany,Male,25,1,68991.24,2,1,0,21087.61,0
6322,15709073,Lima,493,Germany,Male,40,4,0.0,1,1,0,14972.72,0
6323,15583071,Robert,833,Germany,Male,37,1,0.0,1,1,0,102380.77,0
6324,15249440,Meyer,707,France,Male,35,2,8738.19,2,0,0,115973.28,0
6325,15009075,Silva,526,France,Male,51,3,171708.59,2,1,1,58552.56,0
6326,15796306,Dubois,591,France,Female,31,4,0.0,2,1,0,189666.83,0
6327,15594278,Thomas,776,Spain,Female,38,3,0.0,2,1,1,144186.26,0
6328,15855570,Alves,799,France,Female,47,7,136457.12,1,1,1,26273.49,0
6329,15242873,Weber,506,France,Male,34,7,0.0,2,0,1,191666.0,0
6330,15967276,Silva,626,France,Male,33,6,0.0,1,0,0,127772.05,0
6331,15927539,Weber,617,France,Female,46,5,144654.95,2,1,0,39344.04,0
6332,15205731,Pereira,514,Germany,Male,39,2,23098.84,1,0,0,28201.22,0
6333,15023258,Silva,615,Germany,Male,34,5,4721.83,1,1,1,33599.21,0
6334,15914405,Meyer,550,Germany,Male,24,2,126130.68,2,1,0,108211.71,0
6335,15683374,Gomes,721,France,Male,41,4,83932.59,2,1,0,102664.68,0
6336,15436123,Souza,684,Germany,Male,55,4,230000.01,2,0,1,175942.89,0
6337,15297702,Müller,815,France,Female,51,5,0.0,2,1,1,40791.52,0
6338,15339155,Dubois,850,France,Female,36,6,60484.04,2,0,0,59954.5,0
6339,15919902,Oliveira,702,France,Male,41,3,17618.22,2,0,0,158316.22,0
6340,15716847,Oliveira,597,France,Female,51,0,117151.78,2,1,1,103268.95,0
6341,15986141,Ferreira,703,France,Female,36,0,2349.32,1,1,0,129279.9,1
6342,15308522,Fischer,660,Germany,Male,74,7,75734.48,2,1,1,89404.44,0
6343,15810510,Meyer,760,Germany,Male,55,4,0.0,4,1,0,90073.71,1
6344,15450732,Fischer,821,Spain,Male,35,2,0.0,1,0,1,195879.03,0
6345,15571145,Robert,728,France,Female,39,0,0.0,2,0,0,188147.81,0
6346,15926158,Müller,494,France,Male,27,4,81129.3,1,1,1,137334.34,0
6347,15063162,Gomes,526,France,Female,39,2,164079.27,2,1,0,60969.44,0
6348,15416205,Thomas,748,Spain,Female,53,4,241203.28,1,1,1,160482.65,1
6349,15024043,Meyer,666,Germany,Male,54,4,0.0,2,1,1,115249.28,0
6350,15327050,Bernard,611,Germany,Female,19,2,116115.75,1,0,0,130479.39,1
6351,15365507,Ferreira,403,France,Female,41,2,162960.43,1,1,1,126621.9,0
6352,15840026,Costa,649,Germany,Male,48,0,248015.09,3,1,1,18195.81,1
6353,15837175,Santos,747,France,Female,33,5,0.0,1,0,0,43003.33,0
6354,15262188,Lima,740,Germany,Male,44,2,74672.48,2,0,1,86050.95,0
6355,15021371,Müller,608,Spain,Male,67,7,5887.74,2,1,1,23293.62,0
6356,15502865,Schmidt,633,Spain,Male,22,5,116126.5,1,1,0,143059.45,0
6357,15619496,Souza,570,Germany,Female,22,4,29405.79,1,1,0,53537.54,1
6358,15497579,Gomes,603,France,Male,28,4,60348.21,2,0,0,187539.14,0
6359,15989639,Pereira,708,Spain,Female,34,2,0.0,2,1,0,178584.19,0
6360,15520862,Pereira,715,Germany,Male,34,8,0.0,1,1,0,126207.36,0
6361,15656530,Oliveira,846,France,Female,35,8,150029.22,1,0,0,54749.71,1
6362,15579049,Oliveira,745,France,Female,49,3,69668.24,2,1,0,132104.36,0
6363,15465773,Lima,674,France,Male,50,6,184131.62,2,1,0,39937.36,0
6364,15867264,Gomes,528,France,Female,33,2,118513.23,2,0,1,98667.26,0
6365,15953531,Schmidt,519,France,Female,34,6,0.0,2,1,1,69296.58,0
6366,15144765,Lima,667,Germany,Female,56,3,89965.13,2,1,1,73475.47,0
6367,15271890,Santos,784,France,Male,58,3,68972.12,2,1,0,65831.26,0
6368,15549431,Thomas,520,France,Female,38,4,0.0,1,1,1,63544.3,0
6369,15460749,Martin,680,Germany,Female,38,3,147194.73,2,1,1,104674.59,0
6370,15560308,Silva,786,Spain,Female,53,2,157298.49,1,0,0,77507.39,1
6371,15885701,Thomas,628,Germany,Male,30,5,0.0,1,1,0,58762.47,0
6372,15346317,Thomas,718,France,Male,37,2,81189.01,1,0,1,53947.14,0
6373,15810915,Costa,734,Spain,Female,40,4,181856.19,2,0,0,159253.17,0
6374,15034092,Oliveira,646,Spain,Female,34,2,0.0,1,0,1,32079.36,0
6375,15639032,Weber,850,France,Female,22,6,114658.42,1,0,0,82899.84,1
6376,15988326,Thomas,723,France,Female,35,3,85105.84,2,0,1,154852.98,0
6377,15010840,Lima,717,Germany,Female,49,7,182605.6,2,0,1,46473.06,0
6378,15467152,Bernard,586,Spain,Male,55,3,84571.27,1,1,0,76091.49,1
6379,15749815,Müller,772,Spain,Male,61,2,0.0,1,0,0,15714.28,1
6380,15108605,Martin,650,Spain,Male,24,5,115785.69,2,1,1,154468.14,0
6381,15077000,Robert,614,Germany,Female,33,4,19162.0,2,1,0,159424.93,0
6382,15044749,Müller,382,Germany,Male,44,5,68909.54,1,1,0,116145.49,1
6383,15332025,Souza,660,France,Male,47,3,97182.7,2,1,1,132364.44,0
6384,15164267,Bernard,674,France,Male,38,3,0.0,2,1,0,51535.92,0
6385,15163636,Meyer,779,France,Male,33,2,0.0,2,1,1,137546.76,0
6386,15168215,Costa,705,Germany,Female,34,8,0.0,1,1,1,170041.49,0
6387,15114333,Robert,713,Germany,Female,36,5,0.0,2,0,0,47357.4,0
6388,15445979,Alves,717,Germany,Male,26,6,0.0,1,1,0,153598.64,0
6389,15050672,Dubois,591,France,Female,77,2,84673.93,1,0,1,135759.29,1
6390,15845773,Alves,657,Germany,Female,18,5,0.0,2,0,0,91930.6,0
6391,15893873,Gomes,823,France,Female,77,6,78581.0,1,1,0,11877.94,1
6392,15234643,Ferreira,723,France,Female,52,3,24515.04,1,0,0,166916.05,1
6393,15560039,Dubois,647,Germany,Male,35,2,88115.0,1,0,1,76468.93,0
6394,15390051,Costa,665,Germany,Female,46,5,205166.93,1,1,1,22818.94,1
6395,15265322,Fischer,684,Spain,Female,49,5,0.0,2,0,1,152835.45,0
6396,15528053,Bernard,708,France,Male,35,5,0.0,1,1,0,183800.4,0
6397,15635420,Weber,593,France,Male,35,2,93138.29,2,1,0,79985.48,0
6398,15107791,Martin,625,France,Male,44,3,109677.19,1,0,1,119230.63,0
6399,15610303,Thomas,663,France,Female,45,5,36767.0,1,1,0,90604.01,1
6400,15826380,Bernard,653,Spain,Male,42,5,0.0,1,1,1,70061.0,0
6401,15987322,Alves,708,Germany,Male,39,4,75435.13,2,1,1,170998.33,0
6402,15145260,Ferreira,657,Spain,Male,35,6,92941.66,2,0,0,26393.0,0
6403,15265441,Ferreira,635,France,Female,45,6,100075.83,1,1,1,51595.5,0
6404,15459717,Martin,712,Spain,Female,36,3,92173.58,1,1,0,43783.69,0
6405,15311630,Schmidt,552,France,Male,43,2,0.0,1,0,1,183136.85,0
6406,15157599,Ferreira,536,Spain,Male,52,2,57926.75,1,0,0,162080.13,1
6407,15965149,Meyer,850,France,Female,44,3,0.0,1,1,1,153123.56,0
6408,15420731,Costa,642,France,Female,46,8,123872.01,2,1,1,196154.13,0
6409,15177456,Oliveira,513,Germany,Male,44,2,54038.15,1,1,0,39344.9,1
6410,15506624,Souza,690,Spain,Male,45,7,9807.85,2,0,1,96427.09,0
6411,15024380,Lima,597,France,Female,45,2,126028.35,1,1,0,152690.9,1
6412,15066637,Gomes,683,France,Male,23,3,194151.26,2,0,1,141884.07,0
6413,15697001,Robert,529,Spain,Male,70,2,74011.48,2,1,0,44228.99,0
6414,15238886,Müller,695,France,Male,22,1,0.0,2,1,0,152062.87,0
6415,15059915,Pereira,644,France,Male,39,1,18748.51,2,1,0,95544.62,0
6416,15130414,Gomes,829,France,Female,25,3,63331.08,2,1,0,168539.31,0
6417,15505014,Ferreira,750,France,Male,25,4,91127.41,2,0,1,40949.43,0
6418,15228957,Bernard,565,Spain,Male,55,2,217991.38,1,1,1,135731.24,0
6419,15197721,Martin,426,Spain,Male,31,8,60595.45,1,1,0,24948.28,0
6420,15309091,Silva,611,Germany,Female,56,5,111661.72,2,1,1,40548.25,0
6421,15469292,Fischer,557,Spain,Male,32,7,3595.1,2,1,1,109162.77,0
6422,15283728,Meyer,557,France,Female,40,2,0.0,2,1,1,51666.65,0
6423,15127396,Souza,628,France,Female,35,2,0.0,1,1,0,112359.21,0
6424,15481194,Dubois,634,France,Male,45,6,0.0,2,0,0,144992.76,0
6425,15636802,Ferreira,631,France,Male,58,5,0.0,4,1,1,133529.8,1
6426,15342212,Martin,850,France,Male,31,8,0.0,1,0,0,160213.95,0
6427,15089687,Dubois,607,Spain,Female,34,2,0.0,2,0,0,62698.35,0
6428,15802686,Souza,850,Spain,Male,66,0,0.0,1,1,0,190505.47,1
6429,15949716,Souza,752,France,Female,22,7,0.0,1,0,0,90883.35,0
6430,15315366,Bernard,679,Germany,Male,45,5,0.0,1,1,0,29522.45,0
6431,15182659,Lima,658,Germany,Female,39,6,0.0,2,1,1,149509.81,0
6432,15588944,Weber,586,Spain,Male,24,3,99090.27,1,1,1,135034.79,0
6433,15964639,Schmidt,557,Spain,Male,40,0,0.0,1,0,1,79951.48,0
6434,15897058,Bernard,587,Germany,Female,30,4,0.0,1,0,1,104130.58,0
6435,15714166,Schmidt,716,Spain,Female,58,9,0.0,1,1,0,163709.74,1
6436,15176404,Lima,609,Germany,Male,50,7,243572.64,1,0,1,150532.86,0
6437,15422886,Souza,679,Germany,Male,54,1,51211.69,3,1,0,33336.44,1
6438,15873300,Souza,697,France,Male,49,2,93463.99,1,1,1,44733.82,0
6439,15347169,Schmidt,647,France,Male,48,3,0.0,2,1,1,92010.24,0
6440,15456588,Costa,617,Germany,Female,45,6,60212.34,1,0,1,108405.84,0
6441,15299571,Müller,680,France,Female,60,6,201511.34,1,0,1,189848.07,1
6442,15792596,Bernard,483,France,Female,22,2,80954.65,1,0,1,31198.1,0
6443,15774160,Robert,605,Germany,Female,34,4,64723.63,1,1,1,67840.03,0
6444,15723510,Robert,457,France,Male,49,4,10994.96,2,0,1,98711.4,0
6445,15335318,Santos,604,Germany,Female,65,4,73040.79,1,1,1,199524.65,1
6446,15508979,Souza,782,Germany,Male,63,4,232038.79,1,1,0,153457.02,1
6447,15701202,Weber,590,Spain,Male,43,3,0.0,1,1,1,176193.21,0
6448,15268885,Silva,665,France,Male,33,4,170189.27,1,0,0,77726.86,0
6449,15628288,Bernard,695,France,Male,25,5,27073.22,2,1,1,116530.88,0
6450,15858225,Weber,696,Germany,Female,65,1,237473.83,1,1,0,182611.5,1
6451,15723738,Lima,649,Spain,Male,36,8,0.0,1,0,0,121305.58,0
6452,15844361,Santos,672,Spain,Female,33,2,0.0,1,0,0,159394.25,0
6453,15991077,Schmidt,687,France,Female,74,3,0.0,2,1,1,126681.66,0
6454,15026882,Gomes,638,France,Male,29,4,0.0,1,1,1,144587.93,0
6455,15806378,Robert,588,Spain,Female,44,0,48529.69,1,1,1,37056.3,0
6456,15986514,Robert,720,France,Male,44,4,0.0,2,1,1,131066.96,0
6457,15693723,Pereira,676,Germany,Male,28,6,83208.52,2,0,0,94232.4,0
6458,15241882,Thomas,673,France,Male,32,7,0.0,1,0,1,58387.62,0
6459,15358854,Costa,668,France,Female,19,3,185599.53,2,1,1,32540.44,0
6460,15597767,Bernard,670,France,Male,46,5,0.0,1,0,1,50329.2,0
6461,15949228,Weber,546,France,Female,41,6,109668.65,2,1,1,153921.67,0
6462,15516799,Robert,526,Germany,Male,23,2,0.0,2,0,1,130649.03,0
6463,15635517,Gomes,619,Spain,Female,75,4,101073.3,1,1,1,85264.69,1
6464,15129157,Alves,696,France,Male,37,3,0.0,2,1,0,128476.55,0
6465,15004652,Thomas,570,Spain,Female,37,3,0.0,2,0,1,162976.92,0
6466,15268031,Thomas,635,France,Female,34,1,0.0,2,0,1,174457.8,0
6467,15025652,Martin,694,Germany,Male,20,4,174185.24,2,1,0,75580.26,0
6468,15127529,Gomes,813,France,Female,70,2,91923.65,1,0,1,85154.36,1
6469,15833999,Pereira,536,Spain,Male,33,3,0.0,1,1,1,84786.38,0
6470,15882594,Souza,764,Spain,Female,32,3,93066.61,2,1,1,87400.94,0
6471,15798606,Robert,693,Germany,Female,53,4,27714.04,1,1,1,44342.92,1
6472,15666589,Gomes,819,Spain,Male,48,7,225719.15,1,1,0,197514.4,0
6473,15891903,Martin,530,Germany,Female,31,5,129209.02,2,0,1,38407.61,0
6474,15475385,Weber,719,Spain,Female,57,8,34552.16,2,1,1,37207.62,0
6475,15450761,Gomes,669,Germany,Male,45,5,0.0,1,1,0,151908.94,0
6476,15402354,Schmidt,540,Spain,Female,39,6,67026.35,1,1,0,44318.14,0
6477,15259540,Ferreira,681,Germany,Female,46,6,35205.01,2,1,0,45901.52,0
6478,15506844,Thomas,405,France,Female,53,6,75885.16,2,1,1,87285.54,0
6479,15506052,Meyer,733,Germany,Female,47,5,0.0,1,1,1,188385.02,0
6480,15357588,Fischer,575,France,Male,44,4,91177.24,1,1,0,44069.63,0
6481,15790466,Schmidt,759,Germany,Female,74,5,0.0,2,1,0,178325.99,1
6482,15364829,Bernard,832,France,Male,42,2,155046.1,1,0,0,181657.53,0
6483,15312251,Alves,748,Germany,Female,30,5,151956.06,2,1,1,13953.35,0
6484,15496271,Thomas,730,France,Female,32,4,0.0,1,0,1,55363.02,0
6485,15972292,Alves,540,France,Female,41,6,54815.82,1,1,1,93188.42,0
6486,15611331,Weber,666,France,Male,35,7,24928.92,2,0,0,56470.52,0
6487,15279997,Oliveira,602,Spain,Male,61,2,137080.56,1,1,1,35318.53,1
6488,15284301,Fischer,621,France,Male,37,5,213559.85,2,1,0,99009.99,0
6489,15960434,Silva,834,France,Male,36,8,0.0,1,1,1,66858.32,0
6490,15637406,Alves,675,Germany,Female,47,7,18645.08,1,0,0,29276.23,1
6491,15048915,Souza,697,Germany,Female,43,6,0.0,1,1,0,90403.32,1
6492,15112952,Costa,645,France,Female,39,0,87149.89,2,1,1,172836.39,0
6493,15890506,Fischer,773,France,Female,21,2,136076.34,1,0,1,115098.7,0
6494,15564072,Müller,689,France,Female,47,2,46756.21,1,0,0,102662.31,1
6495,15516478,Fischer,473,Spain,Female,51,7,228044.49,4,1,0,134578.03,1
6496,15115308,Souza,592,France,Female,48,6,0.0,1,1,1,55417.71,0
6497,15248450,Pereira,793,France,Female,31,4,248583.31,2,1,1,60853.23,0
6498,15665136,Pereira,661,France,Female,26,8,0.0,1,1,0,69053.9,0
6499,15949930,Alves,598,France,Female,58,2,110021.43,2,1,0,114528.17,1
6500,15890053,Oliveira,777,Spain,Male,70,5,0.0,1,0,1,77659.91,0
6501,15185825,Dubois,619,France,Female,33,5,0.0,2,1,0,145151.37,0
6502,15071735,Robert,621,France,Male,42,3,204537.03,2,1,1,62893.28,0
6503,15564031,Pereira,679,France,Male,32,4,205556.35,2,1,1,131770.05,0
6504,15869158,Fischer,634,France,Female,43,2,92823.28,1,1,1,15801.01,0
6505,15528804,Robert,704,France,Female,58,5,30335.91,2,0,1,137433.35,0
6506,15224643,Souza,524,Spain,Female,21,4,0.0,2,0,0,132644.09,0
6507,15223726,Weber,721,Spain,Male,46,0,76997.7,1,1,1,167239.47,0
6508,15562961,Alves,598,Spain,Female,32,8,9158.06,1,1,1,143498.75,0
6509,15455439,Santos,732,Spain,Female,35,4,81617.15,1,1,0,19780.73,0
6510,15302841,Fischer,695,Germany,Female,49,5,48640.22,2,1,0,173692.51,0
6511,15834978,Santos,850,France,Male,19,2,80309.22,1,1,1,46299.95,0
6512,15533998,Meyer,516,Spain,Female,49,2,140382.21,1,1,1,113080.46,0
6513,15518062,Meyer,606,Spain,Male,39,7,192835.75,1,1,1,63343.3,0
6514,15449856,Ferreira,619,Spain,Male,50,5,145131.27,2,1,0,14792.9,0
6515,15709565,Bernard,617,Germany,Male,23,4,0.0,2,1,1,35072.73,0
6516,15271083,Lima,708,France,Male,41,4,0.0,1,1,1,38386.12,0
6517,15622883,Lima,564,Spain,Male,42,2,58361.06,2,0,1,115518.5,0
6518,15667506,Alves,718,Germany,Male,76,7,131714.64,1,0,0,171690.17,1
6519,15911076,Schmidt,664,Spain,Male,59,2,88633.83,1,1,0,194420.11,1
6520,15696893,Müller,647,France,Female,33,2,0.0,2,1,0,180232.51,0
6521,15714161,Müller,624,France,Female,30,8,171912.51,1,1,1,95480.04,0
6522,15810926,Lima,613,France,Male,46,3,111178.6,1,1,0,194608.83,0
6523,15033020,Robert,597,Spain,Male,46,6,0.0,1,1,1,21611.49,0
6524,15869359,Dubois,681,France,Male,21,6,81320.22,1,0,0,166901.56,0
6525,15519865,Weber,413,France,Male,26,3,0.0,1,1,1,68261.47,0
6526,15793482,Dubois,655,Spain,Male,42,2,16632.22,2,1,1,184424.91,0
6527,15120642,Lima,684,France,Female,58,6,0.0,2,1,1,145864.35,0
6528,15557094,Lima,561,Spain,Male,51,5,54049.97,1,1,0,151479.7,1
6529,15283189,Pereira,658,France,Female,30,2,0.0,1,0,0,78037.65,0
6530,15937301,Santos,696,Spain,Male,36,7,0.0,2,1,1,25664.08,0
6531,15395807,Thomas,694,Germany,Male,28,6,0.0,2,1,0,68875.0,0
6532,15287971,Lima,688,Spain,Male,39,7,98330.92,2,1,1,114502.87,0
6533,15619943,Alves,679,Spain,Female,41,4,65311.38,1,1,0,183800.11,1
6534,15837809,Ferreira,588,France,Female,54,2,0.0,2,0,1,173982.66,0
6535,15556932,Lima,544,France,Female,50,7,0.0,1,0,0,94593.63,1
6536,15091394,Oliveira,554,France,Male,25,5,0.0,1,1,1,22512.46,0
6537,15047593,Santos,771,Germany,Male,40,5,0.0,2,1,0,158301.17,0
6538,15421510,Schmidt,599,Spain,Female,61,5,98124.12,1,0,1,188315.1,1
6539,15851315,Thomas,581,France,Male,33,4,144636.94,1,0,1,136661.14,0
6540,15310553,Fischer,733,Germany,Male,35,3,0.0,1,0,1,27007.22,0
6541,15832590,Fischer,568,France,Female,45,5,0.0,1,1,0,15492.17,1
6542,15341767,Costa,741,Spain,Female,45,6,182420.03,1,1,0,189654.64,1
6543,15453437,Schmidt,844,Spain,Male,60,7,86847.82,2,0,1,182688.38,0
6544,15699870,Schmidt,541,France,Male,36,1,73896.34,2,0,1,27437.37,0
6545,15813546,Müller,734,France,Male,49,2,0.0,4,1,1,99351.11,1
6546,15696749,Schmidt,731,France,Male,32,6,148440.86,2,1,1,37326.83,0
6547,15343890,Pereira,585,Germany,Male,58,6,26144.53,1,1,1,94718.89,0
6548,15384620,Thomas,847,Germany,Female,59,2,189385.47,3,1,1,67246.76,1
6549,15530313,Weber,585,France,Male,54,2,37740.86,2,1,0,155245.42,0
6550,15160971,Thomas,736,France,Female,21,3,158900.29,1,1,0,193562.25,1
6551,15249076,Gomes,613,France,Female,57,1,0.0,1,1,0,34870.29,1
6552,15914188,Oliveira,578,Germany,Female,38,6,97778.76,1,1,1,97667.34,0
6553,15925999,Müller,763,Germany,Female,25,5,0.0,2,1,0,167581.08,0
6554,15130943,Weber,520,France,Male,28,6,153488.62,1,1,1,170450.85,0
6555,15870467,Bernard,602,Spain,Male,48,4,183927.67,1,1,0,78068.14,0
6556,15155813,Costa,566,Germany,Female,38,5,0.0,2,0,0,114733.81,0
6557,15234468,Bernard,495,France,Male,52,8,75073.22,2,1,1,146093.82,0
6558,15342355,Weber,725,France,Male,41,8,48396.65,1,0,0,195477.41,0
6559,15354552,Müller,550,Spain,Male,22,1,64755.96,3,1,0,155217.02,1
6560,15547390,Weber,622,Spain,Male,48,0,0.0,1,1,1,150129.41,0
6561,15983289,Meyer,681,France,Female,39,8,131893.9,2,0,1,179168.29,0
6562,15741141,Dubois,599,France,Male,32,4,0.0,2,0,0,176199.61,0
6563,15206070,Martin,744,France,Male,49,5,125283.06,2,1,0,61683.29,0
6564,15355867,Silva,719,Germany,Male,56,7,0.0,2,1,1,169013.01,0
6565,15616116,Martin,498,France,Male,35,4,124586.74,2,1,1,45909.13,0
6566,15700365,Santos,641,France,Male,53,4,0.0,1,0,0,44825.1,1
6567,15244145,Meyer,645,Germany,Male,55,2,230868.43,1,1,1,30021.91,1
6568,15227425,Pereira,664,Germany,Male,35,7,73096.72,1,1,1,131035.27,0
6569,15159165,Martin,505,France,Male,42,5,149250.59,2,1,1,74265.84,0
6570,15118118,Lima,538,France,Female,47,2,0.0,2,0,1,50088.99,0
6571,15258636,Dubois,679,Germany,Female,22,5,0.0,2,1,0,68945.91,0
6572,15696788,Gomes,549,France,Female,53,3,0.0,1,1,1,128725.18,0
6573,15071158,Ferreira,700,France,Male,58,2,0.0,2,1,1,193988.41,0
6574,15203402,Souza,686,Spain,Male,35,2,70113.54,1,0,0,36340.56,0
6575,15653089,Costa,586,France,Female,71,5,229303.12,1,1,1,59333.5,1
6576,15837486,Meyer,643,Germany,Male,30,5,0.0,1,0,1,142364.76,0
6577,15757748,Gomes,548,Spain,Male,58,6,0.0,2,1,0,47992.69,0
6578,15203620,Bernard,607,France,Male,40,2,43685.81,2,1,0,183332.5,0
6579,15176758,Alves,840,France,Female,45,7,0.0,2,1,0,118938.63,0
6580,15931422,Robert,694,Germany,Male,38,4,76769.43,1,0,1,123792.64,0
6581,15517944,Dubois,759,Spain,Male,50,2,0.0,2,1,1,191215.59,0
6582,15213266,Robert,615,Spain,Male,25,4,214494.54,1,1,0,146685.6,0
6583,15075670,Schmidt,562,Germany,Male,40,7,6113.12,1,1,0,89422.72,0
6584,15920855,Ferreira,759,France,Male,20,4,114032.26,1,1,1,136017.69,0
6585,15833446,Lima,632,Germany,Female,58,7,190708.69,2,0,0,31806.26,1
6586,15357699,Gomes,591,France,Male,35,2,248375.85,2,1,1,134196.69,0
6587,15801822,Oliveira,723,France,Female,41,7,34262.92,1,1,0,145217.58,1
6588,15201194,Oliveira,692,France,Female,53,4,102515.7,1,1,1,43976.98,1
6589,15341457,Lima,484,France,Female,60,8,83880.47,2,1,1,149905.09,0
6590,15761388,Fischer,714,Spain,Female,20,6,0.0,2,1,0,27577.38,0
6591,15187868,Oliveira,640,France,Female,55,5,209199.68,1,0,0,49038.72,1
6592,15565283,Schmidt,644,France,Male,37,5,30792.2,2,1,1,100236.42,0
6593,15724338,Weber,643,France,Male,48,2,112363.25,1,1,1,145491.93,0
6594,15582810,Dubois,543,Spain,Female,42,5,60418.58,2,1,1,126524.89,0
6595,15674217,Alves,569,Germany,Male,29,4,0.0,2,0,1,45426.55,0
6596,15099836,Schmidt,631,France,Female,34,3,131896.61,1,0,0,19909.38,1
6597,15590011,Fischer,719,France,Female,50,4,0.0,1,1,1,90650.43,0
6598,15979695,Robert,698,France,Male,40,8,0.0,2,1,0,136616.14,0
6599,15045897,Robert,568,Spain,Male,52,0,0.0,1,0,1,76389.25,0
6600,15898660,Silva,631,Germany,Male,37,4,84367.38,1,0,0,75434.77,0
6601,15021199,Schmidt,585,Germany,Female,65,3,18902.75,1,1,0,126053.58,1
6602,15952155,Fischer,668,Germany,Male,40,8,44704.8,1,0,0,105138.08,0
6603,15952406,Meyer,588,France,Male,73,8,35221.2,2,1,0,180237.39,0
6604,15918710,Silva,666,Spain,Male,49,5,0.0,2,1,1,90113.81,0
6605,15145401,Pereira,751,Germany,Female,55,4,69395.02,2,1,0,44227.99,1
6606,15604448,Ferreira,645,France,Male,19,7,0.0,1,0,0,43537.47,0
6607,15851974,Weber,426,France,Male,41,0,44579.8,1,1,0,12767.9,0
6608,15190010,Müller,668,Germany,Male,24,5,146936.72,2,0,1,55228.39,0
6609,15773958,Ferreira,585,Spain,Female,31,0,248241.76,2,0,0,129384.61,0
6610,15996630,Thomas,530,France,Male,42,8,236478.37,1,0,1,55101.57,0
6611,15127938,Dubois,616,Spain,Female,43,3,231492.76,2,1,1,98288.49,0
6612,15131655,Alves,716,Spain,Male,24,4,66149.9,2,0,1,20103.02,0
6613,15920311,Thomas,770,France,Female,50,4,179613.03,1,0,0,77128.07,1
6614,15222233,Bernard,594,France,Female,41,7,0.0,2,1,0,129121.92,0
6615,15260581,Bernard,660,France,Male,23,9,26400.34,2,0,1,171828.21,0
6616,15985103,Oliveira,598,Germany,Female,42,1,0.0,2,1,0,46965.6,0
6617,15317381,Meyer,539,France,Female,44,6,0.0,2,0,0,47537.93,0
6618,15650133,Silva,598,France,Female,20,3,0.0,1,1,0,107301.82,0
6619,15344380,Santos,665,Germany,Female,43,2,0.0,3,1,0,153915.88,1
6620,15412898,Dubois,625,Germany,Male,49,4,84063.79,2,1,1,96823.49,0
6621,15287519,Meyer,725,France,Male,53,9,0.0,2,1,0,21451.23,0
6622,15871967,Souza,688,France,Male,34,3,0.0,2,1,0,119681.73,0
6623,15938072,Oliveira,639,France,Female,53,3,0.0,1,1,0,157740.7,1
6624,15566482,Silva,497,Germany,Male,21,6,1586.51,2,1,1,42005.26,0
6625,15745531,Souza,648,Spain,Male,32,6,193153.16,2,1,1,196103.2,0
6626,15762601,Silva,680,France,Male,36,3,65528.33,2,0,1,69449.04,0
6627,15689093,Oliveira,567,Spain,Male,54,3,160975.08,2,1,1,151828.47,0
6628,15857751,Pereira,651,Germany,Male,46,5,91389.15,2,0,1,23360.42,0
6629,15642603,Ferreira,636,Germany,Male,30,2,0.0,1,1,1,131307.77,0
6630,15039607,Lima,784,Germany,Female,21,4,34795.67,3,1,0,130023.37,1
6631,15066651,Bernard,761,France,Female,39,2,22475.61,1,1,0,140741.55,1
6632,15815171,Martin,543,France,Male,24,3,141452.02,2,1,1,89244.48,0
6633,15105528,Müller,690,Germany,Male,42,3,80639.46,2,1,0,183891.14,0
6634,15447183,Martin,653,Germany,Female,47,5,0.0,2,0,1,96495.05,0
6635,15506250,Schmidt,736,Germany,Female,75,3,60711.89,1,0,1,156256.1,1
6636,15977217,Fischer,642,France,Male,76,7,198821.56,2,1,0,135981.55,1
6637,15645931,Costa,350,Spain,Male,48,8,0.0,2,1,0,121681.52,0
6638,15255841,Santos,584,Germany,Female,28,1,98568.32,2,1,0,128693.89,0
6639,15537486,Oliveira,633,France,Female,35,3,128493.91,1,0,1,172381.01,0
6640,15220123,Bernard,596,France,Male,44,3,0.0,2,0,1,187330.13,0
6641,15867938,Bernard,584,Spain,Male,42,3,170481.7,2,1,1,164225.16,0
6642,15232140,Santos,537,Spain,Female,43,3,235705.26,1,1,0,129164.86,1
6643,15069142,Oliveira,714,France,Male,69,3,0.0,1,1,1,76145.96,0
6644,15795088,Silva,569,Spain,Male,59,2,29460.1,2,0,1,88219.63,0
6645,15384957,Schmidt,676,France,Male,27,3,137677.64,1,1,1,57087.75,0
6646,15400372,Meyer,523,France,Male,37,6,173163.7,1,0,0,68143.25,0
6647,15186706,Meyer,503,Spain,Male,56,3,117370.88,2,1,1,191139.52,0
6648,15307136,Fischer,754,Spain,Female,57,2,186675.15,1,1,1,79216.54,1
6649,15050888,Ferreira,809,Germany,Female,34,2,0.0,2,1,1,122866.71,0
6650,15113343,Martin,850,Spain,Female,41,3,0.0,2,1,1,15434.07,0
6651,15104338,Weber,635,France,Female,45,5,12240.74,1,0,1,91999.36,0
6652,15269286,Souza,555,Spain,Female,37,2,198748.66,2,1,0,170970.77,0
6653,15969515,Ferreira,492,France,Female,36,4,97407.22,2,1,0,185841.66,0
6654,15750974,Robert,796,France,Male,57,8,198510.86,2,1,1,116371.14,0
6655,15146306,Dubois,665,France,Male,47,4,0.0,2,1,0,104825.12,0
6656,15678397,Bernard,765,France,Male,26,4,194899.91,2,0,0,17899.26,0
6657,15452822,Dubois,778,France,Male,41,4,0.0,1,1,0,95931.82,0
6658,15687582,Bernard,555,France,Female,42,4,56376.12,1,1,1,93068.89,0
6659,15797256,Weber,639,France,Female,58,9,25317.4,1,1,1,130564.94,0
6660,15887184,Silva,802,France,Female,31,2,0.0,1,1,1,124961.38,0
6661,15294191,Fischer,567,Germany,Male,63,8,227134.92,2,0,0,168498.61,1
6662,15240412,Thomas,557,France,Female,27,2,417.72,1,0,0,12732.13,0
6663,15829878,Alves,658,France,Male,47,2,0.0,1,1,1,87594.59,0
6664,15792048,Bernard,507,Germany,Male,50,5,0.0,2,1,1,62561.51,0
6665,15394996,Müller,471,Spain,Female,32,2,0.0,2,1,1,166431.98,0
6666,15157447,Costa,467,Spain,Female,34,4,59444.75,1,1,0,190542.21,1
6667,15267463,Oliveira,850,France,Male,54,6,0.0,1,0,1,111503.69,0
6668,15420938,Alves,726,Germany,Male,50,4,0.0,1,1,1,154918.34,0
6669,15416520,Silva,610,France,Male,43,0,962.48,2,0,1,182512.62,0
6670,15574969,Souza,538,France,Female,24,3,60075.9,1,1,1,99946.74,0
6671,15117689,Bernard,683,France,Male,27,1,56108.87,2,0,1,109858.97,0
6672,15559882,Fischer,737,Spain,Female,18,7,206164.01,1,1,1,148687.22,0
6673,15895170,Souza,734,France,Male,77,6,52164.64,1,1,1,199887.3,0
6674,15030290,Müller,350,France,Male,60,8,0.0,2,1,1,148493.17,0
6675,15303663,Oliveira,813,France,Male,76,7,201186.56,1,0,1,111659.14,1
6676,15855905,Martin,659,Spain,Female,28,4,0.0,1,1,0,40552.56,0
6677,15560641,Fischer,505,Germany,Male,41,7,67554.53,1,1,0,140505.13,1
6678,15330139,Lima,419,France,Female,19,5,76627.6,1,1,1,134590.59,0
6679,15343674,Schmidt,634,Germany,Female,59,4,0.0,1,1,0,110670.64,1
6680,15166931,Santos,785,Germany,Female,32,3,0.0,2,0,1,85672.79,0
6681,15026582,Lima,773,Germany,Male,25,5,0.0,2,1,1,59378.17,0
6682,15048846,Pereira,716,France,Male,44,5,116048.86,2,1,0,171952.79,0
6683,15769952,Oliveira,692,Spain,Female,38,5,200247.07,2,1,1,113412.92,0
6684,15599306,Martin,720,France,Male,46,3,0.0,1,0,0,150955.62,0
6685,15118489,Ferreira,689,Germany,Female,49,6,88280.95,1,1,1,117939.47,0
6686,15313844,Oliveira,584,France,Female,48,1,0.0,1,1,1,195309.47,0
6687,15805809,Costa,523,France,Female,66,6,0.0,1,0,0,128331.71,1
6688,15508901,Alves,574,France,Male,33,6,71169.6,1,0,1,17011.41,0
6689,15415505,Fischer,687,Germany,Male,32,4,0.0,2,1,0,93967.37,0
6690,15697076,Alves,473,France,Male,52,3,0.0,2,1,0,153785.49,0
6691,15100545,Silva,557,Spain,Male,50,4,162766.54,1,0,1,172977.05,0
6692,15553630,Alves,616,France,Female,22,2,0.0,2,1,0,160130.43,0
6693,15628885,Weber,804,Germany,Male,58,3,153722.5,1,0,0,131629.62,1
6694,15755004,Alves,560,Spain,Female,18,4,30308.21,1,1,0,51744.03,0
6695,15913532,Martin,617,Germany,Male,21,5,74542.22,3,0,0,29516.9,1
6696,15716437,Ferreira,588,Germany,Male,22,2,0.0,1,1,1,75760.65,0
6697,15787145,Santos,634,Germany,Male,21,2,97057.24,1,1,0,117847.15,0
6698,15890795,Silva,577,France,Male,27,5,77108.35,1,1,1,128240.55,0
6699,15715000,Costa,585,Spain,Male,27,5,0.0,2,1,0,81814.04,0
6700,15105595,Alves,837,France,Female,40,1,241800.73,1,1,0,114031.16,1
6701,15912101,Santos,739,Germany,Male,33,0,0.0,1,0,0,31894.47,0
6702,15722737,Oliveira,560,Germany,Female,29,2,246560.03,1,1,0,172065.64,1
6703,15742016,Gomes,613,France,Female,42,7,98729.32,2,1,1,124834.26,0
6704,15842637,Meyer,635,France,Male,34,5,0.0,2,1,1,30854.26,0
6705,15571521,Meyer,525,France,Male,30,7,0.0,1,0,0,33844.18,0
6706,15014849,Costa,528,Spain,Female,37,5,0.0,1,0,1,164850.02,0
6707,15511686,Martin,615,Spain,Male,31,8,0.0,2,1,0,55098.9,0
6708,15635522,Silva,766,Germany,Male,38,4,0.0,1,1,0,62521.72,0
6709,15503914,Schmidt,628,Germany,Male,33,5,0.0,2,1,1,47451.75,0
6710,15150472,Souza,663,Spain,Male,47,5,134578.05,2,1,0,52999.14,0
6711,15954645,Martin,613,France,Male,42,0,0.0,1,1,1,37417.97,0
6712,15328242,Oliveira,783,France,Female,67,0,77972.05,1,0,1,86884.64,1
6713,15704694,Silva,629,Germany,Male,50,2,0.0,2,0,1,25575.52,0
6714,15744853,Santos,415,Spain,Male,40,4,27251.04,1,1,0,175680.43,0
6715,15917012,Silva,716,Spain,Male,35,4,0.0,1,1,0,125173.13,0
6716,15586471,Pereira,648,France,Male,49,4,234835.14,1,0,0,71822.62,0
6717,15734243,Fischer,526,France,Female,29,6,99857.77,1,0,1,73684.57,0
6718,15641615,Lima,646,France,Female,43,6,0.0,1,1,0,113196.45,1
6719,15996913,Dubois,661,France,Female,35,8,91817.94,2,0,0,31188.66,0
6720,15152875,Souza,566,France,Female,44,4,0.0,2,0,0,197049.01,0
6721,15363622,Gomes,604,Spain,Female,51,3,211476.64,2,0,1,147010.42,0
6722,15545270,Thomas,736,France,Female,69,3,27393.71,1,0,1,52209.61,1
6723,15571573,Alves,597,Spain,Male,26,3,0.0,1,1,1,168860.71,0
6724,15512341,Alves,744,France,Male,35,3,0.0,2,1,0,122742.42,0
6725,15019490,Santos,783,Germany,Male,60,3,62281.38,1,0,1,160142.26,0
6726,15165837,Pereira,670,France,Male,48,1,0.0,2,1,1,173900.96,0
6727,15224739,Lima,497,France,Female,37,5,90045.56,2,1,1,132547.67,0
6728,15694375,Souza,540,France,Female,45,5,41117.33,1,1,0,138513.36,1
6729,15503064,Fischer,654,Spain,Male,49,4,57209.26,1,1,0,166855.81,0
6730,15037094,Fischer,671,Spain,Male,63,1,91736.97,2,1,0,117658.66,0
6731,15485498,Robert,694,France,Male,44,1,219460.37,2,1,1,99269.2,0
6732,15735370,Schmidt,765,France,Female,31,4,169634.24,1,1,1,146119.0,0
6733,15407905,Lima,533,Spain,Female,49,0,11881.04,1,1,1,85757.07,0
6734,15264100,Ferreira,527,France,Male,60,6,223347.09,2,1,1,100184.22,0
6735,15839671,Ferreira,751,France,Male,48,9,132009.88,2,1,1,79259.83,0
6736,15692403,Ferreira,766,Germany,Male,48,5,129087.81,1,1,0,174472.62,1
6737,15838021,Souza,686,Spain,Male,73,6,0.0,1,1,0,93510.13,1
6738,15829779,Dubois,814,France,Male,50,4,0.0,1,0,0,162323.79,0
6739,15961956,Alves,559,France,Male,37,5,0.0,1,1,1,157804.18,0
6740,15794081,Fischer,724,Spain,Male,47,5,82289.58,1,1,1,14292.71,0
6741,15158505,Müller,836,France,Male,45,6,0.0,2,1,0,178712.82,0
6742,15819958,Bernard,662,France,Male,19,5,0.0,1,0,0,115763.32,0
6743,15385134,Dubois,712,Germany,Male,39,6,0.0,2,1,1,116399.53,0
6744,15790267,Pereira,730,Spain,Male,50,4,40008.26,3,1,1,75549.86,1
6745,15741454,Dubois,582,France,Female,48,4,50361.1,1,1,1,168235.69,0
6746,15728511,Santos,636,Spain,Male,57,4,95902.56,2,0,0,36053.34,0
6747,15609565,Alves,521,Germany,Male,35,3,0.0,3,0,0,101560.89,1
6748,15981305,Müller,720,France,Female,76,3,131400.54,2,1,1,58408.24,0
6749,15052954,Müller,611,Spain,Male,35,0,0.0,1,0,0,155413.71,0
6750,15027040,Müller,540,France,Female,18,5,241534.78,2,1,1,48073.12,0
6751,15245507,Souza,799,France,Male,32,7,0.0,2,1,1,37215.88,0
6752,15924971,Meyer,850,Germany,Male,44,8,118919.03,1,0,0,48789.15,1
6753,15444699,Müller,596,France,Female,37,5,127862.45,2,0,0,177394.15,0
6754,15377333,Robert,754,France,Male,40,1,48175.18,2,1,0,88245.12,0
6755,15940371,Schmidt,729,France,Male,45,7,235738.29,1,1,1,16265.29,0
6756,15431360,Martin,573,France,Male,32,6,84843.39,2,1,1,154936.25,0
6757,15636811,Pereira,725,Spain,Female,47,2,240185.16,3,1,0,137712.63,1
6758,15301766,Oliveira,636,Germany,Male,53,6,91284.25,1,1,0,100306.91,1
6759,15702559,Costa,761,Spain,Male,48,4,0.0,2,0,1,199501.46,0
6760,15009742,Pereira,470,France,Male,34,7,43178.02,1,1,1,74550.37,0
6761,15090417,Weber,711,France,Female,45,2,0.0,1,1,0,105112.78,1
6762,15938600,Robert,788,France,Male,34,6,0.0,2,0,0,74681.16,0
6763,15921011,Dubois,633,France,Female,55,5,139239.45,1,1,0,111340.25,1
6764,15214773,Ferreira,586,France,Male,60,0,10458.96,1,0,0,191747.25,1
6765,15127590,Souza,595,Spain,Male,38,5,61356.05,2,1,1,17207.22,0
6766,15745229,Silva,751,Spain,Female,22,6,0.0,1,0,0,148511.47,0
6767,15334235,Oliveira,553,Spain,Male,27,2,51848.61,2,1,1,114388.76,0
6768,15926406,Dubois,585,France,Female,32,4,19283.09,2,0,1,62280.24,0
6769,15904073,Silva,569,Spain,Male,47,3,151016.55,1,0,0,72511.85,0
6770,15283637,Weber,698,France,Male,43,5,17453.7,1,0,0,45753.76,0
6771,15961282,Oliveira,850,France,Male,38,4,239135.8,1,1,1,111598.7,0
6772,15472085,Thomas,649,Spain,Male,46,5,0.0,2,1,0,14719.1,0
6773,15653511,Alves,635,Germany,Male,73,1,78297.55,1,0,1,160586.77,1
6774,15177884,Bernard,771,France,Male,43,2,0.0,2,1,0,141510.33,0
6775,15056002,Silva,594,France,Male,19,4,0.0,1,0,0,83497.93,0
6776,15177980,Meyer,733,France,Female,46,2,85862.84,2,1,1,55225.92,0
6777,15445285,Silva,675,Germany,Male,42,4,0.0,2,1,0,105242.94,0
6778,15988268,Meyer,630,France,Male,56,5,0.0,2,1,1,75163.24,0
6779,15331657,Thomas,716,Spain,Female,33,6,141747.82,2,1,1,159113.1,0
6780,15170267,Martin,571,France,Female,32,2,33362.3,2,1,1,79176.41,0
6781,15495944,Fischer,622,France,Female,44,6,64698.27,1,1,0,147776.08,1
6782,15821625,Fischer,597,France,Female,48,3,4464.11,2,0,1,128892.62,0
6783,15017239,Robert,625,Germany,Female,43,5,106696.02,1,0,0,117452.2,1
6784,15520840,Gomes,551,France,Male,26,2,0.0,1,1,0,177073.0,0
6785,15761335,Dubois,727,Germany,Male,47,4,0.0,1,1,0,132282.86,0
6786,15542257,Bernard,756,Spain,Male,20,6,99446.58,1,1,0,189012.31,0
6787,15459556,Alves,662,Spain,Female,35,1,72022.35,1,1,1,100680.18,0
6788,15676660,Silva,491,Spain,Male,45,6,186871.48,1,0,1,82769.64,0
6789,15630071,Thomas,815,Spain,Male,21,4,207128.66,1,1,1,128845.18,0
6790,15475931,Weber,625,Germany,Male,33,6,175867.99,3,1,0,93933.2,1
6791,15894137,Fischer,660,Spain,Male,49,8,130961.92,2,1,0,99579.28,0
6792,15508022,Pereira,630,France,Female,43,2,222037.08,1,1,0,77395.81,1
6793,15134999,Alves,709,France,Male,23,5,195162.61,1,1,1,146832.06,0
6794,15053632,Santos,539,France,Male,47,2,70741.15,1,1,0,129619.29,0
6795,15201882,Robert,675,France,Female,20,2,0.0,2,1,0,115343.81,0
6796,15942492,Müller,607,France,Female,34,5,0.0,1,1,1,96118.46,0
6797,15899909,Oliveira,545,Spain,Female,39,1,0.0,2,1,0,133860.97,0
6798,15021123,Gomes,742,France,Female,26,4,0.0,1,1,1,181273.69,0
6799,15166101,Müller,643,France,Female,66,5,0.0,2,1,0,154212.18,1
6800,15239975,Alves,745,Germany,Male,26,4,0.0,2,1,1,62084.23,0
6801,15737290,Gomes,500,France,Male,57,5,0.0,1,0,0,136490.2,1
6802,15292445,Costa,716,France,Male,56,6,0.0,1,0,1,22500.13,0
6803,15800178,Fischer,591,France,Male,73,7,94190.34,2,1,1,177453.57,0
6804,15781438,Meyer,652,France,Male,37,5,0.0,1,1,1,113560.16,0
6805,15145463,Robert,601,France,Male,56,3,0.0,1,1,1,140569.61,0
6806,15822385,Ferreira,611,Spain,Male,64,4,167946.34,1,0,1,104844.68,1
6807,15337865,Dubois,739,Germany,Female,25,3,0.0,2,1,0,118990.07,0
6808,15676899,Souza,596,France,Male,44,2,0.0,2,1,1,148590.61,0
6809,15489056,Souza,850,France,Male,20,4,104500.73,1,0,0,176284.24,0
6810,15935858,Dubois,809,France,Female,47,0,0.0,1,1,0,45714.32,1
6811,15982424,Schmidt,820,Spain,Male,45,5,55131.1,1,1,0,68182.94,0
6812,15767797,Thomas,606,France,Male,39,6,111631.37,2,1,1,186775.44,0
6813,15719925,Schmidt,673,France,Male,53,9,64345.03,2,1,0,17963.29,0
6814,15050605,Weber,691,Spain,Female,26,7,113196.6,1,0,1,62859.31,0
6815,15148077,Bernard,573,France,Male,57,1,64171.57,2,0,0,107563.53,0
6816,15040223,Weber,630,France,Female,22,2,99112.07,1,1,0,169046.65,0
6817,15300245,Silva,630,France,Female,50,2,171857.61,2,0,1,88903.5,0
6818,15053415,Ferreira,728,Spain,Female,28,5,0.0,2,1,1,53607.53,0
6819,15692388,Costa,598,Spain,Male,34,0,0.0,2,1,1,69196.33,0
6820,15251748,Lima,720,Germany,Male,44,8,159000.42,1,1,1,61304.8,0
6821,15155226,Costa,684,France,Female,36,1,210596.1,1,1,0,40636.94,1
6822,15818457,Bernard,627,Germany,Male,48,3,0.0,1,1,1,89029.18,0
6823,15578422,Robert,501,Spain,Female,59,7,60809.27,1,1,1,101337.45,0
6824,15887995,Ferreira,590,Spain,Female,21,8,0.0,1,1,0,131390.77,0
6825,15715802,Schmidt,460,France,Male,60,4,0.0,2,1,1,123752.75,0
6826,15899142,Santos,635,Spain,Female,19,4,83585.9,1,0,0,84163.72,0
6827,15731527,Alves,648,France,Male,20,5,67787.28,2,1,0,48624.27,0
6828,15042135,Dubois,538,France,Female,22,4,26116.62,1,0,0,153352.31,0
6829,15075897,Meyer,612,Germany,Female,71,3,162609.3,1,0,0,126404.13,1
6830,15062709,Costa,623,France,Male,20,6,0.0,2,0,1,82258.0,0
6831,15705805,Pereira,719,Spain,Male,58,5,206918.65,1,0,1,52839.42,0
6832,15732380,Robert,721,France,Female,64,4,84368.12,2,1,0,142170.61,1
6833,15817456,Weber,667,Germany,Male,39,1,66768.44,2,1,1,138812.36,0
6834,15680433,Müller,705,Spain,Male,48,1,4351.95,4,0,0,95095.91,1
6835,15342327,Oliveira,697,Spain,Male,60,4,0.0,3,0,1,73309.09,1
6836,15204345,Fischer,471,France,Female,32,5,0.0,2,1,0,186053.04,0
6837,15811468,Alves,563,France,Male,27,5,51896.26,2,1,0,146123.5,0
6838,15364618,Silva,626,Germany,Male,36,7,242454.52,2,0,1,46107.87,0
6839,15372160,Weber,701,France,Female,52,6,0.0,1,1,1,66182.84,0
6840,15481035,Martin,568,Spain,Male,53,2,82190.57,2,1,1,179937.21,0
6841,15993968,Müller,656,Spain,Male,38,6,0.0,1,1,0,57454.05,0
6842,15240519,Pereira,667,France,Male,24,5,0.0,2,0,0,55667.94,0
6843,15224563,Robert,753,France,Male,51,6,224730.12,2,1,0,22108.73,0
6844,15864693,Robert,709,France,Male,21,6,0.0,2,1,1,89891.02,0
6845,15837975,Alves,718,Spain,Male,49,3,0.0,2,1,1,88623.04,0
6846,15794834,Alves,745,France,Male,29,3,55890.35,1,0,0,144937.17,0
6847,15026800,Dubois,655,France,Male,51,4,14822.89,2,1,1,188252.35,0
6848,15719538,Robert,785,France,Male,59,3,140738.09,2,0,1,186065.55,0
6849,15393908,Meyer,692,Germany,Female,35,3,40440.33,1,0,0,73507.44,1
6850,15630465,Dubois,590,France,Female,26,1,244449.09,1,1,0,78666.05,1
6851,15828097,Santos,666,France,Male,46,9,0.0,2,1,0,188161.38,0
6852,15636718,Lima,639,Spain,Female,39,3,148583.37,1,1,1,25570.79,0
6853,15980765,Schmidt,850,Spain,Male,38,6,0.0,1,1,0,81906.17,0
6854,15890700,Martin,526,Spain,Male,43,9,197940.14,1,1,0,132057.09,0
6855,15619566,Gomes,491,France,Male,36,8,170498.61,2,0,1,17964.36,0
6856,15446889,Meyer,682,France,Male,39,5,226347.72,2,1,1,76056.0,0
6857,15687534,Alves,568,Germany,Male,59,4,138513.56,2,1,1,109660.89,0
6858,15058502,Müller,507,France,Female,49,3,56353.39,3,1,1,179768.19,1
6859,15140838,Bernard,769,Spain,Male,36,6,234017.13,1,0,1,57086.53,0
6860,15797226,Robert,617,Germany,Female,45,3,0.0,2,0,0,157320.27,0
6861,15013800,Robert,662,France,Female,54,1,0.0,2,1,0,96892.82,0
6862,15774202,Gomes,669,Spain,Female,49,3,0.0,2,1,1,104857.6,0
6863,15957642,Santos,682,Spain,Female,35,3,86780.55,2,1,1,13248.54,0
6864,15520188,Ferreira,733,France,Female,20,6,0.0,2,0,1,69415.76,0
6865,15728818,Alves,686,Germany,Female,55,2,177750.19,1,0,1,179252.27,1
6866,15948578,Pereira,568,France,Male,56,3,0.0,2,1,0,102809.36,0
6867,15151010,Lima,710,France,Male,42,1,204549.52,1,1,0,129175.42,0
6868,15339435,Fischer,518,France,Female,21,6,0.0,1,1,1,45931.04,0
6869,15754271,Robert,592,Germany,Female,43,6,0.0,1,1,0,196541.8,1
6870,15113048,Silva,706,Spain,Male,55,4,129174.3,2,0,1,85093.26,0
6871,15216008,Lima,665,Germany,Male,35,4,0.0,2,1,1,81492.79,0
6872,15798763,Oliveira,604,France,Male,31,2,189500.57,1,0,1,175070.81,0
6873,15452801,Müller,576,Germany,Female,45,3,171194.18,1,0,1,47034.4,1
6874,15470797,Bernard,658,France,Male,59,7,0.0,1,1,1,153171.89,0
6875,15255872,Santos,561,Spain,Male,28,2,155520.53,2,0,0,77438.48,0
6876,15668312,Souza,850,France,Male,50,6,166813.94,1,1,1,131237.53,0
6877,15918219,Bernard,719,France,Female,47,0,0.0,1,1,0,179696.55,1
6878,15422599,Dubois,676,France,Female,42,3,246326.57,1,1,0,156282.2,1
6879,15605037,Müller,721,Spain,Female,42,6,0.0,2,1,1,136941.37,0
6880,15495060,Müller,708,France,Female,49,4,191664.08,1,1,1,113684.94,0
6881,15827767,Meyer,706,Spain,Male,30,5,34637.48,2,1,0,18261.2,0
6882,15142386,Alves,602,France,Male,40,1,0.0,1,1,1,122267.0,0
6883,15300394,Pereira,597,France,Male,46,5,55536.75,1,0,1,97118.23,0
6884,15063069,Fischer,569,France,Male,20,6,0.0,1,0,0,74383.32,0
6885,15247091,Dubois,721,Spain,Male,45,6,175282.87,1,1,0,97782.51,0
6886,15412033,Gomes,673,Spain,Female,45,4,0.0,1,0,0,43224.78,0
6887,15250707,Oliveira,538,France,Male,33,7,0.0,2,1,1,47463.96,0
6888,15239424,Schmidt,711,France,Male,47,5,0.0,1,1,1,198531.6,0
6889,15525703,Bernard,652,France,Female,49,6,0.0,3,0,1,164957.99,1
6890,15502030,Souza,439,Germany,Female,32,2,82025.45,2,0,1,156144.66,0
6891,15916104,Gomes,702,France,Male,37,2,97249.47,2,1,1,160656.63,0
6892,15517947,Pereira,566,Spain,Male,53,6,94653.57,2,0,0,131203.26,0
6893,15560508,Costa,670,Spain,Female,37,5,54958.68,1,1,1,199399.03,0
6894,15206249,Thomas,816,France,Male,47,5,65732.65,2,1,1,94830.21,0
6895,15887390,Müller,499,France,Male,26,2,60720.03,1,1,0,183747.42,0
6896,15890782,Alves,711,Spain,Male,22,3,83491.14,1,0,1,80148.4,0
6897,15853819,Fischer,566,Spain,Female,21,3,134037.29,2,1,1,110821.19,0
6898,15637177,Oliveira,596,France,Female,51,1,0.0,2,1,1,152326.44,0
6899,15066511,Ferreira,432,France,Male,31,2,122518.28,2,0,1,96848.63,0
6900,15464398,Thomas,698,France,Male,34,9,0.0,2,0,0,88323.6,0
6901,15075701,Meyer,569,France,Female,44,2,0.0,1,1,0,143120.66,1
6902,15884991,Bernard,658,France,Female,20,2,145329.89,1,1,1,17198.93,0
6903,15762613,Müller,716,France,Female,33,5,63644.54,2,0,1,78841.35,0
6904,15838827,Oliveira,806,Germany,Female,34,5,0.0,1,0,0,111248.25,1
6905,15767475,Schmidt,793,France,Male,39,6,0.0,2,1,0,51035.55,0
6906,15719069,Ferreira,528,France,Male,46,5,159483.81,1,1,0,167357.5,0
6907,15418542,Pereira,673,France,Female,32,2,1678.54,1,1,1,14987.35,0
6908,15442686,Thomas,850,Spain,Female,37,4,0.0,1,1,0,46991.69,0
6909,15198333,Fischer,692,Spain,Male,55,2,0.0,1,0,1,81325.18,0
6910,15771111,Alves,684,France,Female,57,2,53491.88,2,0,0,125622.03,0
6911,15451358,Lima,698,France,Male,53,9,130687.34,1,0,1,70881.63,0
6912,15311249,Pereira,640,Spain,Male,58,6,0.0,1,1,0,198796.52,0
6913,15761553,Pereira,771,France,Male,42,6,0.0,2,1,0,39809.97,0
6914,15738256,Pereira,627,France,Female,45,0,52743.71,1,0,0,119176.99,1
6915,15277912,Bernard,737,France,Female,47,3,0.0,2,0,0,63980.48,0
6916,15862429,Martin,526,France,Male,59,4,183881.61,2,0,1,67795.07,0
6917,15806738,Martin,456,France,Female,41,2,62.17,3,1,0,14561.32,1
6918,15679072,Santos,627,Spain,Female,20,6,36436.09,1,1,0,68030.39,0
6919,15850012,Bernard,533,Germany,Male,53,2,0.0,1,1,1,167114.28,0
6920,15093372,Alves,470,France,Male,44,5,235404.16,1,1,0,61703.41,1
6921,15966024,Meyer,812,Spain,Male,57,4,5722.93,2,1,1,119835.36,0
6922,15478335,Santos,714,France,Female,31,6,98200.6,1,1,1,156478.36,0
6923,15317349,Weber,658,France,Male,32,3,0.0,1,0,0,159971.85,0
6924,15850881,Lima,629,Germany,Male,38,3,0.0,2,1,0,191306.6,0
6925,15261560,Dubois,745,Germany,Female,48,6,78305.45,1,1,1,131848.0,0
6926,15880581,Bernard,766,France,Male,30,2,0.0,2,1,1,193464.67,0
6927,15080024,Santos,548,France,Female,36,6,75126.7,2,1,0,39511.94,0
6928,15112653,Robert,607,Germany,Female,38,2,239676.09,1,1,1,41272.57,1
6929,15903350,Costa,624,Germany,Female,32,7,5550.4,1,1,0,108993.42,1
6930,15709570,Lima,731,Germany,Male,49,6,0.0,1,1,1,165817.73,0
6931,15540080,Lima,620,France,Male,60,6,68859.72,1,0,0,172766.52,1
6932,15857452,Silva,680,France,Female,22,4,0.0,1,1,0,95919.97,0
6933,15876543,Silva,633,France,Female,50,0,228361.79,1,1,1,193695.82,0
6934,15375339,Schmidt,737,France,Female,27,2,0.0,2,0,0,187093.75,0
6935,15467092,Bernard,721,Spain,Female,28,4,160800.39,2,0,0,83422.02,0
6936,15879280,Dubois,600,France,Female,50,0,0.0,1,0,1,107127.51,0
6937,15133382,Souza,567,France,Female,43,1,148823.46,1,1,1,100286.46,0
6938,15376488,Lima,553,Spain,Female,56,2,0.0,1,1,1,194287.89,0
6939,15442974,Weber,812,France,Male,31,3,122196.34,1,0,1,163054.82,0
6940,15899268,Souza,850,France,Male,59,6,41108.96,1,1,0,109320.64,1
6941,15373232,Fischer,761,Spain,Male,28,0,20601.72,1,0,1,16568.06,0
6942,15676187,Dubois,479,Spain,Female,38,8,185805.71,1,1,0,18010.37,1
6943,15813689,Oliveira,579,Germany,Female,18,3,225195.55,1,1,0,56755.62,1
6944,15844096,Müller,567,France,Male,51,3,99995.3,1,0,1,145942.29,0
6945,15455026,Lima,619,Germany,Female,32,2,184575.24,2,1,1,66677.87,0
6946,15617156,Ferreira,434,Spain,Female,28,5,129363.87,1,1,1,18363.81,0
6947,15464242,Ferreira,539,France,Male,49,0,42025.23,1,1,1,141383.62,0
6948,15931528,Souza,814,France,Male,23,1,118137.57,1,0,0,118594.16,0
6949,15936112,Oliveira,710,Spain,Female,27,1,0.0,2,1,1,181239.5,0
6950,15659654,Pereira,655,France,Female,20,5,130879.36,1,0,1,182490.13,0
6951,15826909,Ferreira,607,Spain,Male,20,3,65916.18,2,0,1,198960.51,0
6952,15998085,Martin,610,France,Female,42,4,161903.48,1,1,1,67813.79,0
6953,15279251,Weber,701,France,Male,50,8,91212.66,2,0,1,67422.97,0
6954,15123927,Lima,659,France,Male,31,2,186062.46,1,0,1,196113.05,0
6955,15899489,Robert,565,Spain,Male,32,1,0.0,1,1,0,194814.71,0
6956,15649364,Bernard,736,France,Male,60,4,169688.49,3,1,1,49623.21,1
6957,15135735,Silva,583,Germany,Female,46,2,175746.59,1,1,1,99349.69,1
6958,15264867,Oliveira,757,Germany,Female,46,2,56958.2,2,0,0,116287.45,0
6959,15844180,Pereira,529,Germany,Male,34,4,0.0,2,1,1,184158.37,0
6960,15327910,Lima,559,Spain,Male,38,5,69296.79,1,1,1,34798.62,0
6961,15759523,Silva,743,Germany,Male,65,2,46305.61,2,0,1,63709.12,0
6962,15730945,Fischer,584,France,Male,43,7,0.0,1,0,0,62015.57,0
6963,15988712,Pereira,779,Spain,Male,23,3,133441.19,1,1,0,186662.52,0
6964,15538746,Gomes,710,Germany,Male,31,8,135367.75,1,0,1,41734.41,0
6965,15183317,Souza,767,France,Male,31,4,195604.42,1,1,0,116118.58,0
6966,15952769,Meyer,636,France,Male,40,6,81091.33,2,0,0,129938.38,0
6967,15149744,Bernard,542,Spain,Male,79,6,0.0,2,0,0,91939.78,0
6968,15184010,Martin,551,France,Female,56,4,33367.26,1,1,0,14268.32,1
6969,15723959,Dubois,751,Germany,Male,36,6,223442.66,1,1,0,29701.13,1
6970,15668962,Robert,596,France,Male,35,3,0.0,1,1,1,77458.12,0
6971,15433057,Müller,660,France,Female,50,3,0.0,2,1,0,169823.02,0
6972,15662867,Meyer,541,Germany,Male,36,6,0.0,2,0,0,60980.87,0
6973,15020251,Schmidt,713,France,Male,46,2,0.0,2,0,1,58227.95,0
6974,15242008,Souza,492,France,Male,43,6,96606.35,1,1,1,198820.84,0
6975,15217508,Silva,777,Germany,Female,42,1,230292.93,1,1,0,169515.06,1
6976,15070318,Martin,520,France,Male,42,5,233106.24,2,1,1,52330.36,0
6977,15665730,Müller,548,Germany,Female,44,8,71782.12,2,1,0,45760.39,0
6978,15896364,Gomes,637,Spain,Male,66,4,72891.54,2,1,0,138101.52,0
6979,15437958,Dubois,850,Spain,Female,37,4,43941.29,2,1,1,113069.95,0
6980,15109075,Costa,606,France,Male,59,4,0.0,1,0,1,30637.35,0
6981,15114317,Gomes,606,France,Male,27,6,0.0,1,1,0,35161.54,0
6982,15129373,Meyer,618,Germany,Female,36,3,133336.16,2,1,1,113310.33,0
6983,15830565,Dubois,816,Spain,Male,26,0,0.0,2,0,1,113677.86,0
6984,15177603,Schmidt,831,Spain,Male,47,4,195231.59,2,1,1,151029.81,0
6985,15790257,Dubois,731,Spain,Female,27,4,50719.54,1,1,0,63136.91,0
6986,15728632,Oliveira,733,France,Female,58,4,244761.52,2,0,0,89535.77,1
6987,15492581,Schmidt,595,France,Female,50,6,0.0,2,0,1,195979.85,0
6988,15120275,Bernard,555,France,Female,18,3,0.0,2,1,1,185360.78,0
6989,15434421,Dubois,777,France,Male,47,4,0.0,2,0,0,128246.59,0
6990,15753560,Weber,722,France,Male,51,2,170281.52,2,1,1,153374.69,0
6991,15223990,Alves,658,Spain,Female,47,4,83231.57,3,0,1,179519.64,1
6992,15276079,Costa,631,France,Male,20,3,190905.52,1,0,0,118295.49,0
6993,15805275,Souza,641,France,Male,53,3,0.0,1,0,1,195064.13,0
6994,15012984,Souza,708,France,Female,46,5,0.0,1,0,1,61832.61,0
6995,15181957,Lima,821,Spain,Female,37,5,72987.78,2,1,1,43706.34,0
6996,15700282,Fischer,644,Germany,Female,37,0,0.0,1,1,1,110756.75,0
6997,15347628,Costa,480,Germany,Male,46,7,242224.41,1,1,0,91837.05,1
6998,15163698,Bernard,722,Spain,Male,53,3,40105.71,1,1,0,101396.6,1
6999,15695337,Dubois,761,France,Male,33,5,85050.63,1,0,1,29759.34,0
7000,15817407,Gomes,850,Germany,Female,23,2,0.0,1,1,0,194386.52,1
7001,15675227,Schmidt,687,France,Male,55,5,0.0,3,0,0,116724.65,1
7002,15647840,Meyer,592,France,Male,19,5,189503.18,1,1,0,171880.37,0
7003,15813910,Müller,586,Spain,Male,55,2,188586.62,1,0,1,140293.1,0
7004,15742652,Alves,665,Spain,Female,36,7,119792.99,2,1,0,45533.29,0
7005,15604715,Meyer,549,France,Male,50,6,0.0,2,0,0,89685.31,0
7006,15365865,Silva,669,France,Male,28,4,236628.04,3,0,0,19163.33,1
7007,15085079,Weber,757,Germany,Female,59,2,0.0,2,1,1,105352.9,0
7008,15753857,Gomes,846,France,Female,42,6,0.0,1,0,1,44486.3,0
7009,15282462,Santos,661,France,Male,55,1,0.0,3,0,0,13564.14,1
7010,15007919,Ferreira,490,France,Male,47,2,46021.14,2,1,1,148038.51,0
7011,15033460,Thomas,663,France,Male,36,5,0.0,1,0,0,176858.69,0
7012,15330171,Weber,502,Spain,Male,34,2,0.0,1,1,0,130405.58,0
7013,15413763,Thomas,709,France,Male,45,4,0.0,2,1,0,43551.47,0
7014,15328218,Bernard,783,France,Female,47,4,130482.83,1,1,0,78810.94,1
7015,15298674,Silva,754,Germany,Female,60,4,64909.0,1,0,1,40273.94,1
7016,15508538,Thomas,543,Spain,Male,36,1,0.0,1,0,1,67200.09,0
7017,15315643,Pereira,525,France,Female,45,6,45822.35,2,0,0,102770.64,0
7018,15000504,Robert,578,France,Female,61,2,142469.81,1,1,1,78270.97,1
7019,15997273,Souza,645,France,Male,23,6,92871.55,1,0,1,155578.06,0
7020,15472716,Gomes,430,Germany,Male,54,6,96134.37,1,0,0,91593.81,1
7021,15381603,Lima,659,Germany,Female,35,4,177465.02,1,1,1,33923.86,1
7022,15060881,Dubois,576,Spain,Female,49,5,82623.93,2,1,1,120187.35,0
7023,15697232,Fischer,595,Spain,Male,35,0,24884.77,1,1,0,100459.35,0
7024,15765240,Pereira,545,Spain,Female,40,0,41200.68,1,1,1,58088.2,0
7025,15021330,Silva,450,Germany,Male,24,2,0.0,1,1,0,125031.25,0
7026,15644379,Silva,691,France,Female,78,3,0.0,2,0,0,64256.54,1
7027,15700467,Gomes,802,France,Male,52,2,29057.58,2,1,1,132379.54,0
7028,15339773,Souza,576,Spain,Male,24,5,44638.81,2,1,0,56958.19,0
7029,15780616,Gomes,653,France,Male,69,3,83802.54,1,1,0,14163.34,1
7030,15794968,Alves,684,France,Female,43,6,45661.73,2,0,0,165875.19,0
7031,15195556,Müller,646,Germany,Male,57,5,172112.59,1,1,0,117607.91,1
7032,15188782,Santos,772,France,Female,18,3,0.0,2,1,1,119260.45,0
7033,15413743,Robert,707,Germany,Female,31,7,0.0,2,0,1,12297.16,0
7034,15846806,Santos,850,Germany,Male,48,6,132467.37,2,1,1,41093.14,0
7035,15966191,Fischer,670,France,Male,28,6,0.0,1,1,0,89280.51,0
7036,15455122,Dubois,699,Spain,Male,47,6,65211.88,1,0,1,193475.75,0
7037,15022297,Martin,639,France,Female,32,5,63822.24,1,1,1,147732.21,0
7038,15642653,Thomas,746,France,Female,32,3,0.0,2,1,0,37911.83,0
7039,15323416,Dubois,692,Germany,Male,31,4,0.0,2,1,1,96490.8,0
7040,15256123,Silva,644,Germany,Male,64,5,0.0,2,0,1,113652.08,0
7041,15831518,Souza,664,Spain,Male,38,2,0.0,1,1,0,87077.47,0
7042,15195049,Müller,772,France,Male,31,6,41516.37,2,0,0,43561.85,0
7043,15586233,Martin,492,Germany,Female,46,8,85989.64,1,0,0,134611.29,1
7044,15853039,Gomes,546,France,Male,50,1,129756.9,2,1,1,103690.3,0
7045,15197749,Santos,641,Spain,Female,48,0,5874.91,3,1,0,189305.02,1
7046,15759300,Fischer,752,France,Male,48,2,147044.95,2,0,0,144488.67,0
7047,15963010,Weber,551,Germany,Male,26,6,228119.65,2,1,0,36495.44,0
7048,15703669,Martin,641,France,Male,34,1,0.0,1,1,0,64654.2,0
7049,15709499,Oliveira,583,France,Male,53,3,86324.38,1,0,0,97150.55,1
7050,15661807,Thomas,850,France,Female,52,1,0.0,1,1,0,116820.54,1
7051,15099164,Silva,683,Spain,Male,46,4,60677.7,2,1,0,118372.85,0
7052,15295640,Alves,613,Germany,Female,27,5,41560.71,1,1,1,96985.19,0
7053,15706404,Weber,712,Spain,Female,35,5,79626.78,2,1,1,176598.86,0
7054,15199059,Robert,664,France,Female,22,4,97341.77,1,0,0,85288.73,0
7055,15631404,Fischer,850,France,Male,46,8,0.0,2,1,0,157373.49,0
7056,15076996,Oliveira,661,France,Female,29,4,76298.41,2,1,0,77477.08,0
7057,15177633,Martin,690,Spain,Male,39,6,0.0,2,1,0,65495.81,0
7058,15890620,Gomes,435,France,Male,38,9,0.0,2,1,1,76758.67,0
7059,15638242,Souza,577,Spain,Male,39,2,164128.41,2,1,0,139098.17,0
7060,15966794,Meyer,621,Spain,Female,38,3,205808.64,1,1,0,83533.84,1
7061,15891927,Ferreira,626,Spain,Female,38,4,49689.28,2,1,1,48214.32,0
7062,15960055,Robert,588,Germany,Male,42,2,100453.66,1,0,1,118978.57,0
7063,15902691,Gomes,702,Germany,Male,38,5,85235.2,1,0,0,40266.74,0
7064,15164076,Schmidt,577,Spain,Female,41,5,207460.89,2,1,0,121493.24,0
7065,15176291,Dubois,580,France,Male,40,1,122803.53,1,1,0,117204.46,0
7066,15523495,Meyer,643,Germany,Male,33,5,182569.49,2,1,0,195747.21,0
7067,15356551,Weber,715,France,Male,46,2,115249.2,1,1,0,45530.64,0
7068,15235330,Fischer,537,France,Male,50,3,0.0,1,1,1,199388.23,0
7069,15553919,Fischer,701,France,Male,46,6,0.0,2,0,0,39440.24,0
7070,15812674,Thomas,695,France,Male,48,2,53947.89,1,1,1,171109.59,0
7071,15405724,Robert,698,France,Female,53,4,104023.9,2,1,0,171482.74,1
7072,15314048,Lima,564,France,Male,38,5,0.0,1,0,1,55851.57,0
7073,15981273,Ferreira,604,Germany,Male,41,2,0.0,1,1,1,26137.77,0
7074,15393432,Meyer,640,France,Female,44,3,0.0,3,1,0,50692.6,1
7075,15916009,Pereira,661,Germany,Male,34,5,242858.95,1,1,1,80084.01,0
7076,15677670,Meyer,637,France,Female,36,4,232008.47,1,0,0,93891.35,1
7077,15494229,Fischer,680,Germany,Female,50,5,51104.81,2,1,0,132194.78,0
7078,15551346,Lima,658,Germany,Female,19,6,0.0,2,1,0,125283.88,0
7079,15934432,Ferreira,528,Germany,Male,37,2,54584.32,1,0,0,152970.84,0
7080,15538484,Bernard,666,Germany,Male,50,1,0.0,2,1,1,143169.96,0
7081,15977440,Weber,590,France,Male,71,5,0.0,1,1,1,16181.48,0
7082,15141413,Ferreira,755,Spain,Male,51,6,128233.87,1,0,1,155729.08,0
7083,15228290,Souza,597,France,Female,37,4,79494.69,2,1,1,115859.81,0
7084,15499998,Müller,519,France,Male,47,3,97477.27,2,1,1,189422.44,0
7085,15614547,Alves,582,Germany,Male,28,5,153531.35,1,1,1,65073.45,0
7086,15682388,Souza,730,France,Male,34,4,2156.81,2,0,0,75763.53,0
7087,15308904,Silva,840,Germany,Male,60,4,0.0,1,1,1,80814.54,0
7088,15003214,Silva,685,Germany,Female,19,6,107715.76,2,1,0,132284.77,0
7089,15554691,Müller,747,France,Male,36,2,0.0,1,1,0,75158.79,0
7090,15679078,Santos,512,France,Male,76,5,175686.45,1,1,1,69610.31,1
7091,15730598,Souza,655,France,Female,56,6,53604.01,2,1,0,46121.09,0
7092,15536352,Weber,711,Spain,Male,59,7,75733.91,2,0,0,77058.5,0
7093,15015009,Gomes,696,Germany,Male,56,8,0.0,2,1,1,145311.1,0
7094,15563774,Thomas,540,France,Female,49,4,45117.86,1,1,0,71035.68,1
7095,15238193,Gomes,590,France,Male,25,4,38799.7,2,1,1,148642.28,0
7096,15557461,Gomes,522,Germany,Male,50,4,127196.18,2,0,1,90604.76,0
7097,15945649,Bernard,648,Spain,Male,32,6,0.0,2,1,1,146076.01,0
7098,15362294,Meyer,556,France,Female,36,0,58173.38,1,1,0,178422.58,1
7099,15893208,Souza,709,France,Female,55,2,45086.14,2,0,1,18438.64,0
7100,15123174,Costa,458,Spain,Female,39,7,243118.36,2,1,1,78222.37,0
7101,15328170,Gomes,673,France,Male,25,2,192575.71,2,0,1,82391.14,0
7102,15294438,Fischer,423,France,Male,39,2,18955.79,2,1,1,119659.77,0
7103,15724406,Meyer,768,Spain,Male,40,8,0.0,1,1,1,106815.41,0
7104,15362935,Ferreira,599,Germany,Female,52,3,0.0,1,0,0,140691.16,1
7105,15829043,Costa,634,France,Female,43,3,242261.41,1,1,0,12631.58,1
7106,15206379,Bernard,622,France,Male,47,7,150418.32,2,1,0,185139.67,0
7107,15272154,Alves,850,France,Male,46,3,35590.55,3,1,1,120380.81,1
7108,15985138,Lima,616,France,Male,41,4,36532.78,2,0,1,137985.46,0
7109,15340717,Ferreira,703,Spain,Male,42,5,0.0,1,1,1,78390.21,0
7110,15082778,Dubois,720,France,Male,45,6,92565.59,2,0,0,56088.43,0
7111,15117480,Schmidt,572,Germany,Male,74,1,0.0,2,1,1,141069.9,0
7112,15018594,Thomas,798,Spain,Male,72,3,96246.57,2,1,1,178124.52,0
7113,15321338,Weber,440,France,Female,71,5,95048.44,1,0,1,47754.78,1
7114,15208690,Costa,612,France,Male,49,4,201746.48,1,1,1,192126.27,0
7115,15377053,Robert,636,Germany,Male,61,3,75572.14,2,1,0,47156.59,1
7116,15084739,Gomes,620,Spain,Female,31,4,0.0,1,0,0,105049.56,0
7117,15519072,Silva,590,Spain,Female,59,8,88479.09,1,0,0,66335.63,1
7118,15865773,Robert,545,France,Female,58,0,180815.9,2,1,0,130274.49,1
7119,15902681,Gomes,674,Germany,Male,56,2,225309.38,2,1,0,32600.28,1
7120,15264472,Dubois,603,Germany,Female,56,0,0.0,1,1,1,11804.95,1
7121,15586221,Souza,648,Spain,Female,32,5,0.0,1,0,0,157655.71,0
7122,15035028,Costa,724,France,Male,30,0,128957.05,2,0,0,167512.35,0
7123,15770124,Alves,480,Germany,Female,35,4,147640.13,1,1,0,107040.08,1
7124,15344939,Ferreira,677,Spain,Male,59,6,140367.73,2,1,0,101821.34,0
7125,15092204,Bernard,644,France,Male,34,1,160423.85,1,0,1,24017.66,0
7126,15007126,Meyer,613,France,Male,48,3,12586.07,1,1,1,170303.1,0
7127,15596020,Gomes,663,France,Female,49,3,229342.1,2,0,1,161727.52,0
7128,15024986,Müller,637,France,Female,50,3,0.0,1,1,0,167553.73,1
7129,15012374,Ferreira,717,France,Female,65,6,0.0,1,0,1,55858.09,1
7130,15387810,Gomes,733,Spain,Male,42,0,0.0,2,0,0,116127.74,0
7131,15233440,Santos,676,France,Male,56,6,0.0,2,1,0,167295.59,0
7132,15979061,Souza,578,France,Female,41,6,0.0,1,1,0,66793.74,1
7133,15037622,Gomes,636,Germany,Male,59,4,195969.97,2,0,1,175119.32,0
7134,15772172,Ferreira,453,France,Female,39,7,16588.18,2,1,1,131243.32,0
7135,15577065,Silva,707,France,Male,33,3,61651.81,2,1,1,92914.38,0
7136,15959699,Dubois,670,Germany,Male,51,5,97999.23,1,1,0,85786.91,1
7137,15658823,Pereira,664,Spain,Male,50,3,0.0,2,0,1,161427.12,0
7138,15842200,Bernard,597,Germany,Male,48,0,182227.66,2,0,1,186952.02,0
7139,15424202,Oliveira,815,Germany,Male,33,1,0.0,1,1,1,16112.52,0
7140,15930178,Meyer,812,France,Male,40,4,0.0,2,1,1,26906.44,0
7141,15343960,Costa,745,Spain,Male,49,9,0.0,1,1,1,186867.56,0
7142,15738616,Müller,553,France,Male,26,2,59008.56,1,1,1,182784.7,0
7143,15745996,Schmidt,603,Spain,Male,31,7,0.0,1,1,1,182062.94,0
7144,15271396,Costa,732,France,Male,39,7,143744.08,2,1,1,197089.43,0
7145,15775019,Robert,633,Spain,Male,42,4,0.0,1,1,0,171973.79,0
7146,15230327,Silva,771,Germany,Male,48,4,207937.55,2,1,0,26731.61,0
7147,15972729,Robert,500,Spain,Male,75,4,88800.69,1,1,0,104972.54,1
7148,15459103,Silva,464,France,Female,44,6,186719.88,2,0,1,114907.12,0
7149,15418560,Bernard,811,France,Female,51,2,73597.38,1,0,0,173138.54,1
7150,15361702,Alves,802,Germany,Female,44,3,54298.2,1,1,0,151821.92,1
7151,15030088,Robert,598,Spain,Male,44,2,200372.56,2,1,0,189548.21,0
7152,15518512,Ferreira,765,France,Male,27,7,0.0,1,1,0,20937.26,0
7153,15894209,Souza,734,Spain,Male,28,1,89711.21,2,1,0,19180.77,0
7154,15339750,Fischer,690,Spain,Male,50,6,0.0,2,1,1,187333.07,0
7155,15640078,Santos,746,France,Male,40,4,203231.6,1,0,0,166993.19,0
7156,15491258,Santos,553,Spain,Female,58,6,54969.93,1,1,0,175971.29,1
7157,15165942,Oliveira,566,Germany,Male,43,7,0.0,1,0,0,185577.78,0
7158,15652493,Fischer,636,France,Male,57,3,0.0,2,1,1,149082.49,0
7159,15075080,Silva,730,France,Male,69,2,110094.16,2,0,0,138356.37,1
7160,15425817,Pereira,698,Germany,Female,22,5,0.0,2,1,1,49112.1,0
7161,15834548,Alves,633,Germany,Male,37,9,0.0,2,1,0,99712.65,0
7162,15971605,Silva,617,France,Male,45,6,78289.68,2,0,0,187898.32,0
7163,15605980,Santos,678,Germany,Male,40,6,184217.19,1,0,1,74206.89,0
7164,15384439,Fischer,727,Germany,Male,33,5,0.0,2,1,1,82950.19,0
7165,15960276,Gomes,764,Germany,Male,58,3,182827.02,2,1,1,38771.3,0
7166,15594366,Costa,494,France,Male,63,5,0.0,2,1,0,118163.51,0
7167,15469764,Weber,558,Spain,Male,54,2,0.0,1,0,0,49326.16,0
7168,15056419,Bernard,604,France,Male,48,4,205775.31,2,0,0,144959.41,0
7169,15216883,Oliveira,768,France,Male,38,5,51138.74,1,1,1,180184.34,0
7170,15746158,Weber,633,France,Female,46,7,42162.79,1,1,1,192008.0,0
7171,15499934,Bernard,439,France,Female,35,7,84164.21,1,1,0,121533.7,1
7172,15516206,Fischer,681,Spain,Female,47,1,54744.92,2,1,0,49428.02,0
7173,15656385,Weber,574,France,Female,37,5,65623.63,1,1,1,160642.54,0
7174,15703409,Pereira,583,Germany,Female,58,6,0.0,4,0,1,25616.73,1
7175,15161947,Weber,500,France,Female,45,4,77577.71,1,1,0,144298.27,1
7176,15856940,Fischer,620,France,Male,45,1,106175.49,2,1,1,131186.27,0
7177,15510652,Schmidt,569,Spain,Female,79,2,245303.77,1,0,0,67970.03,1
7178,15886991,Robert,485,Spain,Female,36,3,19774.25,1,0,0,170108.65,1
7179,15547810,Costa,762,France,Male,19,5,0.0,1,1,1,43627.32,0
7180,15796964,Pereira,647,Germany,Male,57,1,0.0,2,1,0,184714.45,0
7181,15535973,Weber,666,France,Male,77,4,164499.23,1,1,0,48285.38,1
7182,15845084,Santos,490,France,Male,46,2,0.0,2,1,0,102374.81,0
7183,15406445,Lima,593,Spain,Male,24,3,0.0,2,1,0,171625.77,0
7184,15207338,Lima,697,Spain,Female,57,4,207891.47,1,0,1,75596.54,1
7185,15771945,Müller,433,France,Female,28,4,163489.08,2,1,1,192799.72,0
7186,15303298,Robert,679,Spain,Female,44,5,45796.46,1,1,1,108010.46,0
7187,15121358,Silva,699,Germany,Female,39,1,72249.15,1,0,1,84508.51,0
7188,15610702,Pereira,688,France,Male,59,3,0.0,2,1,1,90862.75,0
7189,15189121,Oliveira,680,Germany,Female,35,5,129581.84,1,1,1,28958.49,1
7190,15402548,Thomas,613,Germany,Female,57,8,101473.4,1,1,1,75382.97,1
7191,15877509,Costa,558,Germany,Female,33,5,224550.73,1,0,1,61616.37,1
7192,15518570,Lima,451,France,Male,35,7,61613.53,1,1,1,19063.23,0
7193,15660646,Costa,792,Germany,Female,70,8,0.0,2,1,1,190812.27,0
7194,15100579,Oliveira,670,France,Male,33,7,54395.81,2,0,1,75134.09,0
7195,15996950,Santos,513,Spain,Female,43,8,34989.8,1,1,1,57752.56,0
7196,15541540,Silva,640,Germany,Female,38,6,41720.44,1,0,0,166309.0,1
7197,15917091,Bernard,601,France,Female,57,7,0.0,2,0,1,35988.88,0
7198,15490160,Müller,706,Spain,Male,18,4,122874.88,2,1,1,154638.97,0
7199,15674576,Meyer,623,Spain,Female,34,3,192139.39,2,1,1,179872.31,0
7200,15641479,Costa,546,Spain,Male,41,9,0.0,2,1,1,69150.99,0
7201,15233527,Schmidt,772,France,Male,33,1,202016.91,2,1,1,133504.72,0
7202,15472147,Robert,677,France,Male,29,8,0.0,1,1,1,71065.55,0
7203,15521777,Dubois,805,Germany,Female,44,4,164970.07,1,1,1,109445.62,1
7204,15115449,Dubois,596,France,Female,44,0,55569.67,1,0,0,65246.68,1
7205,15083939,Gomes,766,Spain,Female,26,6,17612.9,2,0,1,89682.16,0
7206,15456435,Alves,609,France,Male,45,4,153962.8,2,1,0,135389.46,0
7207,15707962,Robert,608,France,Male,57,6,71074.22,1,0,0,124542.17,1
7208,15132461,Santos,620,France,Male,27,0,225597.21,1,0,1,21111.66,0
7209,15742529,Ferreira,700,France,Male,46,8,0.0,1,1,1,99339.24,0
7210,15942027,Dubois,658,Spain,Male,48,5,0.0,1,0,0,33699.9,0
7211,15621699,Dubois,679,France,Male,28,0,0.0,2,1,1,76940.4,0
7212,15451979,Alves,483,France,Female,21,0,239821.3,1,1,0,180114.06,1
7213,15585847,Weber,569,France,Male,33,5,79313.82,2,0,0,13670.15,0
7214,15514747,Lima,778,Germany,Female,55,8,152429.71,2,1,0,62650.63,1
7215,15846523,Meyer,774,France,Male,30,4,79486.34,1,1,0,116771.1,0
7216,15801253,Santos,526,Germany,Female,55,3,0.0,1,0,1,71840.7,1
7217,15544196,Ferreira,730,Germany,Female,42,8,0.0,2,1,0,125458.12,0
7218,15693998,Fischer,640,Germany,Male,37,8,10154.3,2,1,0,100833.27,0
7219,15502068,Silva,616,Spain,Male,42,6,143255.81,2,1,1,94902.43,0
7220,15781119,Costa,547,Spain,Female,72,6,0.0,1,1,1,157880.43,1
7221,15924638,Silva,460,Spain,Female,32,0,69149.49,1,1,1,42797.36,0
7222,15466881,Gomes,540,France,Male,44,3,197394.2,2,1,1,141372.11,0
7223,15784084,Dubois,634,France,Male,47,7,0.0,2,0,0,135941.42,0
7224,15759107,Robert,644,France,Male,20,3,49981.13,1,1,1,171126.3,0
7225,15132374,Dubois,743,Spain,Male,24,3,88141.01,2,1,1,73256.4,0
7226,15392051,Robert,670,Spain,Female,19,4,0.0,1,1,1,141464.5,0
7227,15139908,Pereira,550,Spain,Male,31,4,55886.66,1,1,0,142889.39,0
7228,15614169,Thomas,542,France,Male,26,6,219710.82,1,1,1,101576.94,0
7229,15411577,Santos,760,Spain,Male,55,1,61523.02,1,1,0,94567.4,1
7230,15135846,Weber,720,France,Female,64,5,0.0,1,0,0,144773.62,1
7231,15776776,Ferreira,627,France,Male,23,5,0.0,1,1,0,99821.97,0
7232,15942892,Silva,702,France,Male,33,7,227308.28,2,1,0,44804.91,0
7233,15012103,Meyer,734,France,Male,29,4,62408.74,2,0,1,165155.21,0
7234,15818988,Santos,472,Germany,Male,30,3,83448.02,1,1,1,49963.51,0
7235,15189403,Lima,568,France,Male,39,5,231026.19,2,1,0,46442.27,0
7236,15934564,Meyer,580,France,Male,32,6,70302.9,1,1,0,150515.45,0
7237,15447055,Schmidt,535,Germany,Female,70,2,0.0,2,1,0,55119.25,1
7238,15699681,Lima,593,Spain,Female,33,2,820.41,2,1,0,55316.33,0
7239,15561273,Robert,694,Germany,Male,46,3,30488.84,2,0,0,138903.49,0
7240,15821057,Dubois,592,France,Male,37,2,52747.73,1,0,0,22468.62,0
7241,15352848,Souza,744,Spain,Female,28,6,0.0,1,1,1,53424.7,0
7242,15131661,Pereira,604,Spain,Male,53,4,169307.57,1,1,0,94158.15,1
7243,15570316,Gomes,649,France,Female,24,4,82607.3,1,1,1,65429.0,0
7244,15874236,Costa,572,Germany,Female,70,0,84787.16,1,1,1,132714.09,1
7245,15760663,Souza,619,France,Male,20,9,192242.2,1,1,0,27959.97,0
7246,15021021,Martin,601,France,Male,50,6,0.0,2,1,1,87788.42,0
7247,15408247,Bernard,629,Germany,Female,76,4,179799.08,1,1,0,140949.35,1
7248,15858337,Dubois,520,Spain,Male,21,1,0.0,1,1,1,157013.2,0
7249,15368032,Fischer,476,France,Male,38,5,0.0,1,0,1,158586.87,0
7250,15010791,Meyer,471,Spain,Male,54,4,0.0,2,1,0,93078.47,0
7251,15823094,Bernard,709,Spain,Female,22,5,23492.29,1,1,0,70556.21,0
7252,15778612,Gomes,598,Spain,Male,47,5,0.0,1,1,1,139333.33,0
7253,15138961,Costa,697,France,Female,19,2,0.0,1,0,0,57644.74,0
7254,15015435,Fischer,588,Spain,Female,36,3,0.0,1,0,1,182972.9,0
7255,15680975,Meyer,622,France,Male,25,0,0.0,1,0,1,49220.89,0
7256,15078089,Pereira,722,Germany,Male,56,8,0.0,1,1,1,76322.05,0
7257,15228367,Robert,758,France,Female,22,6,0.0,1,1,0,19887.84,0
7258,15393813,Silva,725,France,Male,25,8,0.0,2,1,0,16714.38,0
7259,15870818,Santos,593,Germany,Male,46,0,0.0,1,1,1,147654.06,0
7260,15845443,Thomas,434,France,Male,38,4,140425.19,1,1,0,162736.06,0
7261,15694479,Müller,491,France,Male,38,6,32146.33,2,1,0,37843.85,0
7262,15384532,Dubois,665,France,Female,24,1,118380.39,2,1,0,63120.39,0
7263,15167989,Robert,573,Germany,Male,45,6,31183.53,2,1,0,42315.96,0
7264,15625920,Thomas,518,France,Female,44,5,206983.29,1,1,0,57994.38,1
7265,15471281,Robert,697,Spain,Male,37,9,98890.28,2,1,1,61919.13,0
7266,15636134,Müller,850,France,Female,18,2,0.0,1,1,1,160743.72,0
7267,15945323,Santos,642,France,Female,50,5,3833.24,2,1,0,34602.74,0
7268,15397286,Robert,543,France,Male,57,8,0.0,1,1,1,124627.57,0
7269,15643625,Souza,627,France,Female,35,6,27736.67,1,0,0,62293.0,1
7270,15077573,Thomas,537,France,Female,19,3,0.0,1,1,1,102677.12,0
7271,15075555,Ferreira,652,France,Male,33,2,53669.27,1,1,0,65599.02,0
7272,15248416,Pereira,746,Spain,Male,48,8,208291.55,2,1,1,140199.71,0
7273,15298648,Fischer,669,Germany,Male,63,1,158023.31,1,0,0,132605.26,1
7274,15397243,Souza,632,France,Female,19,8,0.0,1,1,1,63487.94,0
7275,15392547,Costa,675,France,Female,36,3,200660.63,1,1,0,120719.19,1
7276,15394146,Ferreira,517,Spain,Female,27,6,0.0,1,0,0,36672.0,0
7277,15297665,Dubois,712,France,Male,36,4,106915.02,1,1,0,184706.73,0
7278,15185158,Dubois,638,France,Male,35,7,94572.72,1,1,0,190797.51,0
7279,15286519,Alves,672,Spain,Female,56,4,187330.93,3,0,1,193021.44,1
7280,15818896,Bernard,712,Germany,Female,24,6,0.0,1,1,0,143142.32,1
7281,15892441,Gomes,613,Germany,Female,60,2,28546.77,2,0,0,101949.3,1
7282,15831531,Lima,698,France,Female,33,4,62337.05,2,1,0,188710.61,0
7283,15892644,Robert,704,France,Female,51,6,246962.67,1,1,0,20546.43,1
7284,15228726,Müller,646,Germany,Male,50,2,119012.18,2,1,1,101019.58,0
7285,15165842,Silva,799,France,Female,22,6,0.0,2,0,0,165930.64,0
7286,15634803,Fischer,518,Germany,Male,69,4,84678.23,2,0,0,96990.09,1
7287,15564127,Gomes,698,Germany,Male,21,4,0.0,2,1,0,167825.05,0
7288,15785824,Costa,490,France,Female,50,5,48318.54,2,1,0,193835.69,0
7289,15881502,Alves,587,Spain,Male,51,3,107420.9,2,0,1,58225.83,0
7290,15131490,Alves,640,Spain,Male,21,1,61102.66,2,1,1,45633.11,0
7291,15672943,Oliveira,562,Germany,Female,47,0,215576.53,1,0,0,190133.0,1
7292,15690605,Fischer,714,France,Male,58,4,81324.41,1,1,1,53691.47,0
7293,15533528,Silva,808,France,Female,65,3,189172.99,1,1,0,129943.06,1
7294,15697184,Martin,784,France,Male,49,5,149271.12,2,0,1,94609.84,0
7295,15222553,Costa,638,France,Male,40,6,121860.98,2,1,0,78983.9,0
7296,15257126,Pereira,821,Spain,Male,42,4,108641.83,1,1,1,36072.43,0
7297,15743603,Bernard,612,France,Male,43,5,97906.47,2,0,1,119247.96,0
7298,15580650,Martin,767,France,Male,42,5,126936.4,1,1,1,69912.7,0
7299,15459961,Schmidt,552,France,Male,56,0,12725.35,1,0,1,96311.93,0
7300,15566731,Robert,442,Germany,Male,21,6,0.0,1,0,1,133711.23,0
7301,15532579,Lima,687,France,Female,22,1,156255.83,2,0,1,197807.36,0
7302,15245775,Santos,711,France,Male,45,4,125514.22,1,1,1,76877.67,0
7303,15646192,Lima,797,France,Female,63,2,0.0,2,0,1,85341.06,0
7304,15128352,Gomes,739,Spain,Female,38,5,0.0,2,0,1,84452.7,0
7305,15311467,Souza,716,France,Male,70,3,0.0,1,1,0,96794.29,1
7306,15880880,Fischer,779,Spain,Female,76,1,86916.73,1,1,1,112363.38,1
7307,15297263,Fischer,497,Spain,Female,53,0,61301.43,1,1,1,17334.86,1
7308,15787171,Santos,630,France,Male,53,2,0.0,2,1,1,170129.14,0
7309,15819441,Alves,669,Spain,Female,60,5,9105.29,1,0,0,121981.22,1
7310,15760825,Alves,687,France,Female,60,6,0.0,1,0,0,91600.95,1
7311,15849301,Martin,696,Spain,Male,41,2,0.0,1,1,1,11863.89,0
7312,15123258,Souza,619,Germany,Male,27,2,0.0,1,1,0,66390.75,0
7313,15292223,Bernard,719,France,Male,23,5,50900.75,1,1,0,66337.84,0
7314,15485085,Oliveira,798,France,Male,19,8,0.0,3,1,0,142068.29,1
7315,15393271,Santos,581,France,Male,21,4,242983.21,2,1,0,41727.12,0
7316,15512463,Fischer,386,Spain,Male,28,5,83761.64,2,0,1,29888.39,0
7317,15661237,Robert,850,France,Male,51,5,215636.85,2,1,0,149977.04,0
7318,15181313,Thomas,593,Germany,Male,46,1,47299.67,1,0,0,102224.23,1
7319,15819945,Bernard,555,France,Male,38,8,189798.13,2,1,1,155599.23,0
7320,15164877,Ferreira,460,Spain,Female,57,1,102539.88,1,1,0,51756.02,1
7321,15128709,Costa,666,France,Female,45,6,0.0,2,1,1,39675.06,0
7322,15016975,Costa,644,Germany,Female,28,8,0.0,1,0,1,24378.53,0
7323,15557702,Thomas,816,France,Male,59,3,16156.67,2,1,0,87607.08,0
7324,15024735,Souza,634,Germany,Female,31,2,74402.85,2,0,1,106762.65,0
7325,15245927,Santos,765,France,Male,47,5,97341.74,2,0,0,98408.41,0
7326,15490844,Pereira,626,France,Male,38,6,155941.26,2,1,0,153822.59,0
7327,15411584,Bernard,533,France,Male,43,8,83971.28,1,1,1,131512.42,0
7328,15593280,Gomes,549,Germany,Female,56,5,33094.45,3,1,1,75129.78,1
7329,15946539,Ferreira,645,France,Male,20,3,89513.95,1,0,1,105171.26,0
7330,15479195,Thomas,591,Germany,Female,61,4,0.0,1,1,0,60305.68,1
7331,15412641,Fischer,567,France,Male,30,6,238401.79,1,0,0,120318.79,0
7332,15815308,Lima,735,Spain,Male,45,6,204878.34,1,1,0,32649.96,0
7333,15595212,Pereira,541,Spain,Female,52,1,156762.78,1,0,1,23414.32,1
7334,15247601,Schmidt,595,Germany,Male,74,5,0.0,1,1,1,146834.0,1
7335,15853529,Martin,751,France,Female,34,8,0.0,2,1,0,144258.56,0
7336,15118355,Dubois,668,France,Male,29,6,0.0,1,1,0,122318.26,0
7337,15288130,Santos,698,France,Female,42,0,52255.63,2,1,0,68303.04,0
7338,15645888,Santos,850,France,Female,19,2,0.0,2,1,1,42729.59,0
7339,15956744,Lima,542,Germany,Female,44,4,22063.84,2,1,1,96239.66,0
7340,15758967,Thomas,491,Germany,Female,54,5,128569.51,2,1,1,32631.75,1
7341,15956167,Fischer,807,Spain,Male,48,4,206617.86,2,1,1,132911.51,0
7342,15227581,Oliveira,590,France,Male,39,1,72668.76,1,0,1,111719.1,0
7343,15453618,Souza,706,Germany,Male,46,6,26909.28,2,1,1,93833.05,0
7344,15245982,Santos,685,France,Female,55,6,0.0,1,1,1,17141.73,0
7345,15189187,Fischer,651,Germany,Female,42,2,232875.47,1,0,1,143563.1,1
7346,15077764,Alves,640,France,Male,49,1,81103.6,2,1,0,176886.0,0
7347,15922009,Schmidt,704,France,Female,31,6,0.0,2,0,1,142681.77,0
7348,15586128,Dubois,732,France,Male,37,5,113125.91,2,0,1,113526.7,0
7349,15622059,Santos,568,Germany,Male,33,6,0.0,1,1,1,152248.15,0
7350,15384812,Müller,744,Spain,Female,42,5,65541.4,2,1,0,150015.51,0
7351,15631355,Alves,646,France,Male,35,4,0.0,2,1,1,151155.96,0
7352,15036429,Meyer,781,France,Male,42,8,162373.07,1,1,0,53783.26,0
7353,15201552,Silva,554,France,Male,46,6,2948.02,2,1,0,36445.71,0
7354,15593877,Silva,708,Germany,Female,42,4,58247.5,1,1,0,34830.32,1
7355,15540403,Robert,682,France,Female,21,7,0.0,2,1,1,27849.49,0
7356,15918206,Oliveira,685,Spain,Female,50,9,141563.39,1,0,0,177657.66,1
7357,15758962,Meyer,680,Spain,Female,42,3,180217.82,2,1,0,106631.44,0
7358,15841318,Müller,551,Spain,Female,19,7,0.0,1,0,1,46297.03,0
7359,15725965,Pereira,687,France,Male,27,0,0.0,2,1,1,90980.89,0
7360,15523035,Oliveira,611,Spain,Male,46,2,95473.53,2,1,1,25559.01,0
7361,15101578,Fischer,601,Germany,Male,34,2,183575.59,2,1,0,46767.65,0
7362,15220376,Costa,457,France,Female,19,3,156044.41,1,0,0,152840.43,1
7363,15763878,Müller,620,Germany,Male,19,5,126123.07,2,1,1,122313.13,0
7364,15375950,Schmidt,756,Spain,Female,29,6,214744.26,2,0,1,41514.46,0
7365,15067788,Oliveira,599,France,Male,71,7,87233.39,1,1,0,122210.86,1
7366,15925796,Schmidt,653,France,Male,44,2,0.0,1,1,0,114581.95,0
7367,15893453,Schmidt,513,France,Male,45,5,123920.73,1,1,1,136186.43,0
7368,15721474,Fischer,504,Germany,Male,69,4,53883.31,1,1,1,190035.03,1
7369,15926638,Thomas,686,France,Male,46,4,5943.82,2,1,0,39350.15,0
7370,15393952,Lima,588,Spain,Female,44,5,92700.83,2,1,1,180103.61,0
7371,15914581,Souza,664,Germany,Female,39,4,139047.72,1,0,1,63032.34,1
7372,15849941,Meyer,814,Germany,Female,47,4,0.0,1,1,0,73658.44,1
7373,15572839,Ferreira,748,France,Female,24,7,152688.49,1,1,0,100353.18,1
7374,15936659,Dubois,469,Germany,Male,38,6,163996.13,1,1,0,156866.15,1
7375,15294253,Bernard,574,France,Female,22,5,0.0,1,0,0,145643.5,0
7376,15443006,Bernard,692,France,Male,33,2,140640.27,1,0,1,102066.53,0
7377,15438873,Meyer,823,Germany,Female,19,8,88634.67,2,1,0,164947.17,0
7378,15053702,Alves,630,France,Male,35,5,50854.85,2,1,1,127181.89,0
7379,15868974,Robert,662,Germany,Male,55,6,20513.68,3,1,1,188786.66,1
7380,15148364,Robert,478,France,Female,33,1,0.0,2,0,0,98967.42,0
7381,15454589,Ferreira,559,France,Male,54,7,93062.0,1,1,1,153646.08,0
7382,15945863,Ferreira,630,France,Male,50,5,171461.75,2,1,1,23875.54,0
7383,15032120,Pereira,596,Spain,Female,42,5,52841.66,1,1,0,72124.44,1
7384,15228192,Bernard,655,Germany,Male,35,2,77006.97,3,1,1,184222.93,1
7385,15485563,Santos,639,Germany,Female,58,5,0.0,2,1,1,108923.41,0
7386,15716855,Bernard,679,France,Male,18,1,0.0,1,1,0,190842.95,0
7387,15229166,Silva,648,France,Male,49,1,95023.76,1,1,1,12801.6,0
7388,15491367,Lima,694,Spain,Male,47,3,0.0,2,1,0,100367.46,0
7389,15708787,Bernard,693,France,Male,33,0,30912.3,2,1,1,148493.03,0
7390,15220237,Müller,659,France,Female,39,2,0.0,1,0,0,73360.13,0
7391,15086117,Dubois,661,Germany,Male,37,6,68085.71,1,1,0,99068.53,0
7392,15041029,Ferreira,616,France,Male,57,6,85202.9,2,1,0,42971.65,0
7393,15325600,Dubois,659,Spain,Male,51,2,0.0,2,1,0,93153.52,0
7394,15174494,Martin,555,Germany,Male,76,6,93032.64,2,0,0,107083.0,1
7395,15425723,Schmidt,727,France,Female,34,4,53397.06,2,1,1,124687.67,0
7396,15064368,Ferreira,847,France,Male,33,8,0.0,1,1,1,98682.74,0
7397,15318015,Thomas,778,France,Female,29,2,0.0,2,1,1,51589.94,0
7398,15790878,Oliveira,668,Spain,Male,69,0,191077.48,1,0,1,192694.11,1
7399,15244029,Thomas,580,Germany,Female,35,6,0.0,2,1,0,157648.53,0
7400,15891350,Fischer,641,France,Male,38,3,155331.77,1,1,1,164627.8,0
7401,15246254,Thomas,624,France,Male,55,4,0.0,2,1,1,131626.67,0
7402,15595060,Santos,850,Germany,Male,49,4,0.0,1,1,1,169864.75,0
7403,15756979,Fischer,513,Germany,Female,47,6,23337.75,2,1,1,122271.84,0
7404,15361169,Pereira,617,France,Male,21,1,125827.15,1,0,0,164740.37,0
7405,15911777,Weber,701,France,Male,49,4,153664.47,2,1,0,187267.65,0
7406,15808388,Meyer,588,France,Male,55,4,109415.56,1,1,1,28656.75,0
7407,15603209,Schmidt,754,Germany,Female,42,3,176388.42,1,1,0,145067.61,1
7408,15793223,Lima,747,Spain,Male,40,3,67554.12,2,1,0,78253.77,0
7409,15059772,Bernard,639,France,Female,20,8,187524.18,2,1,0,74943.07,0
7410,15691698,Bernard,690,Germany,Male,37,3,0.0,2,0,1,38696.13,0
7411,15906880,Pereira,735,France,Female,47,4,74626.49,2,1,1,193018.7,0
7412,15893181,Lima,741,France,Female,26,4,180448.25,2,1,0,152190.05,0
7413,15130817,Lima,657,France,Female,44,6,50760.53,3,0,1,23870.58,1
7414,15020948,Silva,808,Spain,Female,43,4,244079.78,2,1,0,97508.75,0
7415,15238158,Ferreira,761,France,Female,60,5,0.0,1,1,0,93689.31,1
7416,15909366,Santos,657,Germany,Male,26,3,0.0,1,1,0,29571.67,0
7417,15073130,Gomes,703,France,Male,52,6,95919.57,2,1,1,138244.67,0
7418,15629945,Costa,520,France,Female,48,4,61699.18,2,1,1,42312.91,0
7419,15652738,Pereira,389,France,Male,33,2,63859.65,2,1,0,38836.39,0
7420,15778743,Pereira,695,Germany,Male,63,6,17181.42,2,1,1,84533.88,0
7421,15883866,Martin,783,France,Male,30,6,89235.89,1,0,1,52059.66,0
7422,15933816,Meyer,566,Germany,Female,46,5,113301.05,2,0,0,178209.05,1
7423,15897711,Robert,794,France,Female,37,4,90400.93,1,1,1,156167.72,0
7424,15017624,Costa,626,France,Male,43,2,0.0,1,0,0,154148.1,0
7425,15201413,Santos,531,France,Female,48,6,97517.69,1,0,1,113121.28,0
7426,15998489,Dubois,647,France,Female,23,1,182221.57,1,1,0,106061.24,1
7427,15047454,Pereira,508,France,Female,42,3,0.0,3,0,0,155129.07,1
7428,15021549,Thomas,767,France,Female,43,6,27266.82,1,0,1,153896.96,0
7429,15027460,Souza,686,Germany,Male,60,5,95899.18,2,1,1,71665.98,0
7430,15138527,Meyer,540,Germany,Female,22,4,0.0,1,1,1,62991.66,0
7431,15250508,Souza,628,France,Male,36,6,0.0,2,1,1,57276.87,0
7432,15867517,Schmidt,766,France,Male,47,9,83113.22,2,1,1,168926.86,0
7433,15733759,Dubois,662,France,Male,23,2,0.0,1,0,1,81620.51,0
7434,15973339,Bernard,644,France,Female,41,0,0.0,1,0,1,149372.33,0
7435,15081720,Bernard,555,France,Female,28,4,172971.12,1,1,1,88979.84,0
7436,15064851,Dubois,801,Spain,Male,32,3,0.0,2,1,1,91067.87,0
7437,15115280,Santos,572,France,Female,57,5,0.0,1,1,0,120387.89,1
7438,15072968,Müller,606,France,Male,57,4,65316.33,1,1,1,147584.51,0
7439,15463530,Robert,446,France,Female,44,4,168590.06,1,1,1,64477.15,0
7440,15252739,Schmidt,605,France,Male,55,3,25580.29,1,0,1,174208.14,0
7441,15220787,Bernard,597,Germany,Male,42,2,0.0,2,1,0,92737.92,0
7442,15253696,Weber,569,France,Male,47,2,79715.86,1,1,1,78562.41,0
7443,15374626,Robert,651,France,Male,61,3,71881.66,3,1,1,59994.92,1
7444,15573691,Alves,639,Germany,Female,41,5,129394.37,1,1,0,71547.73,1
7445,15277481,Souza,671,France,Female,46,3,247713.74,1,1,0,160204.91,1
7446,15873295,Müller,741,Germany,Female,34,3,0.0,1,1,1,27232.54,0
7447,15935720,Santos,656,Germany,Female,52,4,209761.06,1,1,1,40356.92,1
7448,15408708,Fischer,640,France,Male,39,9,220015.79,2,1,0,80495.13,0
7449,15165091,Gomes,596,Germany,Female,23,1,95191.34,1,1,0,42849.02,1
7450,15056856,Müller,572,France,Female,33,3,215364.7,1,1,1,122773.39,0
7451,15471778,Pereira,823,Germany,Male,28,3,59661.84,1,1,1,155971.75,0
7452,15156058,Dubois,652,France,Female,34,8,80637.6,1,1,1,40761.14,0
7453,15924221,Costa,661,France,Male,60,4,0.0,1,1,1,78913.37,0
7454,15031869,Costa,791,Germany,Female,41,5,40475.4,1,0,1,194510.29,0
7455,15234206,Lima,523,Spain,Female,23,2,0.0,2,1,1,60179.72,0
7456,15614253,Costa,745,Spain,Male,56,0,176599.02,2,1,1,60031.34,0
7457,15339919,Lima,630,Germany,Male,47,3,42196.61,2,1,0,37569.13,0
7458,15760904,Thomas,598,France,Female,41,5,162968.71,2,1,1,17538.38,0
7459,15681143,Robert,647,France,Female,37,5,0.0,1,1,1,39201.28,0
7460,15460410,Lima,711,France,Female,52,6,0.0,1,0,0,66265.79,1
7461,15846705,Robert,670,France,Female,38,6,31338.47,2,0,1,150526.83,0
7462,15228530,Costa,604,France,Female,23,2,169725.22,1,1,0,127939.17,1
7463,15884938,Martin,794,Spain,Male,34,1,135313.4,2,1,0,39651.72,0
7464,15553214,Costa,638,France,Female,48,6,72505.36,2,0,0,117367.4,0
7465,15655625,Weber,449,France,Male,49,4,0.0,2,1,0,143150.27,0
7466,15736663,Robert,587,France,Male,38,8,19571.06,1,0,1,173211.37,0
7467,15538927,Costa,611,Spain,Female,25,8,224961.96,2,1,0,192832.82,0
7468,15030446,Fischer,618,Germany,Female,47,2,216514.88,1,1,1,143851.12,1
7469,15545049,Lima,668,Germany,Male,47,5,72950.11,1,0,1,180858.11,0
7470,15976093,Santos,622,France,Female,32,1,178361.64,2,0,1,68589.57,0
7471,15102168,Fischer,604,Spain,Male,56,4,86337.22,1,1,1,135175.84,0
7472,15965056,Souza,460,France,Female,69,6,0.0,2,1,1,121799.9,0
7473,15657455,Robert,617,Spain,Male,35,4,73260.5,1,0,1,75253.36,0
7474,15826717,Fischer,759,Germany,Female,41,0,0.0,1,1,1,54531.51,0
7475,15695632,Schmidt,635,France,Female,25,2,91849.33,2,1,0,14505.08,0
7476,15253062,Alves,575,France,Female,44,1,237494.18,2,0,1,29727.8,0
7477,15917017,Meyer,622,Germany,Female,33,4,67938.48,2,0,1,62229.25,0
7478,15286619,Ferreira,654,France,Male,35,5,73151.29,2,1,1,187934.5,0
7479,15268807,Ferreira,538,Spain,Male,45,5,0.0,1,0,1,67595.08,0
7480,15668052,Fischer,675,France,Female,59,6,0.0,2,1,0,127278.62,0
7481,15734986,Gomes,683,France,Male,19,3,0.0,1,0,0,12410.45,0
7482,15571086,Santos,588,France,Male,26,3,83086.37,1,1,1,131516.09,0
7483,15064357,Schmidt,426,France,Male,35,1,97938.71,2,1,0,155979.91,0
7484,15457513,Gomes,534,France,Female,50,8,98766.0,1,1,1,173917.59,0
7485,15126773,Thomas,692,France,Male,53,2,213731.63,1,1,0,49026.04,1
7486,15061799,Robert,664,Germany,Female,45,2,85540.31,1,1,0,33108.89,1
7487,15971321,Robert,560,France,Female,49,0,0.0,1,0,0,101186.88,1
7488,15177411,Fischer,744,Spain,Male,58,3,0.0,2,1,0,128155.51,0
7489,15583996,Weber,771,Germany,Male,43,6,11605.05,2,1,1,84339.87,0
7490,15572392,Schmidt,537,Spain,Male,48,3,0.0,1,1,0,43697.5,0
7491,15076305,Costa,646,France,Male,45,5,0.0,2,0,0,160534.43,0
7492,15731102,Oliveira,661,France,Female,52,8,50927.52,2,0,1,122887.98,0
7493,15697402,Souza,768,France,Male,36,7,0.0,1,1,1,157037.98,0
7494,15430648,Ferreira,630,Germany,Female,31,2,0.0,2,1,1,163880.57,0
7495,15185179,Ferreira,546,Spain,Female,28,3,0.0,2,0,1,153842.88,0
7496,15274762,Souza,636,France,Male,53,6,176384.4,2,1,0,45188.67,0
7497,15386264,Oliveira,518,France,Male,40,8,74528.73,2,0,0,16329.23,0
7498,15565839,Müller,778,Spain,Male,37,6,99082.44,1,1,0,48460.08,0
7499,15230195,Meyer,821,France,Male,67,2,20275.11,2,0,0,194826.49,0
7500,15050450,Alves,645,Germany,Male,59,2,165135.81,1,1,1,138035.25,1
7501,15824116,Weber,677,Germany,Female,76,4,0.0,2,1,1,198499.86,0
7502,15528007,Gomes,693,Spain,Female,25,2,0.0,2,0,0,37412.25,0
7503,15799331,Lima,734,France,Male,51,2,82032.1,1,0,0,169796.55,1
7504,15204020,Meyer,600,France,Female,36,5,60126.64,1,0,0,111434.94,1
7505,15398364,Weber,831,Germany,Male,30,4,0.0,2,1,1,178201.09,0
7506,15988090,Martin,685,Spain,Male,31,2,120461.62,2,0,1,120011.81,0
7507,15333578,Thomas,751,France,Male,42,2,0.0,2,1,1,136585.53,0
7508,15331832,Müller,682,France,Male,23,0,0.0,2,1,1,136489.9,0
7509,15235200,Silva,656,Germany,Female,48,2,57138.6,1,1,1,181459.08,0
7510,15772519,Santos,735,Spain,Male,52,7,235398.13,3,1,0,65090.27,1
7511,15305459,Müller,564,Spain,Female,33,6,0.0,2,1,0,77974.05,0
7512,15120203,Dubois,541,Spain,Female,39,4,0.0,1,1,0,25615.09,0
7513,15212632,Bernard,607,France,Female,36,6,72574.25,2,0,0,112131.96,0
7514,15688655,Weber,735,France,Male,58,4,0.0,2,1,1,85570.43,0
7515,15183539,Fischer,744,Germany,Male,24,6,55061.5,1,0,0,121143.24,0
7516,15918703,Fischer,622,Spain,Male,33,2,7173.39,2,1,0,188497.23,0
7517,15519176,Lima,786,France,Male,36,2,47923.33,1,1,1,49951.14,0
7518,15582367,Thomas,684,France,Male,55,1,57212.47,2,1,1,124454.76,0
7519,15823985,Souza,579,Spain,Male,28,2,0.0,2,0,1,42091.92,0
7520,15030358,Fischer,656,France,Male,33,2,116336.47,2,1,0,66060.29,0
7521,15865002,Fischer,753,France,Male,34,6,90274.47,1,1,0,123125.17,0
7522,15371024,Schmidt,621,Germany,Male,51,2,0.0,2,1,1,83767.85,0
7523,15870310,Silva,653,Germany,Female,37,4,0.0,1,0,0,76920.54,1
7524,15989464,Silva,561,Germany,Male,50,6,186728.49,2,1,0,173422.58,0
7525,15402927,Weber,581,France,Female,19,5,0.0,2,1,1,175528.26,0
7526,15111884,Robert,643,Germany,Male,73,2,249654.84,1,0,1,115974.31,1
7527,15911436,Gomes,520,Germany,Male,47,1,81958.74,1,0,1,176959.26,0
7528,15447531,Souza,604,Germany,Male,44,7,246471.61,2,1,1,104195.57,0
7529,15274788,Oliveira,667,Germany,Male,36,5,0.0,1,1,0,166891.83,0
7530,15016223,Costa,633,France,Male,37,5,83608.46,1,1,1,186696.56,0
7531,15318810,Gomes,370,France,Male,36,3,90575.95,3,0,0,87838.66,1
7532,15958530,Souza,543,France,Female,46,2,0.0,2,0,0,39007.25,0
7533,15198288,Alves,617,France,Male,67,4,178194.74,2,1,1,28045.85,0
7534,15017883,Pereira,783,France,Male,35,1,86366.84,2,0,0,87709.0,0
7535,15159688,Santos,770,Spain,Male,58,6,24162.68,1,1,0,147097.31,1
7536,15883936,Silva,564,Germany,Male,21,5,24819.63,2,1,1,17691.57,0
7537,15191057,Martin,747,Spain,Female,76,6,31621.66,2,1,1,74268.97,0
7538,15142179,Souza,676,France,Male,34,5,246901.31,1,0,1,153297.83,0
7539,15389268,Schmidt,642,France,Male,36,5,211357.32,1,0,1,73678.74,0
7540,15628759,Martin,529,France,Female,36,5,90698.09,1,0,0,90975.89,1
7541,15597956,Martin,703,France,Male,48,6,0.0,3,1,1,16732.91,1
7542,15319784,Bernard,728,France,Male,41,2,0.0,2,0,1,166067.91,0
7543,15135933,Weber,549,Germany,Male,50,5,0.0,1,1,0,125939.4,0
7544,15675891,Gomes,555,Spain,Male,48,4,97046.82,1,1,0,197526.72,0
7545,15280983,Fischer,621,France,Male,19,4,185846.64,1,0,1,128277.94,0
7546,15247775,Müller,644,France,Male,31,4,10272.12,2,1,1,80196.12,0
7547,15703035,Silva,608,Spain,Male,40,3,0.0,2,1,1,197926.51,0
7548,15276193,Bernard,546,France,Male,49,0,31216.0,1,1,0,79687.77,0
7549,15670671,Lima,730,Spain,Male,50,6,243908.99,1,1,1,141940.53,0
7550,15841057,Alves,789,Germany,Male,44,7,202121.51,1,1,1,55595.09,0
7551,15572403,Silva,610,Spain,Female,42,4,42864.51,1,1,0,197395.73,1
7552,15143607,Müller,742,France,Female,37,6,4599.62,2,0,1,125204.94,0
7553,15034956,Gomes,646,Germany,Female,51,4,70065.14,2,1,0,182504.92,1
7554,15074902,Costa,482,France,Male,20,8,73941.12,2,1,1,41027.03,0
7555,15501466,Schmidt,453,Germany,Male,47,4,0.0,2,1,1,126082.52,0
7556,15950015,Bernard,635,France,Female,18,2,104674.71,1,1,0,130933.46,1
7557,15291692,Bernard,850,France,Female,43,7,28848.07,2,0,1,162611.95,0
7558,15977899,Santos,699,Germany,Female,50,6,0.0,2,0,0,22047.03,0
7559,15040609,Oliveira,534,Germany,Male,36,3,0.0,2,1,1,171406.12,0
7560,15838296,Weber,752,Spain,Male,48,6,233874.92,2,1,0,139792.08,0
7561,15349559,Weber,557,Germany,Male,21,0,0.0,2,1,1,16879.55,0
7562,15785244,Schmidt,817,Germany,Male,37,6,55081.44,2,1,0,70749.09,0
7563,15915544,Thomas,750,France,Male,41,5,0.0,2,1,0,90273.74,0
7564,15254916,Robert,628,Germany,Female,60,3,0.0,1,0,0,184864.21,1
7565,15967597,Lima,722,France,Male,34,6,23254.17,2,1,1,71497.26,0
7566,15671942,Müller,659,Spain,Male,38,2,165745.58,1,1,1,95265.98,0
7567,15542130,Costa,688,Spain,Male,48,2,204275.68,2,1,1,100117.3,0
7568,15929872,Weber,818,France,Male,48,4,0.0,2,0,1,21919.58,0
7569,15633699,Pereira,549,Spain,Male,33,7,2064.6,2,1,0,96455.32,0
7570,15276847,Bernard,773,France,Male,54,2,87254.28,2,0,0,82363.31,0
7571,15268262,Bernard,416,France,Male,48,5,33892.91,1,1,0,55533.05,0
7572,15795746,Martin,483,Germany,Male,27,6,199631.6,1,0,0,37464.81,1
7573,15392362,Souza,597,France,Male,35,6,90837.37,2,1,1,112590.83,0
7574,15224796,Gomes,744,Germany,Female,40,5,152035.42,1,1,1,113361.76,1
7575,15207222,Costa,439,France,Male,43,8,0.0,2,1,0,137273.37,0
7576,15637840,Costa,807,France,Male,40,4,86605.67,1,1,1,124567.53,0
7577,15907563,Oliveira,639,Germany,Female,70,7,17039.15,2,1,0,169055.5,1
7578,15540277,Alves,723,Germany,Female,38,5,0.0,2,0,0,121164.03,0
7579,15175475,Müller,498,Spain,Female,47,6,22296.64,2,1,0,61251.37,0
7580,15400948,Martin,581,Germany,Male,22,4,0.0,2,0,1,180267.07,0
7581,15630124,Silva,616,Germany,Male,51,2,0.0,2,1,0,49145.67,0
7582,15183481,Lima,495,France,Female,57,2,61414.09,1,1,1,18294.95,1
7583,15196995,Lima,703,France,Female,34,5,37916.45,2,1,0,182085.63,0
7584,15503053,Souza,580,France,Male,70,3,0.0,2,1,0,62382.25,0
7585,15846782,Fischer,720,Germany,Female,39,5,0.0,1,1,1,37134.48,0
7586,15433503,Costa,612,Germany,Female,41,6,54269.53,2,1,0,96997.97,0
7587,15364986,Ferreira,654,France,Male,56,6,74811.73,2,0,1,159761.73,0
7588,15656536,Gomes,463,Germany,Male,46,4,0.0,1,1,0,65700.41,1
7589,15407927,Santos,689,Germany,Female,60,3,0.0,2,1,1,55882.58,0
7590,15339224,Silva,850,France,Male,55,6,66243.96,1,1,1,139699.08,0
7591,15535003,Costa,498,France,Female,79,4,0.0,2,1,1,134920.97,0
7592,15546362,Costa,662,Spain,Male,31,8,0.0,1,1,0,161756.21,0
7593,15738498,Martin,640,Germany,Female,32,6,0.0,2,0,0,172085.67,0
7594,15066837,Robert,778,Spain,Female,49,6,27609.22,2,0,0,106034.95,0
7595,15187853,Lima,500,France,Male,47,2,0.0,1,1,0,173149.14,0
7596,15827217,Bernard,634,Spain,Male,47,3,0.0,1,1,0,190735.81,0
7597,15458971,Meyer,734,France,Female,29,6,0.0,2,1,1,158080.6,0
7598,15697217,Thomas,620,France,Female,55,0,142610.01,2,1,1,82629.98,0
7599,15807620,Souza,596,Spain,Male,70,6,0.0,1,1,0,99965.4,1
7600,15290832,Ferreira,716,France,Male,35,4,0.0,1,1,0,76807.39,0
7601,15311628,Robert,823,Germany,Female,31,6,149167.27,2,0,1,19032.6,0
7602,15628261,Schmidt,644,France,Male,25,4,96274.62,2,0,1,86115.28,0
7603,15540638,Pereira,760,Germany,Female,40,4,189499.9,1,1,0,165224.37,1
7604,15280920,Alves,545,Spain,Male,41,5,70586.96,2,1,1,65700.09,0
7605,15877822,Santos,656,France,Female,54,6,68132.98,2,0,1,97919.66,0
7606,15108158,Müller,558,Germany,Female,24,5,0.0,1,1,1,165788.69,0
7607,15723781,Dubois,587,France,Female,49,4,129092.36,2,1,1,156781.36,0
7608,15187444,Meyer,634,Germany,Male,50,3,76679.83,1,0,1,99285.04,0
7609,15318334,Martin,599,France,Female,40,6,0.0,1,0,1,12520.82,0
7610,15802184,Martin,729,France,Female,43,4,0.0,1,1,0,108694.9,1
7611,15482188,Weber,682,France,Female,46,6,70141.26,1,1,0,108068.25,1
7612,15660028,Oliveira,519,France,Female,54,9,0.0,2,1,1,40577.46,0
7613,15698892,Bernard,626,Spain,Male,36,5,88449.75,2,0,0,118918.03,0
7614,15821997,Ferreira,549,France,Female,50,3,0.0,1,1,0,173787.04,1
7615,15571568,Robert,631,France,Male,38,6,26667.56,1,0,1,181759.45,0
7616,15156374,Martin,651,France,Female,36,3,153379.61,2,1,0,125812.43,0
7617,15614115,Thomas,623,France,Female,33,3,54033.49,2,0,0,65156.71,0
7618,15138699,Ferreira,604,Germany,Male,37,1,91395.1,1,1,0,121804.34,0
7619,15452474,Souza,685,Spain,Male,24,1,52825.51,2,0,0,124599.22,0
7620,15020236,Santos,494,France,Female,39,6,9755.4,2,1,0,104816.62,0
7621,15126661,Pereira,699,Spain,Female,41,2,74855.15,1,1,1,179729.1,0
7622,15630290,Ferreira,528,Germany,Male,46,2,0.0,2,1,1,137105.96,0
7623,15012854,Meyer,667,France,Male,29,3,0.0,1,0,1,77042.95,0
7624,15784211,Pereira,671,Germany,Male,33,5,77349.96,1,1,0,80948.52,0
7625,15197928,Ferreira,593,Germany,Male,47,3,71123.78,2,1,1,45922.84,0
7626,15530307,Gomes,682,Germany,Male,33,3,181116.04,1,0,0,82971.32,1
7627,15081000,Schmidt,574,Spain,Male,39,4,0.0,2,1,0,90725.23,0
7628,15506872,Costa,533,France,Male,47,0,220464.99,1,0,0,79530.25,0
7629,15946572,Alves,522,Spain,Male,22,4,249933.27,2,0,1,78581.13,0
7630,15678842,Costa,753,Germany,Male,38,9,0.0,1,0,1,22094.84,0
7631,15225747,Fischer,681,France,Male,21,6,57181.13,1,1,1,107639.51,0
7632,15262602,Lima,713,Germany,Male,20,1,206025.41,1,1,0,92901.78,1
7633,15228074,Robert,769,France,Male,66,5,0.0,2,1,1,130177.15,0
7634,15952544,Lima,514,Spain,Male,36,4,81337.82,3,1,0,127454.33,1
7635,15974633,Fischer,572,Germany,Male,43,6,165289.5,1,0,0,87621.91,1
7636,15136560,Thomas,699,France,Male,49,1,127295.64,1,0,0,88815.92,0
7637,15644144,Weber,699,France,Female,30,2,156297.02,1,1,0,145970.05,1
7638,15965157,Martin,719,Germany,Female,37,6,239316.13,2,0,0,143928.09,0
7639,15270175,Costa,540,France,Male,57,6,0.0,3,0,1,132521.03,1
7640,15939829,Gomes,656,France,Male,57,4,47281.07,3,1,0,11783.66,1
7641,15115204,Silva,601,France,Female,32,0,139655.31,1,1,1,87405.5,0
7642,15115326,Santos,755,France,Male,40,7,175479.42,2,1,1,110758.19,0
7643,15500922,Meyer,778,France,Female,44,3,0.0,1,1,0,46957.77,1
7644,15353527,Lima,698,France,Female,31,0,0.0,2,1,1,98376.54,0
7645,15435428,Lima,682,France,Male,25,6,56147.54,2,1,0,60753.58,0
7646,15342481,Gomes,551,Germany,Male,36,4,8827.19,1,1,0,191411.82,0
7647,15238796,Costa,558,Germany,Female,32,2,0.0,1,1,0,138059.72,1
7648,15583691,Pereira,745,France,Male,18,6,0.0,1,1,1,23750.04,0
7649,15401565,Santos,694,France,Female,46,4,117942.32,1,1,1,70173.33,0
7650,15257807,Schmidt,589,Germany,Male,42,5,0.0,1,1,0,57557.73,0
7651,15435098,Dubois,711,France,Female,49,6,34590.65,2,0,0,86470.13,0
7652,15812349,Meyer,492,France,Female,27,4,3508.17,2,0,1,12422.83,0
7653,15919025,Müller,610,France,Male,35,2,0.0,1,1,0,157019.93,0
7654,15230133,Schmidt,678,Spain,Male,44,8,26245.99,1,1,0,128046.58,0
7655,15709254,Costa,807,Spain,Female,29,3,64625.56,3,1,1,120295.51,1
7656,15544475,Fischer,667,Spain,Male,27,9,0.0,1,1,1,136042.19,0
7657,15883794,Thomas,748,Germany,Female,34,0,85436.27,2,0,0,141881.57,0
7658,15386222,Alves,601,Germany,Male,35,4,0.0,2,1,0,165726.95,0
7659,15700253,Lima,576,France,Female,62,5,173107.32,2,0,0,166221.09,1
7660,15520837,Dubois,565,Germany,Male,43,7,123417.52,1,1,1,189899.61,0
7661,15570331,Schmidt,784,France,Male,40,6,18089.69,1,1,0,25096.96,0
7662,15704844,Alves,667,Germany,Female,44,3,157019.47,2,1,1,77972.82,0
7663,15811076,Dubois,593,Spain,Male,32,2,53019.98,2,0,0,139378.72,0
7664,15080413,Weber,564,France,Male,21,3,77573.91,3,1,1,113504.22,1
7665,15046231,Costa,703,France,Male,32,2,83925.43,1,0,0,185438.82,0
7666,15711878,Thomas,484,France,Female,41,5,0.0,1,0,1,179797.91,0
7667,15991340,Souza,433,Germany,Male,25,8,163223.7,1,1,1,173719.56,0
7668,15791519,Gomes,720,Germany,Male,40,5,124888.68,2,1,1,47950.21,0
7669,15254011,Silva,677,Spain,Male,38,4,103815.22,1,1,1,51324.23,0
7670,15992707,Ferreira,691,France,Male,31,4,27954.8,2,0,0,143011.91,0
7671,15923830,Pereira,850,Spain,Female,49,5,0.0,1,0,0,191895.02,0
7672,15539589,Santos,703,Germany,Male,58,5,0.0,2,1,0,74742.04,0
7673,15524408,Robert,742,Spain,Male,50,6,74177.41,1,1,1,184435.2,0
7674,15723177,Robert,506,Germany,Female,46,5,0.0,2,1,1,187782.72,0
7675,15236987,Martin,700,Germany,Male,52,5,106225.29,2,0,1,106065.31,0
7676,15902490,Dubois,532,Germany,Male,25,8,93423.54,1,0,0,156999.48,0
7677,15896181,Thomas,670,Germany,Male,19,7,166763.91,1,1,0,43461.51,1
7678,15619454,Müller,527,Spain,Female,34,6,112006.52,2,1,1,143654.5,0
7679,15013832,Martin,745,France,Male,38,0,19848.07,2,1,1,155748.32,0
7680,15027099,Schmidt,736,France,Female,39,5,103459.61,2,1,0,62112.47,0
7681,15626335,Lima,564,Spain,Male,37,4,241313.61,2,1,1,118463.35,0
7682,15550544,Costa,642,Germany,Male,30,5,82903.24,1,1,1,158640.04,0
7683,15828698,Meyer,506,Germany,Male,42,5,0.0,2,1,1,30513.03,0
7684,15513680,Martin,591,France,Female,60,6,17374.05,2,1,1,16965.05,0
7685,15177748,Costa,642,France,Male,39,6,93432.72,2,0,1,42453.07,0
7686,15840939,Weber,744,Spain,Male,21,7,212488.56,1,0,1,61526.48,0
7687,15678913,Oliveira,747,Germany,Female,43,5,12223.91,2,1,1,120656.81,0
7688,15787643,Gomes,594,France,Male,40,7,95375.49,1,0,1,183201.34,0
7689,15648432,Dubois,816,France,Male,34,6,0.0,1,1,1,94076.7,0
7690,15478711,Schmidt,628,Spain,Male,34,2,64267.53,2,1,0,85963.49,0
7691,15165691,Santos,713,France,Female,45,0,168357.9,2,1,1,144142.74,0
7692,15849565,Lima,622,Spain,Female,59,0,28557.39,1,1,1,16177.36,0
7693,15487335,Martin,842,France,Male,48,5,88326.6,2,1,0,170285.63,0
7694,15285477,Martin,687,Germany,Female,34,4,0.0,1,1,1,90292.44,0
7695,15418780,Pereira,574,Spain,Female,38,5,44803.63,1,1,1,34258.23,0
7696,15055096,Alves,595,Germany,Male,26,6,125052.07,1,1,1,107561.85,0
7697,15162036,Gomes,705,France,Female,63,2,0.0,2,0,0,110107.2,1
7698,15797563,Ferreira,603,Germany,Male,49,6,0.0,3,0,0,82639.89,1
7699,15506852,Fischer,650,France,Male,21,1,84366.44,2,1,0,154990.64,0
7700,15940909,Meyer,449,France,Male,47,7,0.0,2,1,1,42627.48,0
7701,15648764,Fischer,436,Spain,Male,39,6,93664.48,2,1,1,194275.41,0
7702,15925994,Fischer,683,Germany,Female,72,5,231003.14,2,1,1,180718.69,1
7703,15747364,Souza,660,Germany,Female,52,3,0.0,2,1,0,148833.27,1
7704,15910630,Fischer,753,France,Male,29,1,129884.14,2,1,0,52222.06,0
7705,15571629,Weber,719,France,Female,50,6,57099.08,1,1,0,124061.51,1
7706,15357758,Thomas,792,France,Male,47,2,0.0,1,1,1,122541.17,0
7707,15493734,Schmidt,647,Germany,Male,38,4,0.0,1,1,0,77745.64,0
7708,15529629,Costa,696,Spain,Female,43,4,93570.55,1,0,1,97441.21,0
7709,15149700,Souza,600,Germany,Male,44,5,0.0,2,0,0,42592.44,0
7710,15429557,Meyer,618,Spain,Female,22,4,0.0,2,1,1,62629.57,0
7711,15843826,Bernard,595,France,Female,43,5,92797.56,1,1,1,62145.32,0
7712,15988322,Meyer,633,France,Male,48,6,215448.89,1,0,1,42926.28,0
7713,15955728,Silva,555,France,Male,18,5,25208.06,3,0,0,60324.78,1
7714,15148769,Bernard,648,France,Male,31,3,80102.82,2,1,1,134397.52,0
7715,15462074,Santos,705,France,Female,48,7,77756.4,1,1,0,161396.49,1
7716,15451919,Meyer,574,Spain,Female,21,4,0.0,1,1,1,194831.39,0
7717,15574537,Schmidt,669,France,Female,57,4,75240.62,1,1,0,58631.88,1
7718,15596768,Pereira,591,Spain,Female,30,5,110992.61,2,0,1,14293.25,0
7719,15979861,Lima,611,France,Female,24,4,104889.11,2,1,0,105290.38,0
7720,15958485,Ferreira,653,Spain,Male,24,6,0.0,1,1,1,191799.52,0
7721,15955593,Robert,582,Germany,Male,41,4,170301.32,1,1,1,129565.82,0
7722,15339550,Dubois,749,Spain,Female,50,6,148491.13,1,1,0,195169.09,1
7723,15478989,Robert,412,France,Female,36,6,160573.26,2,1,0,144844.42,0
7724,15021267,Martin,546,Germany,Male,36,3,112451.95,2,1,1,110603.74,0
7725,15334279,Gomes,590,Spain,Male,54,1,7915.47,2,1,0,53197.93,0
7726,15447314,Ferreira,743,France,Male,29,6,212105.21,2,1,1,36706.75,0
7727,15667056,Ferreira,663,France,Female,36,2,60188.65,2,0,0,164919.91,0
7728,15484321,Martin,587,France,Female,28,0,0.0,1,0,1,79818.48,0
7729,15575993,Fischer,630,Spain,Male,24,4,0.0,1,1,0,67944.33,0
7730,15834606,Silva,710,Germany,Male,38,2,0.0,1,1,1,113262.87,0
7731,15229449,Meyer,505,Germany,Male,36,2,203646.99,1,1,0,187797.2,1
7732,15491106,Schmidt,510,France,Male,33,2,207588.05,2,1,1,70582.01,0
7733,15869622,Lima,716,France,Female,54,6,0.0,2,1,1,13068.25,0
7734,15096532,Lima,693,Spain,Male,20,6,87122.77,1,1,0,170232.73,0
7735,15725277,Silva,581,France,Male,60,0,2258.23,1,1,0,174515.6,1
7736,15910412,Schmidt,530,Germany,Female,45,4,83774.35,1,1,0,26249.28,1
7737,15545645,Lima,730,Spain,Male,31,2,203115.93,2,0,0,130238.92,0
7738,15354514,Silva,559,France,Female,48,4,42313.16,1,1,0,86282.27,1
7739,15566718,Silva,548,Germany,Female,39,3,0.0,1,1,0,171462.02,1
7740,15679578,Pereira,515,France,Female,21,2,0.0,2,0,1,123619.15,0
7741,15580635,Lima,656,Germany,Female,54,8,141370.2,2,1,1,38980.72,0
7742,15504894,Robert,686,France,Female,46,8,231316.79,1,0,1,114473.34,0
7743,15042904,Müller,482,Germany,Male,56,5,0.0,1,1,0,45606.52,1
7744,15523336,Martin,630,France,Male,55,2,0.0,1,1,1,71104.19,0
7745,15568503,Martin,535,France,Female,22,5,88696.26,2,0,0,118980.58,0
7746,15201875,Souza,600,Germany,Female,40,8,23798.1,1,0,0,81185.99,1
7747,15688300,Robert,662,France,Male,23,3,88935.24,1,1,1,117881.06,0
7748,15038130,Alves,640,Germany,Female,60,2,64899.77,2,1,1,121978.12,0
7749,15669710,Bernard,804,France,Female,59,5,0.0,1,0,0,183465.31,1
7750,15179432,Gomes,473,Germany,Female,45,5,14953.68,1,1,0,53819.11,1
7751,15584712,Martin,662,France,Male,25,0,66979.41,2,1,1,140692.67,0
7752,15441408,Thomas,850,Germany,Female,29,6,39443.77,2,1,0,119339.8,0
7753,15422543,Ferreira,534,France,Male,54,5,48864.73,2,0,0,68699.16,0
7754,15219658,Bernard,521,France,Female,58,2,183647.68,1,1,1,115917.16,1
7755,15851988,Costa,566,France,Female,38,0,175688.23,2,1,1,55336.71,0
7756,15371159,Weber,666,Germany,Female,22,8,0.0,1,1,1,99187.35,0
7757,15319237,Santos,445,France,Male,40,6,206743.69,1,1,1,167795.0,0
7758,15948400,Thomas,490,Spain,Male,27,3,0.0,1,1,1,33270.68,0
7759,15234836,Ferreira,428,Spain,Female,55,4,206416.22,2,1,1,18525.03,0
7760,15059142,Fischer,651,France,Female,50,4,1146.25,4,0,1,20067.9,1
7761,15100348,Lima,654,Germany,Male,44,6,92979.13,2,1,0,98098.31,0
7762,15891521,Schmidt,782,France,Male,39,2,5797.86,2,1,1,159086.76,0
7763,15312212,Fischer,493,France,Female,36,2,0.0,1,0,1,23808.6,0
7764,15301070,Schmidt,607,Germany,Male,39,0,0.0,1,1,1,31495.21,0
7765,15453668,Souza,682,Germany,Female,57,9,222118.87,1,1,1,44068.15,1
7766,15145742,Costa,675,Germany,Female,45,7,57425.56,1,0,0,94354.38,1
7767,15980407,Schmidt,662,France,Female,34,4,134583.65,2,0,0,174925.27,0
7768,15882515,Ferreira,529,France,Male,33,4,27613.22,1,0,0,69134.48,0
7769,15399280,Schmidt,680,France,Female,23,2,502.17,1,1,1,115246.76,0
7770,15320339,Thomas,756,Germany,Male,25,5,0.0,2,0,1,24862.82,0
7771,15876972,Weber,417,Germany,Male,50,5,0.0,1,1,1,52825.68,0
7772,15470566,Fischer,573,Germany,Male,48,5,201437.75,1,1,1,26261.14,0
7773,15932071,Schmidt,653,France,Female,37,0,7029.66,1,0,1,36031.58,0
7774,15150317,Bernard,575,France,Female,57,5,247845.49,2,0,1,64612.53,0
7775,15605271,Dubois,672,France,Male,45,6,49395.81,2,0,1,30015.02,0
7776,15287038,Gomes,714,France,Male,39,2,231863.77,2,1,1,66329.65,0
7777,15839797,Schmidt,789,France,Male,23,6,172577.29,1,1,1,33184.06,0
7778,15981154,Bernard,563,Spain,Female,53,6,181182.86,2,0,1,120628.86,0
7779,15057828,Weber,487,Spain,Female,43,3,185096.35,1,0,1,12862.97,0
7780,15774862,Alves,797,Germany,Male,28,5,56460.74,1,1,0,144328.78,0
7781,15146382,Ferreira,588,France,Female,48,1,136119.98,2,1,0,60891.09,0
7782,15533066,Gomes,523,France,Male,33,5,212040.85,2,1,1,125213.55,0
7783,15054844,Schmidt,822,Spain,Female,58,4,0.0,1,1,1,101280.75,0
7784,15677829,Thomas,778,France,Female,55,6,84111.67,1,1,0,36494.25,1
7785,15140063,Thomas,592,Spain,Female,49,4,246438.27,1,1,1,197881.68,0
7786,15454336,Ferreira,366,France,Female,42,4,238854.86,1,1,1,108445.95,0
7787,15948109,Oliveira,739,France,Female,27,8,0.0,1,1,1,143104.46,0
7788,15397091,Souza,450,Spain,Male,44,8,79180.73,2,0,1,179041.45,0
7789,15192618,Müller,629,France,Female,42,0,0.0,1,1,0,52289.1,1
7790,15009100,Martin,727,Germany,Female,43,4,160328.79,1,1,1,70481.22,1
7791,15954722,Lima,564,Germany,Male,45,2,176944.29,1,1,1,21522.45,0
7792,15586484,Gomes,675,France,Male,55,3,0.0,2,0,0,64072.48,0
7793,15939500,Santos,661,France,Female,33,5,0.0,2,1,1,145899.6,0
7794,15396650,Müller,850,Germany,Male,22,2,122130.28,1,1,1,164817.5,0
7795,15947192,Costa,598,Germany,Male,46,0,47431.26,1,1,1,40052.78,0
7796,15090341,Weber,665,France,Female,56,6,75423.31,2,1,0,115199.79,0
7797,15362762,Meyer,638,Spain,Female,57,5,0.0,1,0,0,23742.45,1
7798,15819321,Fischer,559,France,Male,43,7,0.0,1,1,0,143749.2,0
7799,15687494,Meyer,722,France,Female,60,4,0.0,1,1,1,18421.85,0
7800,15012823,Fischer,533,France,Male,43,8,0.0,2,1,0,167160.13,0
7801,15324959,Weber,593,France,Male,29,5,0.0,1,1,0,60761.16,0
7802,15252698,Schmidt,597,France,Male,47,3,0.0,1,1,0,177186.18,0
7803,15966051,Alves,602,Spain,Female,30,5,156040.27,2,1,0,68859.92,0
7804,15978298,Müller,674,France,Female,32,6,44022.01,2,0,0,60906.3,0
7805,15714574,Meyer,572,France,Male,34,3,3111.77,1,1,1,56856.21,0
7806,15467094,Alves,626,France,Male,40,3,89005.94,2,1,1,85791.15,0
7807,15661857,Weber,710,Germany,Female,34,5,127079.84,1,0,1,125139.73,1
7808,15759271,Santos,667,Spain,Male,20,4,50456.54,4,1,0,76551.55,1
7809,15778537,Oliveira,510,France,Female,33,4,0.0,2,1,0,25017.74,0
7810,15193115,Silva,767,France,Female,20,8,180913.47,2,1,1,100586.92,0
7811,15059863,Souza,565,France,Male,37,0,0.0,1,1,0,70720.15,0
7812,15307584,Robert,655,France,Female,51,5,215336.44,1,0,1,108160.63,1
7813,15574757,Ferreira,748,France,Female,56,7,178924.33,1,1,1,73688.24,1
7814,15115823,Bernard,615,France,Female,55,2,145707.43,1,1,1,82105.55,1
7815,15958699,Alves,750,France,Male,34,2,158214.15,1,1,0,106572.29,0
7816,15148559,Santos,520,Germany,Female,48,3,16598.72,1,0,0,40438.04,1
7817,15447910,Santos,561,France,Male,37,1,140118.28,1,1,1,43938.12,0
7818,15601930,Ferreira,749,Spain,Male,21,5,180533.81,1,0,0,40837.29,0
7819,15355514,Silva,666,Spain,Male,45,5,48046.13,2,1,0,74461.48,0
7820,15812125,Pereira,810,Germany,Female,49,6,87194.78,2,1,0,48710.75,0
7821,15627444,Thomas,536,France,Male,57,1,0.0,1,1,0,129596.08,1
7822,15916641,Souza,581,France,Female,45,4,75384.65,2,1,1,14097.44,0
7823,15787261,Robert,561,France,Male,25,6,0.0,2,1,1,52956.47,0
7824,15519284,Souza,553,Germany,Female,55,6,33359.72,1,0,1,162765.23,1
7825,15469755,Ferreira,763,France,Female,44,1,74851.37,1,1,0,137956.29,1
7826,15170155,Costa,601,Spain,Male,56,0,99573.43,2,1,0,189061.45,0
7827,15015193,Robert,707,Spain,Female,57,6,1980.05,2,1,1,55767.19,0
7828,15123274,Meyer,684,France,Female,35,2,0.0,1,1,0,45306.54,0
7829,15730469,Bernard,685,Germany,Female,19,5,63768.16,1,1,1,61230.46,0
7830,15318148,Thomas,544,France,Male,29,1,0.0,2,1,1,77628.38,0
7831,15180619,Martin,725,France,Female,20,3,0.0,1,1,0,14857.59,0
7832,15347938,Lima,615,France,Female,33,2,209418.25,1,1,0,54205.82,1
7833,15980484,Gomes,751,France,Female,37,6,41084.85,1,1,1,16180.25,0
7834,15323493,Dubois,589,Spain,Male,60,5,199983.91,1,1,1,189911.26,0
7835,15268645,Robert,672,France,Female,57,2,147250.79,2,0,1,199178.26,0
7836,15233787,Fischer,712,France,Female,47,1,46069.21,1,1,1,176569.96,0
7837,15928829,Alves,480,Germany,Female,25,4,0.0,2,1,1,109815.3,0
7838,15243168,Weber,545,Germany,Female,34,2,23138.49,3,0,0,19072.1,1
7839,15401805,Fischer,625,France,Male,46,0,0.0,2,1,0,175332.99,0
7840,15420139,Souza,622,Spain,Male,23,3,93593.66,1,1,1,96729.5,0
7841,15011041,Lima,606,Germany,Male,60,2,0.0,1,1,1,63681.71,0
7842,15221637,Weber,561,France,Female,52,5,214714.29,2,1,1,180949.39,0
7843,15892612,Oliveira,783,France,Male,34,6,28703.49,1,0,1,12069.28,0
7844,15368492,Gomes,668,France,Female,48,2,0.0,3,0,0,190454.19,1
7845,15910742,Bernard,560,Spain,Male,24,2,245243.45,3,1,1,81140.03,1
7846,15945558,Gomes,554,Germany,Female,42,3,0.0,2,1,0,196459.47,0
7847,15602602,Bernard,622,Spain,Male,20,2,68814.86,2,1,0,92912.54,0
7848,15219364,Martin,646,France,Female,20,8,224220.41,1,1,0,50663.62,1
7849,15436362,Martin,699,France,Female,46,2,0.0,2,1,1,181165.19,0
7850,15131563,Alves,576,France,Male,42,1,0.0,1,1,0,142029.51,0
7851,15008966,Thomas,558,France,Male,50,4,0.0,2,1,1,197289.51,0
7852,15325198,Silva,606,Germany,Male,47,4,0.0,1,1,0,103653.89,0
7853,15279860,Gomes,691,Spain,Male,41,5,78177.74,2,0,1,193446.96,0
7854,15933834,Oliveira,737,France,Male,53,8,202923.52,2,1,0,97172.52,0
7855,15027929,Santos,687,France,Female,67,3,66835.43,1,1,1,198722.72,1
7856,15347561,Costa,629,France,Male,57,3,138172.75,1,1,0,172037.41,1
7857,15052997,Lima,609,France,Male,60,3,0.0,2,1,1,73592.3,0
7858,15653063,Meyer,711,France,Male,43,5,168833.17,2,1,0,95285.52,0
7859,15350422,Dubois,536,France,Female,49,5,67027.0,2,0,1,166837.55,0
7860,15752374,Fischer,744,France,Male,25,4,182737.79,2,0,0,140747.56,0
7861,15443068,Robert,604,France,Male,18,3,142891.42,2,1,0,62968.51,0
7862,15788147,Dubois,705,France,Female,51,4,188490.73,3,1,1,145824.16,1
7863,15859335,Lima,520,France,Female,58,6,0.0,1,0,0,79562.94,1
7864,15399400,Fischer,633,Germany,Female,45,5,54789.06,1,1,0,108649.27,1
7865,15434830,Oliveira,511,France,Male,34,6,0.0,2,1,0,171465.43,0
7866,15774894,Martin,610,Spain,Female,26,3,0.0,1,0,1,116292.82,0
7867,15855964,Dubois,679,France,Female,35,7,21616.57,2,0,0,28307.17,0
7868,15943471,Bernard,638,France,Female,37,0,197223.5,2,1,0,23167.51,0
7869,15675240,Pereira,647,France,Male,43,5,0.0,2,0,0,70013.13,0
7870,15902698,Alves,565,France,Female,54,6,208480.37,1,1,1,119970.49,1
7871,15773976,Müller,619,Spain,Female,21,6,200558.21,2,1,1,153363.85,0
7872,15637931,Martin,749,France,Male,50,3,0.0,2,1,1,57978.14,0
7873,15992196,Souza,509,Spain,Male,35,4,0.0,1,0,1,132853.36,0
7874,15761285,Fischer,799,Spain,Female,73,0,0.0,2,1,0,80366.39,1
7875,15218633,Santos,709,Germany,Male,59,6,138411.01,2,0,0,144841.76,1
7876,15637630,Dubois,669,Germany,Male,35,2,0.0,1,1,1,124102.02,0
7877,15359573,Silva,742,Germany,Female,76,4,0.0,1,1,1,14312.87,1
7878,15905954,Dubois,709,France,Female,48,9,42109.38,2,1,0,156443.99,0
7879,15662515,Souza,567,Germany,Male,29,7,38153.25,1,1,1,135928.54,0
7880,15310574,Martin,551,France,Female,50,3,232196.56,1,1,1,174369.88,0
7881,15486284,Fischer,605,France,Female,39,2,87172.09,2,1,0,148914.0,0
7882,15267652,Santos,646,France,Male,44,2,0.0,1,0,1,114028.84,0
7883,15173680,Fischer,815,Germany,Male,61,5,86461.66,2,0,1,88197.53,0
7884,15474341,Oliveira,622,Spain,Male,56,6,0.0,1,0,1,61691.98,0
7885,15522243,Bernard,800,France,Female,37,2,0.0,1,1,1,186953.81,0
7886,15137191,Gomes,522,Spain,Male,38,2,0.0,2,1,1,150853.5,0
7887,15401921,Dubois,669,France,Female,29,3,0.0,1,0,0,185481.58,0
7888,15861378,Silva,489,France,Male,33,4,0.0,1,1,0,46449.73,0
7889,15046606,Souza,396,France,Male,29,7,146887.89,2,0,1,137673.52,0
7890,15499007,Lima,844,France,Male,42,0,159066.75,2,1,1,34152.18,0
7891,15945014,Dubois,731,France,Female,48,5,156077.29,1,0,0,93263.39,1
7892,15608628,Dubois,684,Germany,Male,50,6,0.0,1,1,1,155129.34,0
7893,15761841,Dubois,829,Spain,Male,21,6,235406.66,1,1,1,166649.03,0
7894,15270423,Weber,764,France,Male,33,2,0.0,2,0,0,60886.07,0
7895,15640445,Oliveira,803,France,Female,39,4,53061.2,1,0,1,93183.85,0
7896,15115328,Weber,712,Spain,Male,22,7,76591.31,2,1,1,113819.24,0
7897,15998217,Meyer,781,Germany,Female,38,2,0.0,1,1,0,72906.78,1
7898,15387350,Dubois,559,France,Male,36,9,0.0,1,1,1,61071.27,0
7899,15634391,Alves,556,France,Male,43,2,0.0,1,1,0,173763.99,0
7900,15106287,Lima,697,Spain,Female,55,2,0.0,1,1,0,73858.27,1
7901,15554408,Oliveira,785,Germany,Female,40,6,13469.65,1,1,1,93721.11,0
7902,15782138,Robert,644,France,Female,44,6,32151.37,2,1,1,111699.49,0
7903,15630672,Gomes,821,France,Male,28,0,0.0,1,1,0,94686.12,0
7904,15496680,Silva,350,Spain,Female,53,2,99393.33,2,1,1,174072.37,0
7905,15194989,Schmidt,740,France,Male,23,8,0.0,2,1,0,52958.73,0
7906,15289629,Souza,788,Spain,Male,35,3,212514.29,2,1,0,43373.32,0
7907,15610351,Gomes,657,France,Female,30,0,135766.58,1,1,1,141638.11,0
7908,15318672,Fischer,698,Spain,Female,39,2,0.0,4,1,0,171682.08,1
7909,15480142,Robert,569,France,Male,43,6,18707.65,1,1,1,199224.85,0
7910,15081996,Dubois,551,France,Male,78,7,126776.68,2,1,0,159766.94,1
7911,15626599,Weber,783,Spain,Female,59,2,0.0,2,1,1,91597.28,0
7912,15420095,Müller,600,France,Female,40,2,48837.16,2,1,0,113553.06,0
7913,15047739,Fischer,850,Germany,Male,48,4,109886.14,2,0,0,19003.72,0
7914,15776930,Gomes,567,France,Male,46,6,142068.45,1,1,0,170229.84,0
7915,15506399,Alves,477,France,Female,51,5,0.0,2,1,0,129915.0,0
7916,15552527,Schmidt,553,France,Female,45,3,68849.69,1,1,1,58812.1,0
7917,15842605,Pereira,601,Germany,Female,47,1,119100.31,1,1,0,138967.94,1
7918,15471029,Costa,538,France,Male,45,2,0.0,1,1,0,51111.59,0
7919,15506639,Alves,656,France,Female,47,2,0.0,1,0,0,152053.79,1
7920,15485112,Ferreira,588,France,Male,22,0,0.0,2,0,0,50061.76,0
7921,15060049,Souza,785,Germany,Female,36,8,155596.35,1,0,1,72341.97,1
7922,15733925,Thomas,612,Germany,Male,44,3,46554.4,2,1,1,155996.52,0
7923,15162180,Dubois,600,France,Male,59,6,68412.27,1,0,1,186210.17,0
7924,15255221,Müller,713,France,Male,39,4,0.0,2,1,1,26224.13,0
7925,15044851,Müller,645,Spain,Female,61,8,0.0,1,1,0,152900.54,1
7926,15894530,Souza,500,France,Male,36,2,210700.71,1,1,1,117566.52,0
7927,15625142,Weber,586,Spain,Female,33,2,74618.88,1,1,0,121736.43,0
7928,15715493,Weber,527,Spain,Female,32,0,0.0,2,0,1,51296.24,0
7929,15147932,Bernard,723,Spain,Female,59,6,224932.5,1,1,1,76995.7,1
7930,15023428,Robert,850,France,Male,36,3,65291.0,1,1,1,174131.69,0
7931,15632770,Ferreira,632,Spain,Male,40,7,0.0,2,0,0,51109.04,0
7932,15974010,Schmidt,711,Spain,Male,38,5,0.0,1,0,0,189272.9,0
7933,15414126,Martin,635,Germany,Male,49,5,0.0,1,1,0,89246.61,0
7934,15931527,Müller,648,France,Female,60,4,34857.88,2,1,0,121317.16,0
7935,15451576,Costa,750,France,Male,31,3,113341.9,1,1,1,84642.0,0
7936,15775077,Silva,555,France,Male,51,1,36065.82,1,1,1,95815.83,0
7937,15468927,Thomas,567,Germany,Male,53,4,61781.4,2,1,0,117265.71,0
7938,15130986,Pereira,705,Germany,Male,24,1,0.0,2,1,0,198496.9,0
7939,15553405,Fischer,646,France,Male,46,7,0.0,1,1,1,196024.51,0
7940,15455323,Meyer,681,France,Male,40,6,3376.46,1,1,1,182783.21,0
7941,15693711,Schmidt,738,France,Male,18,5,0.0,3,1,0,13580.06,1
7942,15657378,Weber,556,Germany,Female,49,4,0.0,2,0,1,124683.08,0
7943,15374831,Costa,550,Spain,Male,49,4,0.0,1,1,1,188766.86,0
7944,15774147,Santos,850,France,Male,39,4,0.0,1,1,1,80003.45,0
7945,15362477,Dubois,697,France,Female,20,6,190628.71,2,1,0,111587.11,0
7946,15208801,Müller,770,France,Female,55,2,96526.91,1,1,1,105435.06,0
7947,15149811,Lima,850,Germany,Female,44,4,15275.88,2,1,0,71178.13,0
7948,15561490,Souza,719,Germany,Male,34,6,0.0,2,1,1,53716.39,0
7949,15360801,Thomas,376,Spain,Female,44,4,0.0,2,0,1,48592.42,0
7950,15736699,Thomas,773,France,Female,19,0,205912.44,1,1,0,166350.12,1
7951,15061100,Oliveira,535,Spain,Male,39,2,226560.27,1,0,0,123096.71,0
7952,15116700,Oliveira,720,France,Male,46,5,238286.27,2,1,1,108190.8,0
7953,15896821,Martin,558,Germany,Female,43,8,0.0,1,1,0,37565.83,1
7954,15447207,Bernard,582,France,Female,35,7,0.0,1,1,1,121499.53,0
7955,15089308,Souza,734,Spain,Male,51,6,0.0,3,1,0,27446.92,1
7956,15008196,Oliveira,668,Germany,Male,35,8,71221.81,1,1,1,15731.28,0
7957,15369229,Meyer,638,Germany,Female,48,3,71702.96,2,0,1,142034.07,0
7958,15333207,Fischer,496,Spain,Male,39,0,229508.27,2,1,0,182875.98,0
7959,15613118,Martin,634,France,Female,33,3,89377.54,1,1,0,70751.93,1
7960,15849669,Bernard,850,France,Male,31,5,0.0,2,1,1,125726.6,0
7961,15492495,Bernard,755,Spain,Female,44,3,81419.7,1,0,0,61104.18,1
7962,15819752,Dubois,548,France,Female,40,0,53226.47,2,1,1,58220.18,0
7963,15692937,Santos,674,France,Female,23,4,0.0,2,1,0,66745.05,0
7964,15765012,Souza,632,France,Female,18,2,0.0,1,1,0,160882.24,0
7965,15424143,Oliveira,630,Germany,Male,37,6,61405.49,1,1,0,86246.04,0
7966,15311804,Thomas,508,France,Male,34,1,0.0,2,1,0,169884.21,0
7967,15373437,Meyer,676,France,Male,41,8,195748.4,2,0,1,173187.61,0
7968,15269275,Costa,634,France,Female,32,7,218838.84,3,1,1,96610.51,1
7969,15689810,Schmidt,601,France,Female,45,7,0.0,2,1,0,108825.77,0
7970,15281713,Robert,770,Spain,Female,69,6,88983.76,1,1,0,98040.91,1
7971,15185790,Martin,511,Spain,Female,48,5,0.0,1,1,0,44673.75,0
7972,15405714,Gomes,694,Germany,Male,51,0,94234.04,2,1,1,140961.88,0
7973,15961883,Gomes,681,France,Female,41,5,79267.09,1,0,1,176674.09,0
7974,15119411,Santos,434,Spain,Male,54,6,0.0,2,1,1,142946.09,0
7975,15286859,Silva,775,Germany,Male,32,2,223631.44,2,1,1,189555.44,0
7976,15796330,Costa,684,France,Female,51,5,20910.97,2,1,0,120990.75,0
7977,15955471,Pereira,590,Spain,Male,53,4,0.0,1,1,0,129252.29,0
7978,15832665,Santos,646,Spain,Female,33,4,0.0,2,1,0,194231.03,0
7979,15549126,Müller,768,Germany,Female,32,2,111018.28,1,1,0,128714.16,1
7980,15627485,Souza,700,Germany,Male,79,6,108788.91,1,1,0,195936.49,1
7981,15480636,Oliveira,713,France,Male,46,7,30788.73,2,0,0,134786.33,0
7982,15156369,Müller,679,France,Female,36,6,218102.17,2,1,0,101922.89,0
7983,15858774,Meyer,646,Germany,Male,60,3,9386.42,1,0,0,106065.37,1
7984,15274367,Souza,614,France,Female,37,9,93426.22,2,0,0,94465.74,0
7985,15391451,Weber,649,France,Male,30,3,237845.87,1,1,1,32587.88,0
7986,15140187,Oliveira,538,Spain,Male,42,2,69308.39,2,1,0,16983.66,0
7987,15332134,Silva,629,Spain,Female,50,8,0.0,2,0,0,173285.5,0
7988,15209744,Silva,733,France,Male,59,6,136717.62,2,1,1,128211.29,0
7989,15833141,Gomes,624,Spain,Male,35,6,0.0,1,1,0,175089.82,0
7990,15620483,Costa,614,Spain,Female,60,1,241644.85,1,1,1,46885.88,1
7991,15561641,Souza,850,Germany,Female,39,2,135208.68,1,1,1,143983.03,1
7992,15168341,Souza,659,France,Male,45,0,0.0,1,1,1,182760.54,0
7993,15575056,Souza,783,France,Female,34,6,0.0,1,1,0,43766.06,0
7994,15699721,Robert,780,France,Male,31,3,127853.48,2,1,1,66767.24,0
7995,15699316,Oliveira,631,France,Male,57,2,0.0,2,1,0,96422.74,0
7996,15771353,Gomes,654,France,Male,40,2,228275.22,1,1,0,55576.49,0
7997,15381808,Martin,700,France,Male,52,5,0.0,2,1,0,165901.74,0
7998,15104682,Weber,717,France,Male,36,4,0.0,2,1,0,128477.86,0
7999,15410649,Silva,623,Spain,Male,30,8,79295.23,2,1,1,36144.54,0
8000,15424747,Lima,492,France,Male,30,3,0.0,1,1,1,16169.95,0
8001,15118583,Alves,665,Germany,Male,43,6,0.0,1,0,0,169317.93,0
8002,15112647,Bernard,710,Germany,Female,33,4,67086.26,2,1,0,22299.38,0
8003,15818021,Silva,736,France,Male,50,5,0.0,1,0,0,49785.86,0
8004,15214284,Meyer,742,Spain,Male,48,2,25030.71,1,0,1,135762.75,0
8005,15797959,Fischer,741,Germany,Male,36,6,65418.7,2,1,0,157717.89,0
8006,15738545,Ferreira,850,France,Female,31,1,152116.13,4,1,0,183011.61,1
8007,15182576,Bernard,649,Spain,Female,39,5,88318.72,1,1,0,28805.84,0
8008,15796563,Dubois,727,France,Male,70,4,0.0,2,1,1,197219.6,0
8009,15433600,Pereira,682,Germany,Male,32,2,208770.91,2,1,0,69354.26,0
8010,15692436,Pereira,554,France,Female,33,4,26751.17,1,0,1,34957.59,0
8011,15250227,Thomas,608,Spain,Male,35,6,0.0,1,1,0,112041.77,0
8012,15312218,Thomas,636,France,Male,41,2,0.0,1,0,0,197374.58,0
8013,15033916,Oliveira,675,Germany,Male,49,2,94287.46,1,0,0,99488.46,1
8014,15562025,Müller,641,France,Male,52,4,0.0,1,1,1,169469.66,0
8015,15130602,Martin,610,Germany,Female,55,5,0.0,2,1,1,60600.71,0
8016,15418886,Souza,825,Spain,Male,32,4,75717.83,1,0,0,47817.76,0
8017,15306094,Fischer,630,France,Male,32,3,79376.08,2,1,1,17986.44,0
8018,15923960,Schmidt,741,Germany,Male,43,1,33046.4,2,1,0,66548.5,0
8019,15854854,Oliveira,675,France,Female,54,0,95960.45,3,1,1,74790.32,1
8020,15134566,Gomes,662,Spain,Female,36,0,230031.07,2,1,1,61241.01,0
8021,15432122,Oliveira,659,France,Male,36,7,0.0,2,0,0,49947.9,0
8022,15521736,Souza,463,Spain,Female,55,2,212338.58,2,1,1,161337.14,0
8023,15585796,Pereira,505,Spain,Male,33,3,188664.3,1,0,1,122437.59,0
8024,15064740,Thomas,818,France,Male,43,9,84419.98,2,1,1,65503.38,0
8025,15744816,Souza,473,France,Male,58,8,0.0,1,0,0,160199.63,1
8026,15272850,Müller,611,France,Male,58,0,140492.28,2,1,1,58043.46,0
8027,15132669,Silva,587,Spain,Female,38,4,0.0,2,1,0,52938.93,0
8028,15850034,Costa,710,France,Male,33,5,78393.65,1,1,0,160396.8,0
8029,15367612,Silva,449,Germany,Male,35,1,71732.02,2,1,0,196004.35,0
8030,15243490,Robert,819,Spain,Male,60,6,0.0,1,0,1,191496.4,0
8031,15944484,Fischer,780,France,Male,74,9,127183.07,1,1,1,154569.85,1
8032,15449860,Silva,850,Germany,Male,57,4,70919.52,2,0,0,196223.18,0
8033,15729431,Dubois,766,France,Male,44,4,79005.96,1,1,1,163281.33,0
8034,15311179,Bernard,469,France,Female,28,5,0.0,2,1,0,44942.02,0
8035,15242397,Müller,538,Spain,Male,45,6,0.0,1,1,0,195934.37,0
8036,15284856,Gomes,521,France,Male,34,6,0.0,1,1,0,168113.75,0
8037,15364269,Dubois,376,France,Male,49,1,0.0,2,0,1,69797.28,0
8038,15042033,Silva,683,Spain,Male,50,6,69104.37,1,0,0,134521.16,0
8039,15184317,Dubois,708,France,Male,49,6,0.0,2,1,0,13028.45,0
8040,15217645,Souza,744,Spain,Male,79,0,0.0,2,1,0,135820.96,0
8041,15712330,Meyer,412,Spain,Male,25,0,118107.73,2,0,0,136165.41,0
8042,15231506,Ferreira,597,France,Male,41,4,0.0,2,0,0,151285.08,0
8043,15865047,Müller,606,France,Female,32,4,0.0,1,1,0,174659.04,0
8044,15647459,Pereira,602,Germany,Female,48,8,0.0,2,1,0,105545.17,0
8045,15882097,Meyer,537,France,Male,44,3,73795.02,2,1,1,178512.21,0
8046,15606298,Martin,692,France,Male,29,5,28722.68,2,1,1,190858.17,0
8047,15325230,Robert,593,Germany,Male,31,4,0.0,1,1,0,67432.7,0
8048,15967407,Bernard,586,France,Female,35,4,0.0,2,1,0,159801.75,0
8049,15966921,Müller,567,Spain,Female,25,5,216137.15,1,1,1,51813.64,0
8050,15424297,Souza,843,France,Male,43,4,0.0,1,1,0,86951.14,0
8051,15087051,Thomas,567,France,Female,31,0,216102.49,1,1,1,32951.89,0
8052,15485200,Schmidt,610,France,Male,40,6,136110.46,2,1,1,125191.28,0
8053,15891270,Müller,513,Spain,Male,31,2,9895.91,1,1,1,130626.36,0
8054,15036087,Martin,798,Germany,Male,42,2,9872.56,1,1,0,49968.2,1
8055,15091308,Ferreira,680,Spain,Female,49,5,115672.07,1,1,0,119601.32,1
8056,15655003,Pereira,832,France,Male,37,4,0.0,1,0,1,175285.16,0
8057,15362939,Robert,799,France,Male,49,5,0.0,1,0,1,79234.44,0
8058,15251217,Lima,808,France,Female,54,4,72425.66,2,1,0,79888.86,0
8059,15947615,Oliveira,690,France,Female,19,4,84267.56,2,1,0,188184.33,0
8060,15394692,Alves,486,Germany,Female,42,4,206612.04,1,0,0,104284.78,1
8061,15158126,Silva,545,Germany,Female,37,2,0.0,1,1,0,169423.86,1
8062,15166725,Fischer,555,France,Male,25,8,192730.25,2,0,1,182350.45,0
8063,15739659,Meyer,641,Spain,Male,49,5,120659.1,2,1,0,105384.4,0
8064,15506336,Pereira,595,France,Male,35,3,0.0,2,1,0,178306.66,0
8065,15599526,Gomes,695,Spain,Male,56,5,0.0,1,1,0,163121.19,0
8066,15295877,Weber,760,France,Male,20,7,105308.23,2,1,1,67943.6,0
8067,15960154,Pereira,656,France,Female,22,3,234655.56,2,1,0,47234.23,0
8068,15473866,Lima,645,France,Male,47,3,0.0,2,1,0,123602.38,0
8069,15733186,Gomes,633,France,Male,49,4,0.0,2,1,1,105662.74,0
8070,15255738,Martin,766,Germany,Male,42,2,87508.26,1,1,0,162669.37,1
8071,15825811,Meyer,689,France,Male,33,6,0.0,2,1,0,182561.34,0
8072,15744421,Lima,713,France,Male,58,5,23098.01,3,1,1,140162.14,1
8073,15446464,Schmidt,591,Germany,Male,74,1,0.0,1,1,0,197588.28,1
8074,15363005,Alves,719,Germany,Male,45,9,0.0,2,1,0,59129.7,0
8075,15859896,Gomes,738,Spain,Female,41,5,0.0,2,1,1,61939.63,0
8076,15882777,Robert,574,France,Male,45,7,81899.04,2,1,1,20382.8,0
8077,15880656,Pereira,688,Germany,Male,20,4,168087.04,2,0,0,43407.26,0
8078,15529608,Costa,697,Germany,Female,36,5,57422.54,1,1,0,144152.99,1
8079,15053125,Bernard,678,France,Female,23,4,0.0,1,1,1,107003.28,0
8080,15533026,Martin,692,France,Male,79,4,83959.41,1,0,0,81638.33,1
8081,15473062,Oliveira,593,France,Female,36,2,163044.27,1,1,0,156045.65,1
8082,15584886,Thomas,590,France,Male,46,8,76768.3,1,1,0,145005.15,0
8083,15807901,Pereira,746,France,Male,32,2,197750.97,1,0,0,30169.27,0
8084,15013733,Silva,591,France,Male,50,4,28460.41,1,0,0,145244.15,0
8085,15802862,Robert,582,Germany,Male,39,1,222251.19,1,1,0,95535.21,1
8086,15344170,Alves,577,Germany,Female,54,9,89266.17,1,1,0,46792.02,1
8087,15451896,Martin,744,Spain,Female,30,4,65096.97,1,1,1,132520.28,0
8088,15922006,Schmidt,741,Germany,Female,58,6,0.0,1,1,1,37172.75,1
8089,15871637,Costa,762,France,Female,57,5,87652.87,2,0,1,198499.18,0
8090,15408570,Bernard,617,Spain,Female,48,6,0.0,2,1,0,177593.87,0
8091,15257577,Bernard,524,Spain,Male,29,4,0.0,1,0,0,56021.11,0
8092,15498248,Bernard,589,France,Male,34,4,61522.44,2,1,0,123049.88,0
8093,15421233,Dubois,570,Germany,Female,52,4,77147.17,2,0,0,190943.59,1
8094,15841344,Robert,566,Spain,Female,27,0,79867.1,1,1,1,178754.14,0
8095,15694815,Thomas,608,Germany,Male,24,3,69364.97,2,0,0,81730.14,0
8096,15546280,Fischer,596,Spain,Male,50,8,186431.31,3,1,1,128602.89,1
8097,15867801,Meyer,597,France,Female,31,5,169245.33,1,1,1,147591.02,0
8098,15515550,Santos,688,France,Male,38,7,127514.86,1,1,1,35725.92,0
8099,15044321,Ferreira,535,France,Female,41,2,158726.69,2,1,1,107875.19,0
8100,15887897,Santos,632,Germany,Female,36,4,62363.33,2,1,1,151307.8,0
8101,15079648,Robert,538,Spain,Female,19,0,0.0,1,1,0,17879.09,0
8102,15555896,Costa,622,Spain,Male,44,5,0.0,2,1,0,51300.82,0
8103,15175105,Alves,583,France,Female,34,6,100992.53,2,1,1,100933.59,0
8104,15680522,Robert,619,France,Female,42,6,0.0,1,1,0,137648.33,1
8105,15422270,Müller,671,Spain,Female,23,1,104780.14,2,1,0,198575.78,0
8106,15079952,Robert,683,Germany,Male,50,2,0.0,2,0,0,178845.61,0
8107,15337796,Weber,487,France,Female,38,5,0.0,1,1,0,146812.37,1
8108,15024902,Gomes,674,France,Female,32,6,0.0,1,1,0,68632.66,0
8109,15404486,Costa,491,Germany,Female,34,3,130396.38,2,1,0,193186.09,1
8110,15727149,Müller,840,Spain,Female,23,4,34881.7,1,1,1,151815.28,0
8111,15885447,Robert,385,France,Male,55,3,170194.33,1,0,1,139105.98,0
8112,15021363,Bernard,638,France,Female,36,0,125089.31,1,1,1,174126.17,0
8113,15354824,Fischer,517,Spain,Female,46,5,50973.04,2,1,1,115658.6,0
8114,15162732,Martin,630,Germany,Male,74,5,156424.2,1,1,0,102404.96,1
8115,15428760,Meyer,533,France,Female,50,3,185180.7,1,0,0,16639.83,1
8116,15497243,Santos,737,France,Female,39,5,219326.74,2,0,1,116322.73,0
8117,15240499,Costa,638,Germany,Female,34,2,0.0,1,1,1,153790.13,0
8118,15171234,Alves,447,France,Male,71,6,105959.44,1,0,1,23917.11,1
8119,15135760,Meyer,646,France,Male,41,4,0.0,1,1,1,183201.98,0
8120,15367713,Dubois,680,Germany,Male,47,7,102417.89,2,1,1,150159.41,0
8121,15046613,Thomas,698,France,Male,36,4,0.0,1,0,0,132483.13,0
8122,15444647,Thomas,550,Germany,Male,57,2,0.0,1,0,1,177589.47,0
8123,15603946,Lima,677,France,Male,47,6,97614.23,2,1,0,54967.26,0
8124,15217107,Costa,629,Germany,Male,36,6,157530.08,1,1,1,117680.61,0
8125,15223280,Gomes,628,France,Female,48,1,0.0,2,0,0,114953.55,0
8126,15075363,Alves,660,France,Female,37,0,0.0,2,1,0,33810.86,0
8127,15719339,Alves,554,France,Male,20,2,159995.77,2,1,0,90054.69,0
8128,15595633,Alves,543,Spain,Male,58,6,189076.9,1,1,0,172699.64,1
8129,15316786,Fischer,669,Spain,Male,22,3,1416.72,1,1,0,173880.87,0
8130,15656187,Alves,672,France,Male,50,4,86991.69,2,1,0,170755.85,0
8131,15263226,Oliveira,579,Spain,Male,32,5,0.0,1,1,1,27879.65,0
8132,15163603,Oliveira,660,Germany,Female,31,6,74676.24,2,1,1,66985.94,0
8133,15999129,Oliveira,814,Spain,Female,41,6,0.0,1,1,0,141693.43,0
8134,15969049,Souza,850,France,Male,68,4,0.0,1,1,0,15809.03,1
8135,15078575,Weber,620,Germany,Female,40,4,0.0,2,1,0,62596.08,0
8136,15672880,Pereira,648,France,Male,38,2,0.0,2,1,1,71423.48,0
8137,15746243,Ferreira,615,France,Male,49,5,0.0,2,1,1,176110.54,0
8138,15158695,Müller,608,Spain,Male,31,4,108843.62,1,1,0,198305.78,0
8139,15033573,Pereira,850,Germany,Female,30,3,106571.44,2,1,1,89769.69,0
8140,15281751,Weber,521,France,Male,22,4,0.0,1,1,1,130793.45,0
8141,15216981,Müller,567,France,Female,27,6,237559.07,2,1,1,116627.44,0
8142,15886765,Bernard,556,Germany,Female,40,5,223366.83,1,1,0,194662.04,1
8143,15979678,Bernard,729,Germany,Male,38,4,0.0,2,0,0,182164.65,0
8144,15577783,Gomes,711,France,Female,35,3,74290.04,2,1,0,102191.44,0
8145,15164067,Dubois,665,Spain,Female,55,5,0.0,1,1,1,129993.11,0
8146,15314736,Dubois,657,France,Female,29,5,52209.64,1,1,1,15470.46,0
8147,15115190,Dubois,640,France,Male,53,4,0.0,2,0,1,92521.42,0
8148,15943108,Bernard,631,Spain,Female,43,2,114630.72,2,1,0,101998.07,0
8149,15268886,Schmidt,433,France,Male,27,2,173099.16,1,1,1,14301.55,0
8150,15581531,Fischer,670,France,Male,78,3,0.0,2,1,0,38446.31,0
8151,15031270,Meyer,686,Germany,Male,31,7,28610.96,2,1,0,113819.87,0
8152,15371876,Robert,602,Spain,Male,34,6,0.0,1,1,0,156028.88,0
8153,15248444,Pereira,727,France,Female,36,7,0.0,2,1,1,182210.44,0
8154,15702110,Souza,515,Spain,Female,50,6,0.0,2,1,1,27731.1,0
8155,15611283,Fischer,578,Spain,Female,44,4,0.0,1,0,1,90469.48,0
8156,15843866,Meyer,689,France,Female,29,4,213270.15,1,1,0,145579.23,1
8157,15224080,Souza,596,Germany,Male,19,2,129935.37,2,1,1,151919.37,0
8158,15959668,Pereira,777,France,Female,42,6,6376.64,1,1,1,26529.21,0
8159,15093586,Costa,744,France,Female,39,4,0.0,1,1,1,77779.38,0
8160,15701749,Meyer,736,Spain,Male,26,2,0.0,2,1,0,32125.86,0
8161,15266262,Pereira,710,Spain,Male,45,1,86316.82,1,1,1,121046.18,0
8162,15275890,Oliveira,704,France,Male,58,5,0.0,2,1,0,112389.32,0
8163,15379526,Robert,439,France,Male,31,4,119462.23,1,0,1,12631.98,0
8164,15690832,Santos,601,France,Male,31,0,0.0,1,1,1,83903.17,0
8165,15585804,Alves,574,France,Male,59,6,0.0,2,1,0,63104.69,0
8166,15812502,Robert,429,France,Female,26,5,0.0,2,0,0,164963.41,0
8167,15940563,Santos,551,France,Male,44,0,196409.02,2,1,1,185297.32,0
8168,15901982,Fischer,588,Germany,Male,68,3,116356.97,2,1,1,84228.16,0
8169,15394574,Fischer,697,France,Female,58,6,28168.91,1,1,0,56885.45,1
8170,15015682,Pereira,682,France,Female,23,1,198404.09,1,1,0,160208.32,1
8171,15883414,Costa,612,Spain,Male,34,6,0.0,1,1,1,196488.27,0
8172,15918077,Souza,720,Spain,Male,19,4,0.0,1,1,0,71994.89,0
8173,15558544,Silva,639,France,Female,61,6,84964.12,2,0,0,20938.75,1
8174,15330964,Schmidt,542,France,Female,77,6,82403.02,2,1,1,148375.87,0
8175,15976433,Müller,628,Germany,Male,34,6,10676.19,1,1,1,149428.66,0
8176,15957729,Silva,500,France,Male,44,1,68716.9,1,1,0,74466.28,0
8177,15803406,Alves,774,France,Female,60,4,116793.87,2,1,1,117798.52,0
8178,15857677,Robert,680,Germany,Female,39,3,26442.94,2,1,0,26972.28,0
8179,15145221,Martin,723,France,Male,33,4,139470.24,2,1,0,138667.38,0
8180,15139577,Gomes,614,France,Female,25,8,245646.66,2,1,1,145352.79,0
8181,15253534,Pereira,693,France,Male,37,2,59495.51,2,1,1,50091.82,0
8182,15388026,Pereira,614,France,Female,56,6,88583.34,2,0,0,160967.63,0
8183,15490151,Alves,672,France,Female,55,9,146495.35,2,1,1,17673.35,0
8184,15746545,Schmidt,668,Spain,Female,18,9,165225.49,2,1,1,165311.71,0
8185,15149830,Schmidt,510,France,Female,32,6,102197.01,1,1,1,174594.3,0
8186,15360458,Weber,649,France,Female,36,4,74214.25,2,0,0,22903.67,0
8187,15592080,Fischer,587,France,Female,51,2,128104.31,1,1,1,178168.53,1
8188,15365675,Dubois,685,Spain,Male,44,5,239.05,1,1,0,148817.7,0
8189,15216738,Meyer,764,Germany,Female,42,5,81976.53,2,0,1,74300.99,0
8190,15240081,Souza,796,France,Male,43,3,125659.48,2,0,0,17067.67,0
8191,15928762,Santos,850,Spain,Female,25,5,0.0,1,1,1,189817.74,0
8192,15272005,Pereira,592,France,Male,48,2,115987.05,2,1,0,83171.88,0
8193,15711977,Martin,724,France,Female,78,5,68791.1,3,0,1,134801.07,1
8194,15742369,Gomes,835,France,Female,23,7,0.0,2,1,0,57991.29,0
8195,15262496,Bernard,785,France,Male,44,4,3273.59,1,0,0,189583.98,0
8196,15213343,Costa,588,France,Male,37,6,216491.2,2,0,1,48108.43,0
8197,15445471,Silva,649,Germany,Male,44,5,106440.97,2,1,1,49193.2,0
8198,15648707,Gomes,648,France,Male,45,0,66670.13,2,1,0,176024.08,0
8199,15015655,Robert,678,Germany,Male,50,2,0.0,2,1,0,28300.28,0
8200,15168246,Pereira,818,France,Female,52,6,202300.76,1,0,0,171226.1,1
8201,15414222,Fischer,755,France,Male,36,0,0.0,2,1,1,41759.69,0
8202,15131455,Dubois,580,France,Male,49,8,104190.84,1,1,0,142933.19,0
8203,15726839,Pereira,721,Spain,Male,24,7,0.0,2,1,1,81816.98,0
8204,15878474,Souza,709,France,Male,55,3,52269.37,1,1,0,76611.92,1
8205,15462769,Costa,803,Germany,Female,32,3,235200.97,2,1,1,154152.85,0
8206,15026041,Thomas,711,France,Female,58,5,0.0,2,1,0,146281.82,0
8207,15819504,Santos,615,France,Male,35,5,50612.72,2,0,0,78794.64,0
8208,15019394,Schmidt,770,France,Male,28,1,0.0,2,1,1,37585.37,0
8209,15388066,Martin,850,France,Male,25,2,0.0,2,0,1,80084.89,0
8210,15295077,Müller,621,France,Male,69,5,0.0,1,1,0,133121.1,1
8211,15830881,Schmidt,550,France,Female,33,6,0.0,1,1,0,11854.86,0
8212,15068038,Thomas,646,Spain,Female,24,2,58676.48,1,1,0,173180.27,0
8213,15703143,Martin,728,France,Female,23,5,218198.3,2,1,1,190520.17,0
8214,15745621,Weber,582,Germany,Male,34,7,52198.29,1,1,1,176889.22,0
8215,15906122,Schmidt,706,France,Male,24,2,99587.63,2,1,1,133487.69,0
8216,15552873,Santos,616,Germany,Female,50,4,18912.4,1,0,0,97678.91,1
8217,15890025,Schmidt,457,Germany,Male,34,6,0.0,2,1,1,26309.52,0
8218,15132763,Bernard,599,France,Female,44,3,213351.35,3,1,1,147730.48,1
8219,15265400,Martin,644,France,Female,21,3,0.0,2,0,1,86271.33,0
8220,15810486,Robert,834,Germany,Male,31,6,90733.46,1,1,1,66025.11,0
8221,15024605,Alves,561,Spain,Female,42,3,237494.85,1,1,0,73844.73,1
8222,15892611,Silva,604,France,Male,27,5,0.0,2,1,0,17091.69,0
8223,15661062,Ferreira,646,France,Male,36,2,216494.64,2,1,1,114373.8,0
8224,15236503,Costa,698,Spain,Male,38,4,154395.15,2,1,0,155206.31,0
8225,15759379,Lima,644,France,Female,31,3,63165.01,1,0,1,166310.97,0
8226,15110392,Dubois,764,Germany,Male,49,9,45548.97,1,1,0,167070.49,1
8227,15112238,Martin,507,France,Male,43,5,59035.13,1,0,1,25281.84,0
8228,15151968,Oliveira,850,France,Male,43,5,178437.95,1,1,0,187090.51,0
8229,15399899,Martin,658,Germany,Male,30,2,84846.15,1,0,0,174115.02,0
8230,15734447,Martin,599,Germany,Female,39,9,75384.0,2,1,0,32903.94,0
8231,15722542,Thomas,552,France,Female,33,0,15446.99,1,1,1,26194.4,0
8232,15852158,Alves,529,France,Male,42,1,0.0,2,1,1,175762.51,0
8233,15608113,Oliveira,607,Spain,Male,34,1,0.0,2,1,0,187941.97,0
8234,15493215,Pereira,627,Germany,Female,31,7,68740.53,1,0,0,112187.72,1
8235,15336682,Dubois,698,France,Female,51,6,67432.25,1,1,0,94465.23,1
8236,15897366,Martin,609,Germany,Male,23,8,0.0,1,1,1,143715.36,0
8237,15190351,Oliveira,616,Germany,Female,65,1,62006.33,1,1,0,143775.19,1
8238,15389648,Lima,731,Spain,Female,26,5,96661.35,2,0,1,140854.31,0
8239,15074876,Costa,525,Germany,Female,57,4,68944.38,1,0,0,179513.66,1
8240,15996402,Oliveira,706,France,Female,35,5,63190.25,2,1,1,122068.98,0
8241,15628662,Thomas,803,Germany,Male,54,4,11709.59,1,0,1,57574.11,0
8242,15545284,Costa,634,Germany,Female,22,5,0.0,3,1,1,157079.39,1
8243,15530922,Souza,583,France,Female,40,7,0.0,1,1,0,127293.81,0
8244,15722302,Schmidt,656,France,Female,32,5,0.0,1,0,0,138471.45,0
8245,15216733,Robert,615,France,Female,68,7,143875.11,1,1,1,115879.4,1
8246,15783376,Meyer,556,Germany,Male,63,6,91655.81,1,1,0,117246.95,1
8247,15972384,Silva,732,France,Female,35,6,234892.25,1,0,0,101225.34,1
8248,15582266,Pereira,474,Germany,Male,48,5,124867.39,1,0,1,72091.34,0
8249,15239077,Santos,585,Spain,Female,48,4,0.0,2,1,1,52587.79,0
8250,15849526,Dubois,445,Spain,Female,24,1,242405.94,1,1,0,45685.59,1
8251,15476355,Bernard,467,Spain,Female,28,6,195366.19,1,0,0,190206.2,1
8252,15424817,Schmidt,509,Spain,Female,72,2,244499.57,2,1,1,190863.76,0
8253,15693291,Lima,772,France,Male,31,0,136231.35,1,1,1,185757.85,0
8254,15507847,Schmidt,647,Germany,Male,27,4,0.0,1,1,0,181970.46,0
8255,15615984,Müller,781,France,Male,35,5,73853.86,4,1,1,30730.75,1
8256,15352332,Lima,667,Spain,Female,38,5,92012.15,1,1,0,86607.55,0
8257,15672226,Pereira,670,France,Female,46,5,201758.33,2,1,1,181583.22,0
8258,15160989,Bernard,513,Spain,Female,36,5,0.0,2,1,1,53274.52,0
8259,15297643,Martin,564,Germany,Male,35,6,7050.79,1,1,0,184310.73,0
8260,15431779,Martin,795,Spain,Female,27,6,90775.6,1,0,1,195137.01,0
8261,15553042,Pereira,697,France,Female,38,6,0.0,1,0,1,186584.05,0
8262,15354178,Oliveira,767,France,Female,29,4,0.0,1,0,0,106402.73,0
8263,15235216,Thomas,676,Spain,Female,59,1,60287.2,4,1,1,127757.1,1
8264,15084134,Ferreira,625,France,Male,36,5,25399.11,1,1,0,185116.15,0
8265,15897490,Schmidt,739,Spain,Male,46,2,0.0,2,1,1,140182.05,0
8266,15231047,Bernard,751,France,Male,32,6,0.0,2,1,0,190642.11,0
8267,15316939,Costa,544,Germany,Male,33,6,191599.28,2,1,1,117075.94,0
8268,15237150,Robert,731,France,Male,31,6,73870.34,2,1,0,129770.59,0
8269,15283297,Martin,652,Germany,Female,48,3,0.0,2,1,0,86003.68,0
8270,15870904,Schmidt,666,Germany,Male,57,5,0.0,2,0,1,57984.74,0
8271,15145948,Alves,782,France,Female,31,4,236377.38,2,1,1,14866.46,0
8272,15879040,Thomas,682,France,Female,39,3,14583.65,1,0,0,60796.41,1
8273,15725616,Costa,576,France,Male,45,6,25568.37,2,1,1,80093.13,0
8274,15282184,Bernard,668,Germany,Male,36,4,77499.33,1,1,1,142770.96,0
8275,15779082,Costa,750,Germany,Male,50,2,0.0,2,1,0,91826.37,0
8276,15701097,Robert,657,Germany,Male,21,3,56625.17,2,0,1,47736.49,0
8277,15628063,Pereira,673,Germany,Female,44,2,0.0,2,0,0,68022.8,0
8278,15290889,Schmidt,720,France,Female,50,3,160442.91,1,1,1,78291.44,0
8279,15237686,Schmidt,715,France,Female,23,2,72672.61,1,1,1,67243.72,0
8280,15602756,Meyer,850,France,Male,43,3,147734.95,1,1,1,30574.43,0
8281,15366117,Schmidt,611,France,Male,40,5,35516.8,1,1,0,66926.58,0
8282,15259246,Lima,609,Spain,Female,37,8,134451.43,1,1,1,78998.14,0
8283,15167798,Oliveira,754,Spain,Female,40,2,94229.08,2,1,0,181532.05,0
8284,15643108,Dubois,757,France,Male,44,3,0.0,2,1,0,28139.09,0
8285,15783861,Thomas,581,Germany,Male,19,0,80176.69,2,1,0,13646.15,0
8286,15741950,Weber,692,Spain,Male,74,2,0.0,2,1,0,147830.76,0
8287,15613591,Robert,577,France,Female,47,4,5511.07,2,1,0,75438.75,0
8288,15887095,Costa,783,France,Male,27,4,78427.24,1,0,1,174205.97,0
8289,15374811,Robert,702,France,Male,51,3,0.0,2,1,1,60807.4,0
8290,15141004,Weber,598,Germany,Female,31,2,0.0,1,1,1,68941.97,0
8291,15354317,Meyer,532,Spain,Male,43,5,170105.63,2,0,1,178722.36,0
8292,15039389,Costa,503,Germany,Female,33,4,0.0,2,0,0,99987.06,0
8293,15001378,Pereira,654,France,Female,42,4,226567.51,2,0,1,12314.4,0
8294,15337526,Oliveira,766,France,Male,50,7,64881.83,2,1,0,60653.17,0
8295,15560420,Thomas,553,Spain,Male,42,5,79592.05,1,0,0,150309.64,0
8296,15705039,Silva,766,Spain,Male,34,3,32149.35,1,1,0,139960.9,0
8297,15670294,Meyer,721,Germany,Female,40,2,181334.84,2,1,0,194807.61,0
8298,15614178,Souza,737,Germany,Male,38,4,74916.91,2,1,1,191627.62,0
8299,15022919,Costa,556,France,Female,23,6,0.0,1,1,1,163803.71,0
8300,15578117,Alves,684,Spain,Male,39,8,8072.55,1,1,0,157753.08,0
8301,15745114,Santos,576,Spain,Male,41,3,0.0,2,1,1,92517.58,0
8302,15119760,Schmidt,702,France,Female,55,2,153960.86,3,0,1,36066.31,1
8303,15346102,Schmidt,713,Germany,Female,38,7,0.0,2,0,1,182004.1,0
8304,15057707,Souza,650,France,Male,39,2,0.0,1,1,1,167265.95,0
8305,15107087,Ferreira,850,France,Female,57,3,121973.88,1,1,1,119521.26,1
8306,15898252,Lima,685,France,Male,60,2,42130.03,2,1,0,191656.26,0
8307,15235473,Pereira,780,France,Male,35,5,0.0,2,0,0,187101.55,0
8308,15924584,Thomas,619,France,Male,27,4,21039.25,1,1,1,132444.71,0
8309,15887123,Gomes,657,France,Male,50,3,0.0,1,0,1,86869.11,0
8310,15877927,Ferreira,511,Germany,Female,58,6,241200.83,2,0,1,158883.13,0
8311,15479833,Pereira,745,France,Female,24,5,0.0,1,1,1,150943.89,0
8312,15463574,Silva,610,France,Male,43,9,0.0,1,0,0,150185.45,0
8313,15814149,Meyer,497,France,Male,48,3,0.0,2,1,1,69941.25,0
8314,15955884,Fischer,625,Germany,Female,37,6,38743.72,3,0,1,117582.45,1
8315,15881100,Weber,660,France,Male,47,3,50560.16,2,1,0,49770.21,0
8316,15380605,Schmidt,746,France,Male,40,0,0.0,1,1,0,184246.53,0
8317,15947352,Fischer,612,Spain,Female,41,2,28359.38,1,1,1,100071.98,0
8318,15132517,Bernard,759,Germany,Male,46,4,46695.85,1,1,1,192794.33,0
8319,15432125,Fischer,657,Spain,Male,34,6,138228.71,1,0,0,183748.9,0
8320,15747294,Martin,669,France,Female,43,1,56879.73,1,1,0,169708.54,1
8321,15426490,Schmidt,530,France,Female,45,6,45349.59,1,0,1,121391.33,0
8322,15974840,Santos,687,Germany,Male,61,6,0.0,2,1,1,141956.31,0
8323,15019594,Fischer,712,France,Male,33,0,0.0,2,1,1,127303.29,0
8324,15887998,Pereira,690,France,Female,26,1,199059.88,1,1,0,26431.03,1
8325,15956282,Dubois,632,France,Female,72,1,202581.09,1,1,0,125474.01,1
8326,15440433,Costa,594,Spain,Female,46,5,37596.48,2,1,0,44034.71,0
8327,15217419,Silva,383,France,Male,75,5,211700.12,1,0,0,136917.79,1
8328,15371190,Martin,795,Spain,Female,26,3,0.0,1,1,1,150979.37,0
8329,15244813,Alves,637,Spain,Female,36,1,220942.18,1,1,0,127339.46,1
8330,15839441,Martin,625,France,Male,23,3,83429.95,2,1,1,196612.98,0
8331,15976633,Martin,604,Germany,Male,55,5,0.0,2,0,1,57392.72,0
8332,15861251,Robert,645,Germany,Male,54,1,0.0,2,0,0,137252.79,0
8333,15232197,Dubois,813,Spain,Female,47,6,226389.43,1,1,0,80843.08,1
8334,15457154,Santos,692,France,Female,35,1,0.0,2,1,0,64560.77,0
8335,15246012,Pereira,640,Spain,Female,20,5,0.0,1,1,1,89572.19,0
8336,15410497,Pereira,505,France,Male,48,2,0.0,1,1,0,199214.27,0
8337,15508277,Fischer,464,Spain,Male,48,1,99178.95,2,1,0,137857.6,0
8338,15495186,Thomas,575,France,Female,49,3,0.0,2,1,1,134644.15,0
8339,15308999,Bernard,748,France,Female,38,5,244980.12,1,1,1,93650.78,0
8340,15374727,Gomes,728,Spain,Male,35,2,162573.67,1,1,0,84204.41,0
8341,15353638,Costa,705,Spain,Male,30,4,2774.29,1,1,1,99134.16,0
8342,15548226,Fischer,647,Germany,Male,45,4,65559.63,2,1,1,138792.89,0
8343,15145370,Weber,704,France,Male,33,4,151781.15,2,1,1,64667.59,0
8344,15748758,Ferreira,659,France,Male,52,8,12217.3,1,1,1,70853.69,0
8345,15874040,Thomas,784,Spain,Male,46,3,0.0,2,1,0,170418.06,0
8346,15178601,Martin,757,Spain,Male,32,9,153832.61,2,1,0,159482.37,0
8347,15671010,Dubois,545,Spain,Male,38,4,0.0,1,1,1,165200.11,0
8348,15293435,Oliveira,694,France,Male,57,6,0.0,1,1,0,164596.86,1
8349,15233245,Lima,504,France,Male,27,3,0.0,2,1,1,85145.85,0
8350,15224179,Ferreira,817,Germany,Female,36,1,0.0,2,1,0,106800.18,0
8351,15353551,Müller,559,Spain,Female,72,1,0.0,1,1,0,16290.05,1
8352,15424540,Schmidt,776,France,Male,42,5,0.0,2,1,0,120629.39,0
8353,15634376,Fischer,659,Spain,Male,42,8,0.0,2,1,0,42371.51,0
8354,15413804,Dubois,547,Germany,Male,32,1,46355.66,1,0,0,80088.47,0
8355,15071029,Weber,544,France,Female,58,5,1855.39,2,1,0,175099.17,0
8356,15006086,Souza,825,France,Male,37,5,204220.49,1,1,0,80242.58,0
8357,15570425,Weber,671,France,Female,36,5,224430.51,1,1,0,102406.19,1
8358,15767787,Costa,667,Germany,Male,38,2,0.0,2,1,0,71677.84,0
8359,15742422,Schmidt,417,France,Female,29,1,218938.62,1,0,1,165472.31,0
8360,15739673,Weber,820,France,Female,70,1,29733.98,2,1,0,58734.92,1
8361,15923175,Bernard,592,Spain,Female,43,2,136174.9,2,1,0,12537.47,0
8362,15763951,Lima,685,France,Male,49,2,0.0,1,1,0,41772.64,0
8363,15062248,Thomas,505,France,Female,69,2,0.0,2,1,1,188710.92,0
8364,15487842,Bernard,708,France,Female,39,3,19229.34,2,0,1,59617.76,0
8365,15439899,Alves,660,Germany,Female,30,4,10142.79,1,0,1,48198.02,0
8366,15082326,Lima,704,Spain,Female,45,8,40320.28,1,1,1,98030.96,0
8367,15288816,Silva,615,France,Male,44,7,0.0,1,1,0,57880.1,0
8368,15755476,Ferreira,712,Spain,Female,42,3,77904.31,1,0,1,85580.99,0
8369,15875514,Müller,498,Germany,Female,24,1,146491.8,2,1,1,45161.94,0
8370,15167534,Oliveira,658,France,Male,35,9,0.0,1,1,0,176843.24,0
8371,15816683,Robert,636,France,Male,34,4,77016.55,1,1,1,43016.45,0
8372,15970285,Meyer,801,France,Male,34,8,0.0,1,0,1,39813.71,0
8373,15380287,Lima,625,France,Male,31,4,134990.57,1,0,0,159520.92,0
8374,15255161,Oliveira,622,Germany,Male,36,7,158031.06,2,1,1,138486.91,0
8375,15916035,Alves,635,Germany,Female,40,4,86548.46,1,0,0,96631.42,1
8376,15886765,Costa,659,France,Male,34,5,0.0,1,1,0,90633.96,0
8377,15344192,Bernard,479,France,Male,78,4,239347.27,1,0,1,46493.79,1
8378,15328293,Meyer,634,France,Male,67,2,212193.57,2,0,1,167928.37,0
8379,15648422,Santos,631,Germany,Male,44,6,0.0,2,1,1,142457.53,0
8380,15032155,Martin,525,France,Male,68,1,93786.03,3,1,1,125148.04,1
8381,15522730,Alves,770,Germany,Female,72,3,80887.84,2,0,1,47974.86,1
8382,15807012,Oliveira,759,France,Female,32,6,84140.65,2,1,0,157493.83,0
8383,15273975,Thomas,513,Germany,Male,31,4,75133.37,2,1,0,91650.97,0
8384,15275825,Silva,760,Spain,Male,73,1,0.0,2,1,1,154555.79,0
8385,15417196,Costa,652,France,Female,42,2,0.0,2,0,0,181065.1,0
8386,15619344,Müller,643,France,Male,33,2,215117.26,1,1,0,105743.48,0
8387,15158774,Martin,620,Spain,Male,49,3,130328.49,2,1,1,152831.5,0
8388,15350636,Santos,714,France,Female,33,2,56058.48,1,1,1,61643.18,0
8389,15237907,Costa,603,Germany,Male,36,5,75139.93,2,1,0,79032.63,0
8390,15831606,Martin,568,France,Male,36,5,0.0,2,0,0,163159.46,0
8391,15355213,Robert,802,Germany,Female,39,2,0.0,1,1,0,17514.37,1
8392,15051245,Dubois,681,France,Male,21,4,0.0,2,1,1,157129.7,0
8393,15045692,Meyer,716,Spain,Female,54,3,201859.87,2,1,1,75718.47,0
8394,15105554,Gomes,834,Germany,Male,37,3,58208.28,2,0,1,197462.24,0
8395,15554974,Dubois,682,Spain,Female,29,5,0.0,1,0,1,187316.38,0
8396,15756726,Robert,695,Germany,Male,25,7,69646.93,2,1,0,112458.45,0
8397,15428585,Costa,714,Germany,Female,44,7,164421.31,1,0,0,27540.3,1
8398,15644150,Silva,567,France,Female,79,4,64091.66,2,1,1,145546.7,0
8399,15678063,Gomes,615,Spain,Male,26,3,0.0,1,1,1,29456.16,0
8400,15774815,Weber,632,Spain,Female,20,4,0.0,2,1,1,32353.34,0
8401,15296414,Souza,785,France,Male,37,4,0.0,2,0,1,76395.33,0
8402,15983511,Alves,796,Spain,Male,41,1,20260.62,1,1,1,153969.07,0
8403,15947156,Lima,720,Germany,Male,38,5,226838.29,2,0,0,58674.34,0
8404,15725287,Martin,709,Germany,Male,37,5,0.0,1,1,1,184835.55,0
8405,15552835,Thomas,573,France,Female,31,4,14459.95,1,1,0,91614.91,1
8406,15303323,Pereira,591,France,Female,40,4,0.0,2,1,0,152395.3,0
8407,15739253,Ferreira,441,France,Male,60,8,189425.96,1,1,1,47521.89,0
8408,15689940,Oliveira,725,France,Male,23,5,60592.36,1,1,0,73354.82,0
8409,15280709,Oliveira,623,Germany,Female,38,6,0.0,1,1,0,90031.05,1
8410,15911370,Souza,500,France,Male,60,8,0.0,1,1,1,51425.24,0
8411,15696514,Schmidt,693,France,Male,53,6,73144.66,2,1,0,183071.26,0
8412,15839331,Pereira,793,Spain,Male,27,8,91801.33,1,0,0,179282.84,0
8413,15252235,Thomas,693,France,Male,73,6,212337.87,1,1,1,87748.06,1
8414,15255910,Lima,699,France,Male,47,2,24610.95,2,1,1,193264.91,0
8415,15122573,Fischer,700,France,Male,35,2,0.0,2,1,1,31688.91,0
8416,15818036,Müller,802,France,Male,33,2,233894.13,1,1,1,12336.92,0
8417,15451480,Costa,702,Spain,Female,36,3,138406.33,3,1,1,162286.83,1
8418,15552499,Schmidt,785,Germany,Male,30,3,0.0,2,0,0,52143.47,0
8419,15981557,Müller,750,Spain,Male,39,6,153493.16,1,1,1,155387.83,0
8420,15445796,Ferreira,392,France,Male,47,3,0.0,2,1,0,148832.62,0
8421,15219073,Dubois,682,Germany,Male,59,6,65682.63,2,1,1,184904.25,0
8422,15980981,Thomas,652,France,Female,34,7,88528.94,2,1,0,56145.03,0
8423,15222709,Gomes,807,France,Male,35,2,177511.16,3,0,1,192017.15,1
8424,15265639,Oliveira,641,France,Male,31,0,0.0,2,1,1,28410.85,0
8425,15846680,Thomas,577,France,Female,46,7,0.0,1,1,1,169373.16,0
8426,15817642,Thomas,850,France,Female,46,2,85884.98,2,1,0,86803.36,0
8427,15628500,Ferreira,682,France,Male,32,2,85771.57,2,0,1,17696.88,0
8428,15856293,Robert,729,Spain,Female,46,3,241459.02,1,1,1,83157.76,0
8429,15949293,Silva,554,France,Female,34,2,0.0,1,1,0,171840.09,0
8430,15956564,Silva,713,France,Female,50,6,8353.61,1,1,1,121317.33,0
8431,15947220,Alves,631,France,Male,21,5,50204.98,2,0,0,12173.86,0
8432,15115110,Martin,548,Germany,Male,31,2,70666.67,2,1,0,130526.61,0
8433,15943671,Bernard,695,France,Female,36,5,137315.65,1,1,0,30098.97,1
8434,15047535,Thomas,684,Spain,Male,60,2,0.0,1,1,0,95029.93,0
8435,15824639,Silva,641,Spain,Male,45,2,0.0,1,1,0,40262.32,0
8436,15994867,Robert,598,France,Female,62,5,73834.49,2,1,1,134982.92,0
8437,15900187,Silva,693,France,Female,25,5,52495.01,2,1,0,190345.17,0
8438,15706376,Weber,710,France,Male,34,3,36780.67,2,1,0,15977.97,0
8439,15366276,Bernard,615,Germany,Female,32,6,176931.61,2,1,0,25252.37,0
8440,15591783,Santos,764,France,Male,42,6,0.0,1,1,1,157658.91,0
8441,15041497,Meyer,615,France,Female,57,7,0.0,1,1,1,30301.91,0
8442,15378441,Martin,549,France,Female,52,5,0.0,1,0,1,182151.82,0
8443,15573910,Weber,712,Germany,Male,42,2,71763.31,1,1,0,173638.11,1
8444,15975247,Bernard,633,France,Female,46,6,164381.27,1,0,0,199824.94,1
8445,15529690,Weber,735,France,Male,77,1,0.0,1,0,1,52091.28,0
8446,15127500,Schmidt,350,Germany,Female,31,2,0.0,2,0,1,155857.59,0
8447,15949729,Oliveira,599,Germany,Female,58,6,212744.08,2,0,1,137239.84,0
8448,15681154,Alves,577,Spain,Female,56,7,0.0,2,1,1,92140.81,0
8449,15633800,Meyer,726,France,Female,43,1,0.0,2,0,1,83282.01,0
8450,15767748,Weber,600,Spain,Female,45,3,87368.56,2,1,1,152907.38,0
8451,15004396,Ferreira,482,Germany,Female,31,5,41783.99,3,1,0,79980.36,1
8452,15978855,Santos,522,France,Male,29,8,244076.57,1,1,1,17425.19,0
8453,15626375,Weber,488,Germany,Male,45,5,75466.58,1,1,0,117447.98,1
8454,15726235,Costa,688,France,Female,31,6,0.0,2,0,1,177783.32,0
8455,15201894,Oliveira,656,Spain,Male,32,7,0.0,2,0,0,19329.98,0
8456,15215040,Dubois,591,France,Female,51,4,0.0,2,1,1,58120.84,0
8457,15645516,Weber,586,Germany,Female,20,6,0.0,1,1,0,35547.83,1
8458,15451888,Thomas,425,France,Male,18,5,167649.59,1,1,0,54078.81,0
8459,15437385,Bernard,734,Spain,Male,47,5,0.0,2,1,1,29534.79,0
8460,15245741,Dubois,686,France,Male,33,4,0.0,1,1,1,175002.87,0
8461,15834342,Meyer,726,Spain,Female,38,5,11964.42,1,1,0,48424.03,0
8462,15233175,Thomas,614,Spain,Male,34,4,98549.24,1,1,1,52995.46,0
8463,15897383,Ferreira,705,France,Male,25,5,182946.75,1,0,1,119186.59,0
8464,15629742,Schmidt,667,Spain,Female,20,4,33254.87,1,0,0,143563.43,0
8465,15107321,Dubois,807,Spain,Female,53,2,0.0,2,0,1,164865.96,0
8466,15670710,Lima,685,France,Male,38,5,77797.81,2,0,0,170988.72,0
8467,15449074,Robert,605,France,Male,33,3,141557.01,2,0,1,32095.37,0
8468,15175821,Souza,602,Germany,Female,73,2,0.0,1,0,1,55246.11,1
8469,15908818,Weber,675,France,Female,60,6,0.0,1,0,1,32361.45,0
8470,15769686,Dubois,590,France,Female,19,2,54708.27,1,0,1,165735.42,0
8471,15596529,Costa,513,France,Male,43,4,96060.33,4,1,1,102737.45,1
8472,15936651,Bernard,557,France,Male,47,6,70585.18,1,0,0,144883.84,0
8473,15301193,Fischer,602,France,Female,48,5,1352.47,1,1,0,111103.65,1
8474,15154781,Santos,759,France,Female,44,2,121144.34,2,1,0,48212.1,0
8475,15222891,Schmidt,556,Spain,Male,34,2,24893.92,1,1,0,45800.0,0
8476,15261753,Robert,632,Germany,Male,18,2,63969.84,2,1,1,27079.24,0
8477,15017345,Martin,633,France,Male,40,1,7053.42,2,0,0,108527.98,0
8478,15242354,Santos,627,Germany,Female,44,3,50561.13,2,1,1,28236.54,0
8479,15371777,Alves,831,Germany,Male,49,4,67438.58,2,0,1,77744.91,0
8480,15717488,Meyer,685,Spain,Male,18,2,115151.27,1,0,1,118349.09,0
8481,15337657,Alves,442,France,Female,24,8,0.0,1,0,0,163603.17,0
8482,15041385,Costa,477,France,Male,62,5,0.0,1,1,1,188848.32,0
8483,15170648,Schmidt,698,Spain,Male,20,5,0.0,2,1,1,56995.3,0
8484,15098455,Santos,511,Spain,Male,40,5,63402.15,2,0,1,78198.11,0
8485,15908630,Meyer,702,Germany,Male,51,4,199868.23,3,1,1,64243.41,1
8486,15238554,Santos,674,Spain,Male,40,4,231374.39,2,1,1,23941.84,0
8487,15859899,Thomas,634,France,Female,18,7,104073.49,1,1,1,120463.0,0
8488,15699606,Oliveira,592,Germany,Female,35,6,0.0,1,0,0,155790.35,1
8489,15199414,Müller,672,France,Male,50,5,0.0,1,1,1,177888.02,0
8490,15917879,Silva,580,France,Female,36,8,99570.57,1,1,1,102634.3,0
8491,15765759,Dubois,604,Spain,Male,59,5,112826.99,2,0,0,50274.39,0
8492,15327181,Weber,574,France,Female,31,3,141788.05,1,1,1,167279.35,0
8493,15570025,Meyer,716,France,Male,49,0,17415.35,2,1,0,145916.97,0
8494,15102682,Thomas,650,Spain,Male,26,3,75577.65,2,0,1,155017.31,0
8495,15359873,Robert,647,France,Male,37,7,97217.11,2,1,0,31262.99,0
8496,15586627,Alves,720,Spain,Male,42,0,166467.9,2,1,1,100148.18,0
8497,15766366,Silva,490,Spain,Male,36,2,139501.26,2,1,1,13865.17,0
8498,15663771,Thomas,540,Germany,Female,46,6,7356.29,2,1,1,187921.33,0
8499,15599785,Thomas,562,France,Female,23,3,132645.31,1,1,0,103040.81,1
8500,15406868,Gomes,662,France,Female,18,2,30086.2,2,1,1,34834.72,0
8501,15041943,Souza,497,France,Male,43,6,170652.4,1,1,1,125722.84,0
8502,15956821,Lima,608,France,Female,48,5,5410.45,1,1,0,164268.97,1
8503,15996370,Souza,784,France,Male,22,4,0.0,2,0,1,48306.67,0
8504,15077659,Oliveira,576,Spain,Female,52,3,61437.33,1,0,0,141048.59,1
8505,15834721,Lima,605,France,Male,39,5,0.0,1,1,1,33947.57,0
8506,15898034,Meyer,822,Germany,Male,19,6,72375.86,1,1,1,135274.41,0
8507,15278517,Schmidt,512,France,Male,34,6,0.0,1,1,1,143579.76,0
8508,15774249,Martin,490,Germany,Male,24,5,171538.59,2,1,0,125138.41,0
8509,15796713,Bernard,611,Spain,Female,23,3,133330.87,1,1,1,186220.41,0
8510,15849211,Lima,682,France,Female,51,6,91145.13,1,1,0,97373.48,1
8511,15709046,Bernard,628,France,Male,48,5,71753.52,2,1,0,103073.17,0
8512,15958473,Alves,848,Germany,Male,38,7,0.0,1,1,0,37946.96,0
8513,15149176,Schmidt,633,Germany,Male,77,2,0.0,1,0,1,88626.9,1
8514,15668268,Dubois,546,Germany,Male,34,5,0.0,1,1,0,156011.32,0
8515,15586909,Santos,611,France,Male,20,8,148453.59,1,1,0,14477.19,0
8516,15922951,Lima,471,France,Female,31,3,68286.02,1,0,0,59888.81,1
8517,15141370,Weber,646,Spain,Male,36,8,127004.25,2,0,0,76786.99,0
8518,15392717,Alves,653,Spain,Female,46,3,85755.31,1,1,0,199499.68,1
8519,15039197,Costa,736,France,Female,38,4,29282.25,1,0,1,198125.08,0
8520,15114852,Santos,594,Spain,Female,44,6,149335.24,2,1,0,108326.5,0
8521,15051801,Santos,534,France,Female,50,3,89996.88,1,0,1,139065.86,0
8522,15253202,Müller,689,France,Female,56,5,0.0,1,0,1,86311.75,0
8523,15336579,Robert,647,France,Male,43,3,146000.17,1,1,0,14886.96,0
8524,15605625,Santos,728,France,Male,34,5,160473.25,1,1,1,80028.33,0
8525,15317942,Robert,491,Germany,Female,22,6,193433.57,1,1,1,29068.6,1
8526,15411652,Gomes,458,France,Male,45,0,149698.62,2,1,0,34598.7,0
8527,15489341,Meyer,538,France,Female,31,1,13461.0,1,1,0,48075.93,1
8528,15188382,Alves,562,Spain,Female,27,8,220445.22,2,1,0,187417.78,0
8529,15231896,Bernard,695,Germany,Male,42,6,121314.54,2,1,0,142399.49,0
8530,15833802,Müller,517,Germany,Male,36,7,227244.54,2,1,0,151722.79,0
8531,15476851,Gomes,699,Spain,Female,48,4,127086.69,2,1,0,48758.06,0
8532,15585973,Lima,484,France,Female,37,6,0.0,1,1,1,158739.84,0
8533,15882356,Costa,651,Germany,Male,71,9,0.0,3,1,1,103933.47,1
8534,15718176,Martin,846,Spain,Female,46,4,182510.56,1,1,0,173968.66,1
8535,15763748,Santos,809,Germany,Male,30,6,0.0,1,1,1,79568.72,0
8536,15632364,Dubois,822,France,Male,41,1,0.0,1,1,0,48017.33,0
8537,15758102,Martin,592,France,Female,47,4,65244.34,2,1,1,194593.15,0
8538,15993313,Lima,827,Spain,Male,44,3,0.0,2,1,1,159267.31,0
8539,15421965,Santos,710,France,Female,44,4,180671.7,2,1,1,196748.35,0
8540,15032872,Müller,685,Spain,Male,42,2,226346.51,1,0,0,178679.16,0
8541,15343100,Silva,551,Germany,Male,35,3,0.0,1,1,1,142470.02,0
8542,15340855,Bernard,540,Germany,Male,36,1,0.0,1,1,1,83967.52,0
8543,15158609,Pereira,528,Spain,Male,72,4,75169.37,1,1,0,127958.88,1
8544,15101028,Thomas,598,Germany,Male,34,4,58556.44,1,0,0,123277.34,0
8545,15309996,Meyer,648,France,Female,20,3,197770.16,2,1,0,33121.9,0
8546,15125693,Alves,703,Germany,Male,28,8,53976.98,1,0,1,113118.07,0
8547,15651400,Souza,733,Spain,Male,60,1,0.0,2,1,1,146868.36,0
8548,15857876,Robert,487,France,Female,45,6,225205.46,1,1,1,22904.86,0
8549,15654596,Martin,579,France,Male,60,3,87691.43,2,1,0,159217.47,0
8550,15741553,Silva,761,France,Female,56,2,88673.87,2,1,1,39848.14,0
8551,15799957,Robert,602,Spain,Male,53,3,132249.08,1,1,1,122954.11,0
8552,15621044,Alves,648,France,Male,48,7,0.0,2,1,1,13872.7,0
8553,15157567,Robert,573,Germany,Male,22,6,10096.1,1,1,0,114020.18,0
8554,15679347,Meyer,742,France,Male,25,0,199529.43,1,0,1,21213.64,0
8555,15038658,Pereira,595,France,Female,45,2,0.0,1,0,1,14936.79,0
8556,15316651,Müller,736,Germany,Male,32,5,56121.94,2,0,0,120605.81,0
8557,15476493,Ferreira,760,France,Female,48,3,0.0,2,1,0,51866.7,0
8558,15045921,Schmidt,380,Germany,Male,46,7,70243.22,2,1,1,118914.62,0
8559,15489909,Santos,780,Spain,Male,46,6,0.0,2,1,1,137520.74,0
8560,15646768,Souza,745,Spain,Male,30,7,69596.92,2,1,0,105806.72,0
8561,15034749,Oliveira,799,France,Male,26,2,81304.83,2,1,1,30956.38,0
8562,15381969,Costa,561,Spain,Male,43,2,0.0,1,1,1,153325.49,0
8563,15291385,Schmidt,663,Germany,Female,35,8,0.0,1,1,0,83886.51,1
8564,15651973,Lima,643,Spain,Female,45,4,0.0,1,0,0,148353.48,0
8565,15967232,Bernard,596,France,Female,44,4,7655.33,1,0,1,129861.5,0
8566,15415720,Ferreira,800,Germany,Male,76,5,0.0,2,1,0,72252.01,1
8567,15178640,Ferreira,732,Spain,Male,57,3,63338.69,1,0,0,190519.6,1
8568,15942847,Pereira,704,Spain,Male,40,7,87704.2,1,1,0,127154.23,0
8569,15655121,Ferreira,613,France,Male,42,8,0.0,2,1,1,48375.36,0
8570,15591776,Weber,850,France,Male,27,3,236913.0,2,0,1,55673.56,0
8571,15442686,Bernard,592,France,Female,38,2,0.0,2,1,1,59659.27,0
8572,15014931,Oliveira,618,France,Female,47,1,239334.62,1,1,0,167363.97,1
8573,15030254,Müller,573,France,Female,43,2,94613.67,2,0,1,140550.94,0
8574,15048983,Thomas,405,France,Male,47,2,0.0,1,0,0,30256.62,0
8575,15305041,Gomes,665,Spain,Female,24,0,176500.54,2,0,0,101316.32,0
8576,15880629,Costa,706,France,Male,51,0,86859.15,1,1,1,140344.01,0
8577,15291715,Costa,680,Germany,Male,31,4,81417.34,1,1,0,108754.24,0
8578,15289336,Bernard,763,France,Male,51,5,0.0,1,1,0,45306.87,1
8579,15542119,Weber,452,France,Female,43,8,23643.66,2,1,1,38565.76,0
8580,15320583,Bernard,737,France,Female,35,2,79425.17,2,0,1,196255.88,0
8581,15663420,Schmidt,729,France,Female,23,5,20829.01,1,1,0,55038.56,0
8582,15526770,Pereira,702,Spain,Male,39,4,34672.29,1,0,0,19349.23,0
8583,15618023,Martin,636,Spain,Female,55,4,157324.67,2,1,0,92202.55,1
8584,15312690,Lima,743,France,Male,52,6,141866.99,1,0,1,171594.26,0
8585,15742901,Fischer,765,France,Male,47,2,21552.34,1,0,1,137294.99,0
8586,15218096,Souza,747,France,Female,40,3,105866.62,1,1,1,54190.32,0
8587,15219548,Robert,621,Spain,Male,41,3,222901.12,1,0,1,88702.44,0
8588,15441651,Robert,781,Spain,Male,36,2,53709.06,1,1,1,123440.96,0
8589,15534326,Silva,632,Germany,Male,48,4,57646.98,1,1,1,127896.48,0
8590,15775895,Müller,695,Germany,Female,31,2,0.0,2,1,1,137120.61,0
8591,15198601,Dubois,832,Spain,Female,53,3,75461.18,1,1,1,142455.15,0
8592,15414292,Costa,734,France,Female,47,2,0.0,1,1,0,24564.48,1
8593,15150400,Souza,661,France,Female,40,0,246680.53,2,1,0,34290.34,0
8594,15952506,Souza,612,Spain,Male,58,3,98909.48,2,0,0,47384.24,0
8595,15912245,Gomes,739,Germany,Male,49,5,69602.12,2,1,0,60784.71,0
8596,15717871,Gomes,702,Germany,Male,27,2,105073.21,2,1,0,79168.19,0
8597,15468706,Pereira,769,Germany,Female,20,9,101230.16,2,1,1,150781.36,0
8598,15558428,Ferreira,555,France,Female,49,3,22105.32,2,1,1,139305.62,0
8599,15909281,Bernard,694,Germany,Male,58,0,205011.49,1,1,0,194008.39,1
8600,15461127,Müller,694,Germany,Female,57,0,191608.08,1,1,1,113916.33,1
8601,15842274,Souza,742,France,Female,42,5,218911.22,1,0,1,73045.06,0
8602,15372902,Lima,759,Germany,Male,23,5,0.0,2,1,0,135494.36,0
8603,15483084,Bernard,705,Spain,Female,30,7,87857.55,1,1,1,111526.26,0
8604,15689069,Santos,710,France,Male,33,1,249138.73,1,0,0,77365.48,0
8605,15694421,Gomes,697,France,Female,59,3,196610.62,1,0,0,37041.94,1
8606,15922464,Thomas,518,France,Male,64,7,0.0,2,1,1,37202.86,0
8607,15955363,Fischer,704,Germany,Male,40,6,156530.9,1,1,0,73049.0,1
8608,15091800,Santos,751,France,Female,47,2,35774.33,2,1,0,88893.84,0
8609,15128091,Pereira,488,Germany,Male,50,7,197544.81,2,1,1,184504.16,0
8610,15542788,Robert,707,Spain,Male,29,5,206438.67,1,0,1,90515.71,0
8611,15248478,Bernard,756,France,Male,41,3,12415.74,2,1,1,92590.63,0
8612,15232069,Schmidt,723,Spain,Female,55,0,142462.7,1,1,1,116085.61,1
8613,15764018,Bernard,664,Spain,Male,34,4,24466.54,2,1,0,95731.08,0
8614,15562991,Schmidt,675,France,Female,57,5,35456.77,1,0,1,87153.04,0
8615,15365782,Santos,509,France,Male,37,3,178227.3,2,0,0,166957.04,0
8616,15186264,Alves,661,Spain,Male,24,2,0.0,3,0,1,127956.62,1
8617,15994771,Schmidt,567,Spain,Male,29,1,179078.49,1,1,0,128131.68,0
8618,15381380,Müller,629,France,Male,60,6,234549.67,1,1,1,81687.91,0
8619,15004384,Lima,535,France,Female,38,1,155520.38,2,1,0,87893.03,0
8620,15304832,Robert,630,France,Female,53,5,29691.32,2,1,0,120059.23,0
8621,15478014,Oliveira,612,Spain,Male,46,6,20471.47,3,0,0,17110.89,1
8622,15587872,Alves,607,France,Male,45,6,92905.65,2,1,0,116449.64,0
8623,15667620,Weber,543,Germany,Female,59,5,0.0,2,0,1,12052.7,0
8624,15967899,Bernard,754,Spain,Male,37,5,44460.04,2,1,1,195019.4,0
8625,15830390,Oliveira,754,France,Male,60,4,0.0,1,0,0,156788.61,1
8626,15784404,Martin,714,Germany,Male,23,4,0.0,2,1,1,94414.87,0
8627,15454823,Dubois,645,France,Female,41,2,115967.95,1,0,1,89962.53,0
8628,15503174,Bernard,618,Spain,Female,42,4,0.0,1,1,1,160411.0,0
8629,15192606,Bernard,605,France,Male,57,1,88879.4,1,1,1,155964.81,0
8630,15738635,Schmidt,591,Germany,Male,37,4,32253.87,1,1,0,77221.39,0
8631,15879907,Müller,644,Germany,Male,46,6,68071.42,1,1,0,125637.95,1
8632,15073356,Meyer,633,France,Female,37,4,176298.42,2,0,1,182075.63,0
8633,15676112,Pereira,514,France,Male,32,4,49358.29,2,1,1,190356.32,0
8634,15924228,Meyer,850,France,Male,19,6,95406.73,1,1,1,184906.82,0
8635,15748503,Pereira,706,France,Female,25,5,0.0,2,1,0,27369.04,0
8636,15686833,Müller,597,Spain,Male,56,2,133550.15,2,0,0,133562.08,0
8637,15626508,Alves,519,Spain,Male,45,4,17730.26,1,0,1,56184.77,0
8638,15383104,Bernard,425,France,Male,31,3,0.0,1,1,0,120389.69,0
8639,15746623,Oliveira,734,Germany,Male,51,2,56813.64,2,1,1,18083.56,0
8640,15431384,Dubois,691,Germany,Male,23,5,218359.8,2,1,0,174911.41,0
8641,15720996,Ferreira,631,Spain,Male,43,3,56758.67,1,1,1,158981.4,0
8642,15746722,Silva,668,France,Male,54,6,77101.86,1,1,1,62760.76,0
8643,15562872,Thomas,694,France,Male,51,5,0.0,1,0,1,122732.59,0
8644,15328174,Müller,580,France,Female,32,1,102495.87,2,1,1,194168.42,0
8645,15481050,Silva,779,Germany,Male,45,3,36171.76,1,0,0,191394.55,1
8646,15126932,Gomes,676,France,Male,39,3,0.0,1,1,0,145275.77,0
8647,15398303,Dubois,706,France,Female,59,2,0.0,2,0,0,56807.53,0
8648,15404840,Weber,648,France,Male,47,6,78895.34,1,0,1,125918.11,0
8649,15056753,Oliveira,694,Germany,Female,60,3,37738.24,2,0,0,101792.07,1
8650,15552777,Meyer,733,France,Male,27,5,0.0,2,1,0,135414.45,0
8651,15726491,Souza,584,France,Female,44,7,0.0,1,1,0,179284.22,1
8652,15566037,Lima,755,France,Female,42,4,40589.47,1,1,1,147500.94,0
8653,15918428,Pereira,732,France,Male,46,3,139860.51,1,1,1,14072.8,0
8654,15507658,Alves,693,Germany,Male,47,6,0.0,2,1,0,89601.78,0
8655,15424243,Lima,741,France,Male,60,4,0.0,2,1,1,28480.23,0
8656,15383672,Lima,694,France,Male,56,5,11258.81,2,1,0,22946.96,0
8657,15649936,Santos,578,Germany,Male,31,7,71075.98,2,1,0,47221.97,0
8658,15811913,Robert,778,France,Male,53,4,55560.65,2,0,1,178369.0,0
8659,15156134,Martin,638,France,Male,29,3,84552.65,2,1,0,165199.49,0
8660,15000898,Meyer,850,Spain,Male,43,6,155242.57,2,1,0,114834.96,0
8661,15423174,Pereira,639,France,Female,58,2,25768.34,2,0,1,169169.8,0
8662,15434648,Souza,720,France,Male,23,7,0.0,1,0,0,181215.45,0
8663,15486288,Alves,791,France,Female,55,7,0.0,1,1,1,27832.22,0
8664,15726465,Silva,629,France,Male,55,5,12111.22,1,1,0,181928.73,1
8665,15096202,Fischer,564,Germany,Female,47,2,134604.41,1,1,0,15758.88,1
8666,15259085,Martin,611,Germany,Male,32,4,59267.64,1,1,0,170169.88,0
8667,15003470,Bernard,687,Germany,Male,39,4,60114.35,1,1,0,120151.83,0
8668,15017952,Martin,759,France,Male,64,3,54528.23,2,0,0,16229.38,0
8669,15832167,Gomes,661,France,Male,34,2,0.0,2,0,0,79874.37,0
8670,15782894,Weber,632,Spain,Male,48,3,0.0,1,1,1,30798.4,0
8671,15451545,Dubois,725,Spain,Female,27,4,105078.41,1,0,1,109457.86,0
8672,15316899,Costa,485,France,Male,38,5,0.0,2,0,0,88432.97,0
8673,15945777,Ferreira,765,France,Male,43,8,0.0,2,1,0,46394.14,0
8674,15151649,Weber,605,France,Male,36,2,240724.5,2,0,0,163252.57,0
8675,15894783,Robert,636,France,Female,66,2,82473.93,2,1,0,117874.05,1
8676,15416587,Thomas,747,France,Male,45,2,168466.08,2,1,0,156382.5,0
8677,15934640,Costa,575,France,Male,42,8,39317.38,2,0,0,80313.21,0
8678,15571479,Alves,518,Germany,Male,18,3,0.0,2,1,1,104347.74,0
8679,15243282,Costa,731,Germany,Male,62,7,92205.43,2,1,0,57606.26,1
8680,15618869,Costa,545,France,Male,26,7,12444.27,1,1,1,12628.15,0
8681,15167711,Thomas,694,France,Female,41,0,0.0,1,0,0,190491.35,1
8682,15955442,Ferreira,622,Spain,Male,32,3,158695.19,2,0,1,177639.12,0
8683,15340467,Santos,617,France,Male,32,3,0.0,1,1,0,26352.17,0
8684,15542129,Martin,742,Germany,Female,46,3,0.0,2,0,1,48278.11,0
8685,15573314,Pereira,707,France,Female,44,4,0.0,1,0,0,146598.95,1
8686,15489111,Lima,522,Germany,Female,21,4,48605.25,2,1,0,62301.18,0
8687,15782725,Oliveira,620,France,Male,49,6,69948.98,2,0,1,139352.2,0
8688,15383611,Thomas,746,France,Female,60,3,0.0,1,1,0,63863.17,1
8689,15003635,Robert,700,France,Male,32,3,0.0,1,0,1,55930.61,0
8690,15664155,Weber,564,France,Female,29,5,0.0,1,1,1,35985.98,0
8691,15927123,Silva,850,France,Male,32,2,0.0,1,1,0,41417.29,0
8692,15902529,Pereira,703,Germany,Male,31,4,136967.87,2,1,0,173173.11,0
8693,15744913,Dubois,481,France,Male,25,2,55859.07,2,1,1,182952.28,0
8694,15270596,Robert,687,France,Male,33,2,87863.9,2,1,1,140330.69,0
8695,15760787,Oliveira,679,Germany,Male,41,6,99751.18,2,1,0,150718.4,0
8696,15360312,Robert,725,Germany,Female,19,5,88316.75,4,0,1,186498.38,1
8697,15926191,Oliveira,456,Spain,Male,47,2,0.0,1,0,0,119385.59,0
8698,15084499,Souza,723,Germany,Female,72,4,0.0,2,0,0,30765.02,1
8699,15722697,Souza,776,France,Female,61,2,19708.42,1,1,1,198375.22,1
8700,15362994,Pereira,434,Germany,Male,56,0,145689.37,1,0,0,137241.06,1
8701,15847448,Santos,850,Spain,Female,32,5,71106.47,1,1,0,185479.21,0
8702,15669530,Robert,548,Spain,Male,19,3,161957.08,1,1,0,47201.99,0
8703,15506724,Santos,665,France,Female,52,2,0.0,2,1,0,193118.45,0
8704,15322906,Dubois,668,France,Male,23,2,0.0,1,1,1,186498.46,0
8705,15927282,Alves,588,France,Female,33,5,57690.09,1,1,0,24727.86,1
8706,15326513,Schmidt,515,Germany,Female,44,3,0.0,2,0,1,22278.99,0
8707,15245615,Alves,623,Germany,Female,25,7,0.0,1,1,0,42014.83,1
8708,15550403,Dubois,521,Germany,Male,55,2,0.0,2,1,0,47012.97,0
8709,15986650,Thomas,674,France,Male,60,2,91282.94,2,1,0,67507.63,0
8710,15210493,Gomes,725,Germany,Male,43,6,240323.93,2,0,1,159819.89,0
8711,15527327,Costa,541,Spain,Male,59,5,0.0,2,1,0,34099.58,0
8712,15297753,Thomas,734,France,Male,36,2,0.0,1,1,1,24895.87,0
8713,15024401,Fischer,751,Germany,Male,42,4,71033.16,1,0,1,115569.17,0
8714,15681544,Dubois,548,France,Male,31,3,47796.86,1,1,1,115351.61,0
8715,15007951,Martin,572,Spain,Female,44,6,116168.33,2,0,0,128785.81,0
8716,15242823,Bernard,687,Spain,Male,21,1,81683.06,2,0,1,154918.08,0
8717,15995752,Souza,557,Germany,Male,43,7,0.0,1,0,0,28683.35,0
8718,15766744,Pereira,670,Germany,Female,61,4,0.0,2,1,0,121680.78,1
8719,15516002,Souza,713,Spain,Female,25,6,7045.21,2,1,1,102644.72,0
8720,15644174,Ferreira,409,France,Male,26,5,37179.28,2,0,0,80422.63,0
8721,15344481,Meyer,623,France,Male,26,2,3588.06,1,0,1,29361.54,0
8722,15226103,Martin,668,Spain,Male,36,7,14754.18,2,1,0,111513.45,0
8723,15295563,Lima,609,France,Male,40,2,50178.01,2,0,0,18112.38,0
8724,15759184,Martin,439,France,Male,54,2,168713.12,1,1,1,194688.86,0
8725,15566124,Alves,581,Spain,Female,33,4,234920.65,1,1,0,178068.27,1
8726,15357748,Lima,624,Germany,Female,41,9,95550.14,2,1,1,180501.4,0
8727,15945123,Silva,483,France,Female,41,3,82347.93,1,0,1,66797.93,0
8728,15575243,Lima,653,France,Female,31,8,233331.75,2,1,1,44096.34,0
8729,15691088,Silva,697,France,Female,36,4,121805.13,1,0,1,29824.41,0
8730,15712336,Weber,668,France,Male,47,6,0.0,1,0,0,96207.52,0
8731,15033735,Dubois,557,France,Male,59,4,51513.6,1,1,0,19620.74,1
8732,15663799,Lima,684,Germany,Male,21,2,0.0,1,0,0,154840.28,0
8733,15202556,Ferreira,547,France,Male,19,7,0.0,1,0,1,106323.28,0
8734,15067441,Souza,628,France,Male,37,1,111868.66,1,0,0,144927.72,0
8735,15058180,Santos,714,France,Male,34,5,0.0,1,1,0,145407.32,0
8736,15996026,Costa,643,Spain,Male,37,6,0.0,1,0,1,107948.83,0
8737,15507971,Gomes,605,France,Female,45,6,13342.25,1,1,0,151102.31,1
8738,15369823,Costa,629,France,Female,52,5,97049.63,1,1,0,188891.61,1
8739,15330843,Martin,755,France,Male,31,2,0.0,3,0,1,13137.04,1
8740,15560394,Ferreira,638,Germany,Female,45,4,173352.49,1,0,0,56753.73,1
8741,15035595,Ferreira,691,Germany,Male,32,5,0.0,2,1,1,181862.94,0
8742,15348159,Lima,587,France,Female,42,7,64380.5,1,0,0,143654.39,1
8743,15344844,Dubois,526,France,Male,47,2,25826.0,1,1,1,118562.6,0
8744,15930559,Müller,429,France,Male,56,4,0.0,1,0,0,114448.36,1
8745,15711902,Bernard,577,Germany,Female,37,3,0.0,1,1,1,87173.22,0
8746,15592167,Martin,490,Germany,Male,25,4,0.0,2,1,0,124316.13,0
8747,15877241,Schmidt,632,France,Female,46,2,72181.75,2,1,1,129936.1,0
8748,15759193,Thomas,598,France,Female,35,2,0.0,2,1,0,80456.43,0
8749,15784091,Costa,728,France,Female,22,6,137062.38,1,1,1,83564.24,0
8750,15497322,Weber,567,France,Male,28,4,0.0,1,1,0,54803.4,0
8751,15396890,Müller,541,Germany,Female,45,4,29598.39,2,1,1,119828.86,0
8752,15112503,Ferreira,772,France,Male,36,7,0.0,1,1,0,107466.6,0
8753,15095953,Costa,759,France,Female,70,2,41447.98,2,1,1,98411.23,0
8754,15170674,Silva,694,France,Female,39,3,70316.54,1,0,1,126804.12,0
8755,15089070,Dubois,691,Spain,Male,37,3,0.0,1,1,0,133998.07,0
8756,15576653,Oliveira,698,Spain,Female,49,5,222836.42,1,1,0,87058.37,1
8757,15121756,Gomes,621,France,Female,34,5,0.0,2,0,1,161661.03,0
8758,15519905,Alves,430,France,Female,50,4,0.0,2,0,1,26237.47,0
8759,15924296,Meyer,525,France,Male,44,5,0.0,1,1,1,87017.12,0
8760,15901875,Gomes,800,France,Male,36,4,185916.1,1,1,0,124161.43,0
8761,15153989,Alves,763,France,Female,54,6,0.0,1,1,1,39767.57,0
8762,15149895,Gomes,716,Germany,Female,37,4,0.0,1,1,0,54320.88,1
8763,15945899,Fischer,629,Germany,Female,57,7,76347.78,1,1,1,128611.99,1
8764,15306759,Bernard,567,Spain,Female,51,2,0.0,2,1,1,112901.63,0
8765,15208548,Souza,519,France,Male,36,1,48677.65,1,0,0,51345.39,0
8766,15676208,Pereira,826,Spain,Male,24,5,185815.37,2,1,0,90370.73,0
8767,15566797,Gomes,773,Spain,Male,35,3,90900.27,2,1,1,161765.66,0
8768,15853255,Costa,850,France,Female,31,4,7105.63,2,0,0,114338.19,0
8769,15098615,Costa,658,France,Male,44,5,158747.94,2,1,0,158572.53,0
8770,15791353,Gomes,747,France,Male,29,2,0.0,1,1,0,61393.35,0
8771,15292596,Alves,532,France,Male,59,0,22596.32,1,0,1,28848.13,0
8772,15828969,Alves,850,France,Male,27,4,59928.17,2,1,1,66995.2,0
8773,15008022,Santos,646,Germany,Male,40,7,165213.46,1,1,0,25180.6,1
8774,15152070,Costa,795,France,Male,27,4,74087.06,1,1,0,75302.85,0
8775,15739617,Oliveira,571,Spain,Female,38,5,91709.95,1,1,0,129249.19,0
8776,15874453,Souza,744,France,Male,57,2,34927.01,2,0,0,71530.68,0
8777,15628139,Souza,614,Spain,Female,45,4,38936.42,3,1,0,45979.89,1
8778,15376608,Costa,659,France,Male,40,4,28668.05,2,1,0,24477.86,0
8779,15777856,Santos,693,Spain,Male,58,2,199874.15,2,0,0,84206.69,0
8780,15041110,Oliveira,589,France,Male,56,2,102141.85,2,1,0,193696.38,0
8781,15831196,Ferreira,573,France,Male,49,3,0.0,1,1,0,135060.68,0
8782,15307252,Alves,579,Spain,Female,56,0,0.0,1,0,0,162355.85,1
8783,15598643,Müller,694,France,Female,41,2,99334.81,2,1,1,133857.59,0
8784,15590141,Gomes,649,Germany,Male,48,6,151516.85,1,1,0,142570.57,1
8785,15935636,Pereira,830,Germany,Male,33,5,120417.06,1,1,1,121223.51,0
8786,15711831,Pereira,730,France,Male,34,3,0.0,2,0,0,118042.92,0
8787,15818434,Pereira,693,France,Female,50,4,68885.02,1,1,1,111903.72,0
8788,15138003,Costa,682,Germany,Male,54,6,56151.34,2,1,0,84083.36,0
8789,15334542,Dubois,689,France,Male,45,6,0.0,1,0,0,128528.63,0
8790,15526806,Müller,711,Germany,Female,51,5,190524.93,1,1,1,163159.26,1
8791,15969579,Pereira,763,Spain,Male,33,2,96963.96,1,1,0,131981.38,0
8792,15372200,Thomas,598,France,Male,47,2,85044.64,2,1,0,48789.71,0
8793,15582523,Souza,762,France,Male,41,3,0.0,1,1,0,65014.78,0
8794,15247176,Schmidt,515,Germany,Male,46,5,20670.49,1,1,0,143128.24,1
8795,15436254,Robert,744,France,Female,47,3,102037.8,2,0,0,27759.89,0
8796,15371122,Gomes,646,France,Male,40,4,16140.62,1,1,1,126425.37,0
8797,15039514,Oliveira,638,France,Male,18,6,146934.22,2,0,1,124813.2,0
8798,15607841,Fischer,606,Germany,Male,61,7,134728.58,2,0,0,33646.9,1
8799,15050799,Weber,576,France,Male,24,6,154907.5,3,0,1,69506.27,1
8800,15092871,Ferreira,564,France,Male,32,2,91443.48,1,0,1,48196.84,0
8801,15978437,Silva,617,Spain,Male,40,7,0.0,1,1,0,151065.8,0
8802,15792564,Bernard,619,France,Male,32,5,41884.14,2,1,0,180598.76,0
8803,15098822,Bernard,725,France,Female,60,5,62105.49,2,0,1,166025.4,0
8804,15137751,Santos,850,Spain,Female,42,2,119060.38,1,0,0,99141.7,1
8805,15118273,Schmidt,521,Germany,Female,55,8,219536.34,2,0,1,54878.95,0
8806,15688476,Robert,677,Spain,Male,37,0,0.0,1,1,0,124605.84,0
8807,15381433,Schmidt,634,France,Male,44,1,0.0,2,1,1,76052.08,0
8808,15943528,Bernard,650,Spain,Female,58,2,98235.59,2,0,1,20228.9,0
8809,15305142,Robert,843,France,Female,73,5,0.0,1,1,1,98112.34,1
8810,15035866,Robert,578,France,Male,68,5,24703.97,1,0,1,108295.29,0
8811,15844146,Silva,538,France,Male,43,8,0.0,2,1,1,187173.89,0
8812,15241921,Gomes,731,France,Male,23,3,108566.17,2,1,1,94622.77,0
8813,15269655,Lima,518,Spain,Female,26,3,56578.57,1,1,1,59744.32,0
8814,15315015,Robert,675,France,Female,56,5,0.0,1,1,1,111732.63,0
8815,15834075,Weber,792,Germany,Male,51,2,65173.68,1,1,0,49305.86,1
8816,15356231,Robert,549,Germany,Female,44,4,172664.29,2,1,1,152762.09,0
8817,15373097,Martin,543,Germany,Female,39,0,0.0,2,1,0,116458.47,0
8818,15474375,Alves,746,France,Female,49,5,66523.61,2,1,0,31354.76,0
8819,15772756,Santos,664,Germany,Female,35,6,148593.06,2,1,1,114834.81,0
8820,15623370,Souza,687,France,Female,32,2,0.0,1,0,0,65319.69,0
8821,15791266,Bernard,728,France,Male,39,3,208610.43,1,1,0,47765.79,0
8822,15141241,Ferreira,676,Spain,Female,56,2,76557.49,2,1,1,27953.22,0
8823,15896779,Schmidt,610,France,Female,35,5,71516.91,1,1,1,184408.59,0
8824,15472456,Meyer,629,France,Male,41,5,0.0,2,0,0,161892.73,0
8825,15168528,Schmidt,533,Spain,Male,34,6,188532.84,1,0,1,166917.0,0
8826,15732356,Gomes,684,France,Male,45,8,96615.97,1,1,0,24691.13,0
8827,15221152,Meyer,551,Germany,Male,49,8,153316.32,1,1,0,198063.24,1
8828,15307367,Ferreira,523,France,Male,51,1,11265.5,1,1,0,194521.72,1
8829,15478895,Thomas,778,France,Male,22,4,61009.13,1,1,0,150503.98,0
8830,15728215,Gomes,683,France,Male,32,6,68638.51,1,1,0,185178.17,0
8831,15232669,Santos,417,France,Male,52,5,98036.15,1,0,0,171823.09,1
8832,15805230,Oliveira,607,France,Male,31,7,77779.09,1,1,0,146152.16,0
8833,15137035,Souza,524,Germany,Female,23,4,0.0,1,0,1,87339.66,0
8834,15668157,Müller,700,Germany,Male,46,4,62061.61,1,0,1,133063.35,0
8835,15021875,Müller,620,Spain,Male,45,0,29771.52,1,1,0,151806.21,0
8836,15361378,Santos,700,France,Male,25,0,34522.65,2,1,1,70133.65,0
8837,15929499,Meyer,740,Germany,Female,31,5,32827.26,2,1,0,95946.17,0
8838,15222428,Meyer,727,Germany,Female,56,4,0.0,2,1,1,197913.99,0
8839,15031366,Weber,708,Spain,Male,42,5,0.0,3,0,0,145214.61,1
8840,15576566,Gomes,712,France,Female,21,2,0.0,1,1,1,115182.68,0
8841,15793440,Schmidt,710,Germany,Male,35,6,30233.72,2,0,1,30660.2,0
8842,15831470,Costa,812,Spain,Male,46,7,5609.62,1,1,0,103452.02,0
8843,15329625,Martin,559,France,Male,40,5,0.0,2,1,1,22964.41,0
8844,15730061,Martin,652,Spain,Male,58,3,138919.86,1,1,1,152924.07,0
8845,15805104,Müller,509,France,Male,44,2,73996.54,1,1,0,25816.49,0
8846,15126782,Alves,641,Germany,Male,35,5,110467.47,3,0,0,146894.3,1
8847,15889672,Thomas,597,Spain,Male,51,8,242824.1,2,0,0,81030.03,0
8848,15525612,Ferreira,566,Germany,Male,40,5,151759.17,1,1,0,21234.0,1
8849,15843603,Costa,482,France,Male,40,6,196685.13,1,1,1,49028.63,0
8850,15989892,Alves,783,France,Male,47,5,209048.06,2,0,1,128135.6,0
8851,15830569,Müller,530,Spain,Male,49,5,84257.64,1,0,0,145327.92,0
8852,15257135,Thomas,586,France,Female,36,5,0.0,2,1,1,144916.06,0
8853,15970575,Fischer,799,France,Female,33,5,99876.37,2,0,0,128009.31,0
8854,15962121,Lima,636,Germany,Female,40,6,108940.85,1,1,1,94617.03,1
8855,15909978,Müller,550,France,Female,37,3,0.0,1,1,1,97514.35,0
8856,15226151,Silva,617,France,Male,42,7,133027.87,1,1,1,14205.16,0
8857,15171814,Oliveira,779,France,Female,41,6,0.0,1,0,0,59177.93,1
8858,15699288,Thomas,679,France,Male,37,6,0.0,2,0,1,140290.25,0
8859,15037424,Meyer,595,Germany,Female,36,6,50318.62,2,1,1,120091.76,0
8860,15616820,Gomes,659,Germany,Female,34,4,82443.08,1,1,0,151975.0,1
8861,15844991,Bernard,501,Germany,Female,40,6,216509.55,1,0,0,26956.81,1
8862,15642298,Gomes,659,Spain,Male,30,8,58785.46,1,1,1,133605.81,0
8863,15737525,Alves,445,Spain,Female,32,6,0.0,1,1,1,21624.12,0
8864,15441701,Ferreira,638,Germany,Female,36,2,234387.68,2,1,0,45370.91,0
8865,15608051,Oliveira,581,France,Male,47,6,227601.44,2,1,1,199554.62,0
8866,15356224,Souza,550,Germany,Female,54,4,108045.17,1,1,0,159202.52,1
8867,15380752,Souza,683,France,Female,38,5,156917.49,2,1,1,123030.32,0
8868,15997975,Fischer,583,Germany,Male,78,9,150445.82,1,1,1,110803.81,1
8869,15315887,Meyer,609,Germany,Female,53,3,0.0,2,0,1,165620.46,0
8870,15858994,Martin,621,France,Female,67,3,54791.58,1,1,1,78373.79,1
8871,15486945,Bernard,394,Spain,Female,55,3,0.0,2,1,1,28736.36,0
8872,15869809,Thomas,674,France,Female,46,2,0.0,2,1,1,162983.59,0
8873,15007191,Silva,592,Germany,Male,43,2,192483.26,2,1,1,99937.4,0
8874,15644608,Martin,506,France,Female,29,4,62673.95,1,1,1,181189.43,0
8875,15403072,Santos,606,Spain,Male,43,7,190400.31,1,0,1,99485.65,0
8876,15935822,Gomes,618,France,Male,46,6,207149.61,2,0,1,111470.52,0
8877,15125834,Bernard,744,France,Female,49,2,0.0,1,1,0,151103.4,1
8878,15782457,Costa,632,France,Male,43,5,221539.91,2,1,1,40700.52,0
8879,15429967,Schmidt,785,France,Female,38,6,0.0,2,1,1,27901.58,0
8880,15479186,Martin,850,France,Female,47,4,0.0,1,1,1,60882.2,0
8881,15215409,Müller,593,Germany,Female,32,7,0.0,1,1,1,178286.36,0
8882,15759559,Weber,844,France,Female,44,7,244277.02,1,1,1,172572.85,0
8883,15741133,Thomas,605,France,Male,57,3,124689.5,2,1,0,34039.33,0
8884,15483457,Martin,738,France,Female,52,7,65751.04,1,1,1,194870.57,0
8885,15180552,Schmidt,536,Spain,Male,55,5,113734.23,1,1,1,58521.62,0
8886,15404953,Lima,575,Germany,Male,18,4,91373.43,1,0,0,163962.36,0
8887,15487487,Meyer,624,Germany,Female,59,6,202349.78,2,1,1,152607.04,0
8888,15733246,Alves,589,Germany,Male,40,6,13253.45,2,1,0,171089.08,0
8889,15365032,Santos,698,France,Male,58,5,213974.38,2,1,0,179480.16,0
8890,15265126,Meyer,706,France,Female,31,6,0.0,1,0,1,49998.15,0
8891,15149554,Meyer,667,France,Female,37,8,0.0,2,0,1,123126.46,0
8892,15493194,Alves,731,Spain,Male,44,7,0.0,2,1,1,26903.44,0
8893,15600722,Dubois,581,Spain,Male,45,1,0.0,2,1,1,27899.59,0
8894,15442326,Schmidt,560,France,Male,34,6,84023.81,1,0,0,141303.56,0
8895,15670068,Souza,832,France,Female,48,6,86934.25,2,1,1,124210.14,0
8896,15697718,Martin,647,France,Male,46,7,121201.86,2,1,1,139211.88,0
8897,15129179,Oliveira,739,France,Male,37,6,0.0,1,1,0,12000.23,0
8898,15754054,Meyer,725,Germany,Male,45,7,129404.48,2,1,1,28628.47,0
8899,15161581,Bernard,627,France,Female,33,0,100522.02,1,1,1,29568.0,0
8900,15263495,Alves,559,Spain,Male,43,8,193164.19,1,1,0,51493.26,0
8901,15584270,Ferreira,557,France,Female,28,2,169422.5,1,1,0,104838.44,1
8902,15089439,Pereira,693,Spain,Male,49,6,0.0,1,0,1,121737.24,0
8903,15530979,Costa,436,Spain,Male,38,8,131834.85,2,1,1,112256.21,0
8904,15211999,Silva,659,Spain,Male,39,0,0.0,1,1,1,81063.39,0
8905,15605970,Weber,727,Germany,Female,50,7,0.0,1,1,0,111172.42,1
8906,15037794,Lima,653,Germany,Female,41,6,45452.09,1,0,1,90660.62,0
8907,15448996,Dubois,817,Germany,Male,71,7,68167.14,2,1,0,142317.46,1
8908,15571800,Bernard,765,Germany,Male,55,2,0.0,1,1,0,176076.5,1
8909,15700501,Silva,656,Germany,Male,47,6,14702.9,2,1,0,115299.28,0
8910,15185609,Fischer,597,Spain,Female,48,4,0.0,2,1,0,131138.51,0
8911,15922224,Oliveira,692,Germany,Male,37,3,0.0,2,1,1,159884.58,0
8912,15134508,Costa,582,Spain,Male,22,6,165573.67,1,1,0,158383.38,0
8913,15540423,Ferreira,556,Spain,Male,37,4,14989.45,1,1,1,166913.4,0
8914,15777230,Dubois,696,France,Male,52,7,0.0,2,0,1,64386.64,0
8915,15553778,Pereira,768,France,Male,33,5,23832.13,1,1,1,54281.27,0
8916,15641786,Thomas,502,France,Male,40,2,0.0,1,0,1,160651.34,0
8917,15170497,Oliveira,535,Germany,Female,39,2,0.0,2,1,0,151665.09,0
8918,15889417,Fischer,588,Spain,Male,34,3,53629.78,2,1,0,43680.91,0
8919,15976558,Schmidt,641,France,Male,27,3,0.0,2,0,1,41639.66,0
8920,15873898,Meyer,514,Germany,Male,49,5,51903.43,1,1,1,30575.52,0
8921,15690171,Thomas,508,Germany,Male,39,7,26652.15,2,1,0,63930.09,0
8922,15033390,Schmidt,536,France,Female,50,5,0.0,2,1,1,145115.28,0
8923,15586791,Müller,651,Germany,Male,43,6,74557.54,2,1,0,175095.2,0
8924,15181807,Bernard,695,Spain,Female,51,3,97754.85,1,1,1,199417.13,0
8925,15382115,Bernard,785,France,Female,41,4,78026.4,2,1,0,172324.41,0
8926,15489510,Souza,660,Germany,Female,54,4,0.0,1,1,1,196582.1,1
8927,15412008,Dubois,593,Germany,Male,42,5,0.0,2,1,1,39205.52,0
8928,15471887,Martin,651,France,Male,38,4,29033.18,2,0,1,80624.32,0
8929,15673572,Gomes,722,France,Female,66,3,81867.33,2,1,0,49912.13,1
8930,15858238,Fischer,738,Spain,Male,22,2,0.0,2,1,1,65438.7,0
8931,15118919,Dubois,585,France,Female,20,2,103201.64,2,1,1,32244.87,0
8932,15420994,Lima,635,France,Male,40,8,0.0,1,0,1,174095.75,0
8933,15267950,Martin,768,France,Male,49,3,0.0,1,1,1,22369.14,0
8934,15923143,Thomas,701,Germany,Male,24,6,0.0,3,1,1,91275.02,1
8935,15511212,Lima,655,Germany,Female,46,1,146324.74,2,1,0,33851.31,1
8936,15072543,Santos,513,Germany,Male,48,1,139788.94,2,1,1,96797.89,0
8937,15031722,Lima,433,France,Male,47,5,100003.37,1,0,1,61068.4,0
8938,15864726,Bernard,704,Spain,Male,38,4,146072.86,1,1,1,138086.03,0
8939,15113944,Meyer,850,France,Female,49,7,0.0,1,0,1,181620.62,0
8940,15129353,Lima,507,France,Female,23,6,184167.07,2,1,1,30160.87,0
8941,15364693,Ferreira,664,France,Male,25,6,0.0,1,1,1,16823.28,0
8942,15577074,Gomes,585,France,Female,38,6,46467.54,1,1,1,99566.77,0
8943,15322684,Gomes,594,Spain,Female,46,7,0.0,1,0,1,24024.74,0
8944,15047524,Lima,372,Spain,Male,48,6,68893.13,2,1,0,37862.85,0
8945,15633752,Souza,560,France,Female,44,4,139970.64,2,1,1,136674.15,0
8946,15611250,Martin,480,Spain,Male,41,3,85729.72,2,1,0,157149.41,0
8947,15108878,Silva,838,Spain,Female,43,6,10581.89,2,1,0,96548.68,0
8948,15203531,Oliveira,663,Spain,Male,31,3,62620.09,2,0,0,131521.6,0
8949,15077539,Müller,655,France,Male,20,2,82330.98,1,1,0,183272.89,0
8950,15456163,Fischer,648,Germany,Male,54,2,98206.54,1,1,1,101174.93,0
8951,15182125,Martin,491,France,Male,45,5,0.0,1,0,1,198031.5,0
8952,15286009,Bernard,605,Spain,Female,46,2,0.0,1,0,1,17562.31,0
8953,15536027,Fischer,753,France,Male,36,3,0.0,2,1,0,44553.72,0
8954,15794354,Meyer,589,Germany,Male,48,5,109246.82,1,1,1,68230.38,0
8955,15703031,Bernard,363,France,Female,44,6,154153.65,2,1,0,135855.51,0
8956,15868550,Dubois,631,France,Male,23,3,0.0,2,1,0,29260.46,0
8957,15639151,Santos,700,Germany,Female,55,6,0.0,1,0,1,125671.64,1
8958,15349069,Gomes,667,Spain,Male,40,1,0.0,1,1,1,102351.22,0
8959,15657636,Costa,676,Germany,Female,30,9,88625.6,2,1,0,34335.92,0
8960,15213617,Robert,832,Spain,Male,28,4,0.0,1,1,1,141133.38,0
8961,15609396,Martin,780,France,Male,46,3,159435.17,1,1,0,86524.0,0
8962,15128000,Pereira,598,Germany,Female,43,7,124748.86,1,1,0,174376.75,1
8963,15900584,Silva,763,France,Male,45,2,98536.85,2,1,0,21860.54,0
8964,15088796,Gomes,599,France,Female,52,3,100900.86,1,0,0,40258.77,1
8965,15418826,Thomas,630,Germany,Female,40,3,57282.32,1,0,0,112816.28,1
8966,15151045,Silva,717,Germany,Female,42,4,0.0,2,1,1,181485.56,0
8967,15734288,Schmidt,494,Germany,Female,46,6,92168.88,2,0,1,180116.31,0
8968,15764143,Gomes,611,Germany,Female,67,6,29630.4,2,1,1,21157.53,1
8969,15540030,Weber,544,Germany,Male,36,5,72187.91,1,1,1,50669.88,0
8970,15951975,Thomas,464,France,Male,73,9,0.0,1,1,1,157815.74,0
8971,15031871,Alves,638,France,Male,23,6,0.0,1,1,1,69471.64,0
8972,15259769,Fischer,667,Germany,Female,57,5,129338.82,1,1,1,160485.42,1
8973,15377711,Oliveira,589,France,Male,43,2,249244.43,1,1,1,158118.84,0
8974,15283551,Dubois,775,France,Male,52,4,117040.06,1,0,1,120665.76,0
8975,15658506,Lima,518,France,Female,18,2,13732.59,1,1,0,158047.79,0
8976,15538600,Gomes,529,Germany,Male,20,3,179317.02,1,1,0,149136.95,1
8977,15269273,Costa,726,France,Male,27,5,151398.22,2,1,0,137591.56,0
8978,15478008,Robert,628,Germany,Male,49,2,154287.85,2,1,1,136917.56,0
8979,15539446,Weber,688,Germany,Female,50,1,0.0,1,1,1,154214.49,0
8980,15504422,Santos,703,France,Female,52,4,0.0,2,1,1,49519.86,0
8981,15898877,Alves,666,Spain,Male,39,0,86694.31,1,0,0,62618.75,0
8982,15519301,Pereira,551,Germany,Male,28,5,174636.83,1,1,1,47065.51,0
8983,15539824,Lima,669,Germany,Female,33,7,65707.83,2,1,1,39033.99,0
8984,15970752,Fischer,815,Germany,Female,19,2,156361.41,1,1,0,164212.48,1
8985,15035979,Martin,725,France,Male,53,3,740.41,2,1,0,195144.52,0
8986,15849974,Costa,576,Germany,Male,51,7,111975.32,1,1,1,18160.87,1
8987,15528944,Fischer,480,France,Male,78,5,0.0,2,0,0,133125.41,0
8988,15564965,Lima,711,Spain,Female,31,2,244042.26,2,0,0,116120.99,0
8989,15832078,Ferreira,811,Spain,Female,23,3,136120.72,2,1,0,43729.28,0
8990,15834761,Souza,837,Germany,Female,38,6,0.0,1,1,1,67237.25,0
8991,15918078,Pereira,688,France,Female,47,5,205385.97,1,0,0,32517.99,1
8992,15784399,Souza,650,France,Female,64,2,0.0,1,1,0,130349.12,1
8993,15615062,Gomes,532,France,Male,28,1,200429.45,2,1,1,173653.94,0
8994,15676586,Alves,499,France,Male,22,5,162487.31,1,1,0,158923.34,0
8995,15222608,Müller,772,France,Male,44,5,246810.05,1,1,1,46263.8,0
8996,15081412,Costa,661,Germany,Female,50,1,0.0,1,0,1,17448.94,0
8997,15004354,Santos,823,France,Female,35,8,0.0,1,0,1,108620.54,0
8998,15193961,Meyer,642,Spain,Female,52,2,0.0,2,1,0,119979.3,0
8999,15437082,Bernard,616,France,Female,25,3,0.0,2,1,1,52444.21,0
9000,15907401,Alves,743,Spain,Male,58,2,96097.16,1,0,0,34464.3,1
9001,15233211,Meyer,667,Spain,Female,40,6,0.0,2,1,0,178093.23,0
9002,15895112,Alves,703,Germany,Female,23,8,147369.85,1,1,0,68125.92,1
9003,15172674,Bernard,608,Germany,Female,31,2,0.0,2,1,0,106980.57,0
9004,15886649,Meyer,647,France,Female,34,3,60512.47,2,1,1,99997.85,0
9005,15242658,Schmidt,783,Germany,Male,41,5,171919.93,1,1,0,190272.58,1
9006,15249956,Dubois,596,France,Female,42,4,119848.34,1,1,0,85426.27,1
9007,15891202,Silva,797,France,Male,43,1,245711.74,2,0,0,183385.25,0
9008,15294468,Schmidt,850,Germany,Male,42,8,0.0,1,0,1,76746.15,0
9009,15336952,Costa,713,France,Female,39,5,79764.62,3,1,0,183373.34,1
9010,15159617,Bernard,592,Germany,Female,19,3,0.0,2,1,0,11837.24,0
9011,15757431,Pereira,598,France,Male,78,4,82615.12,2,0,1,52893.42,0
9012,15666596,Dubois,697,France,Male,56,4,0.0,1,0,1,84325.65,0
9013,15665831,Fischer,560,France,Female,27,4,0.0,1,1,1,174555.27,0
9014,15111390,Bernard,753,France,Female,31,4,68513.67,2,0,1,169881.96,0
9015,15048384,Pereira,677,France,Female,44,5,0.0,2,0,0,66858.21,0
9016,15738104,Costa,531,France,Female,40,3,0.0,1,1,1,107034.58,0
9017,15769410,Schmidt,636,France,Female,45,2,0.0,2,1,0,114455.41,0
9018,15759077,Alves,667,Spain,Female,42,5,83524.93,2,1,1,196938.29,0
9019,15188665,Ferreira,539,France,Female,39,6,77345.49,1,1,1,76404.02,0
9020,15989097,Ferreira,477,Germany,Female,28,6,41846.97,2,1,1,191345.47,0
9021,15328097,Schmidt,727,France,Female,44,0,219382.94,2,1,0,106531.12,0
9022,15696303,Fischer,708,Spain,Male,32,4,60010.18,1,1,1,134856.38,0
9023,15453064,Robert,517,France,Male,33,8,164651.82,1,0,1,138918.03,0
9024,15347297,Müller,618,France,Male,46,1,63306.34,2,1,1,122375.82,0
9025,15374224,Thomas,850,Germany,Female,50,6,44811.14,1,1,1,130276.97,0
9026,15608073,Martin,740,France,Male,38,2,9414.61,2,0,1,180736.84,0
9027,15774792,Thomas,568,Germany,Female,56,6,0.0,2,0,0,90067.54,1
9028,15182598,Costa,717,France,Male,49,5,101375.82,1,1,1,137329.02,0
9029,15961966,Meyer,566,Spain,Female,32,6,232508.61,1,1,0,58450.43,1
9030,15369353,Weber,751,France,Female,34,8,0.0,2,0,1,147641.91,0
9031,15762093,Souza,622,France,Male,46,8,223826.86,1,1,0,197981.75,0
9032,15055563,Müller,586,Germany,Male,33,3,179078.85,1,1,0,164311.34,1
9033,15249537,Gomes,579,France,Male,35,3,87064.21,1,1,0,30632.06,0
9034,15134691,Fischer,777,Spain,Female,46,4,119410.0,1,0,1,133148.23,0
9035,15768114,Meyer,462,France,Female,50,2,229109.0,1,1,1,87403.13,0
9036,15144386,Silva,546,Germany,Female,44,3,41164.57,1,1,1,85840.97,0
9037,15287006,Gomes,625,France,Male,50,8,149291.35,1,1,0,85876.99,0
9038,15950676,Souza,622,Spain,Male,31,4,139197.49,1,0,0,141518.88,0
9039,15195569,Fischer,706,Germany,Male,35,8,41097.93,2,1,1,21642.56,0
9040,15542657,Costa,587,France,Female,47,1,11319.46,1,1,1,85596.04,0
9041,15022826,Robert,548,France,Male,57,0,76297.98,2,0,0,25649.25,0
9042,15734237,Oliveira,665,France,Female,46,5,69264.22,2,1,0,183303.58,0
9043,15660865,Fischer,652,Spain,Female,37,6,0.0,1,1,1,22196.13,0
9044,15764584,Meyer,463,France,Male,74,2,79761.07,2,0,0,37083.27,0
9045,15086230,Ferreira,616,France,Male,18,4,248342.67,1,0,1,77925.0,0
9046,15656449,Ferreira,686,France,Female,33,7,0.0,1,1,0,129656.53,0
9047,15683050,Ferreira,668,France,Female,40,6,0.0,2,1,1,110187.61,0
9048,15102650,Robert,648,Germany,Female,38,2,173874.61,2,1,0,104948.99,0
9049,15876789,Fischer,616,Spain,Female,50,3,156387.79,2,0,0,15560.91,0
9050,15867330,Lima,586,Germany,Female,29,3,200159.79,1,0,1,135593.2,0
9051,15675840,Pereira,684,Spain,Female,26,6,50813.87,1,1,0,81911.53,0
9052,15900864,Robert,616,Germany,Female,36,8,91528.82,1,1,0,145753.62,1
9053,15912780,Weber,675,France,Male,43,3,0.0,2,1,0,91168.96,0
9054,15359932,Fischer,611,France,Male,52,5,0.0,1,1,1,168216.56,0
9055,15391194,Alves,764,Germany,Male,54,9,42815.97,1,1,0,49834.71,1
9056,15217014,Bernard,645,Spain,Male,40,2,0.0,2,0,1,140583.81,0
9057,15903304,Dubois,654,Spain,Male,44,5,47807.45,1,0,0,182446.19,0
9058,15687230,Meyer,767,France,Female,24,3,0.0,2,1,0,35187.33,0
9059,15653840,Weber,538,France,Female,37,9,48475.56,2,1,0,189421.12,0
9060,15258138,Souza,542,France,Male,60,2,81016.3,2,1,1,92383.08,0
9061,15148339,Oliveira,644,Spain,Male,40,4,51755.61,1,0,0,89469.16,0
9062,15011062,Costa,396,Spain,Male,26,2,52954.32,1,1,1,34052.93,0
9063,15446639,Dubois,462,Spain,Male,32,0,0.0,2,1,0,179542.16,0
9064,15814941,Müller,670,France,Female,40,8,181139.43,1,1,1,134882.01,0
9065,15591756,Schmidt,771,Germany,Female,35,5,137838.87,1,0,0,174022.15,1
9066,15636326,Silva,673,France,Female,44,5,73415.63,1,0,0,145412.25,1
9067,15307431,Dubois,739,France,Female,39,5,171268.7,2,1,1,97339.4,0
9068,15817831,Ferreira,511,Germany,Female,61,2,160792.32,1,0,1,98461.79,1
9069,15336723,Meyer,482,France,Female,45,2,0.0,1,0,1,171528.41,0
9070,15141768,Pereira,677,France,Female,60,5,0.0,1,1,1,100934.09,0
9071,15026599,Dubois,698,Spain,Female,44,6,0.0,1,1,1,40088.39,0
9072,15232628,Gomes,664,Germany,Female,48,5,53275.7,2,1,1,78900.83,0
9073,15317036,Meyer,586,France,Female,43,5,62015.1,2,1,0,166042.73,0
9074,15937474,Martin,533,Germany,Male,19,6,0.0,2,1,0,16485.23,0
9075,15023777,Alves,689,France,Female,44,2,27462.07,2,0,0,106839.22,0
9076,15899247,Pereira,759,Germany,Male,40,6,247564.38,2,1,0,74528.2,0
9077,15285576,Müller,725,Spain,Male,22,4,73375.27,1,1,0,85700.3,0
9078,15493093,Schmidt,850,Spain,Female,35,5,77085.67,1,1,1,63530.36,0
9079,15066928,Gomes,610,Germany,Female,45,3,91479.76,2,1,1,151339.05,0
9080,15773275,Pereira,619,France,Male,75,2,3573.41,2,1,0,189488.29,0
9081,15730343,Alves,657,France,Male,32,0,20204.48,2,1,1,77783.07,0
9082,15974567,Meyer,507,France,Male,48,6,0.0,1,1,0,97720.71,0
9083,15848995,Souza,692,France,Female,58,2,73561.05,1,0,1,142916.82,0
9084,15728328,Müller,685,Spain,Male,36,3,94947.67,2,1,0,99684.96,0
9085,15130474,Alves,625,France,Male,23,6,0.0,1,0,1,113933.01,0
9086,15149264,Oliveira,529,France,Male,32,4,0.0,1,0,0,117112.69,0
9087,15279219,Alves,598,France,Female,56,2,118455.07,2,1,0,132385.04,1
9088,15206076,Lima,618,Spain,Male,28,2,0.0,1,1,1,91428.51,0
9089,15976567,Alves,519,France,Male,37,4,86588.5,1,1,1,39590.52,0
9090,15902604,Weber,597,Germany,Male,37,5,68687.58,2,1,0,85058.7,0
9091,15507654,Martin,419,France,Female,56,3,0.0,1,0,1,174007.61,0
9092,15895195,Alves,513,France,Male,66,7,0.0,1,1,0,67148.05,1
9093,15688384,Oliveira,697,France,Female,39,0,197080.69,1,0,0,119232.96,1
9094,15828228,Meyer,660,Germany,Female,57,4,82162.32,2,1,0,27303.52,1
9095,15578600,Oliveira,707,Germany,Male,18,6,0.0,2,1,1,144895.14,0
9096,15919435,Santos,616,Spain,Female,29,7,0.0,1,0,1,85739.66,0
9097,15135457,Silva,668,France,Male,72,3,0.0,1,1,1,45326.42,0
9098,15947607,Meyer,597,France,Male,50,5,67255.63,1,1,1,159717.01,0
9099,15059831,Thomas,570,Spain,Female,36,5,0.0,2,1,1,196465.08,0
9100,15820351,Meyer,680,France,Male,48,2,156871.16,2,1,0,65314.88,0
9101,15979798,Ferreira,545,Germany,Male,56,5,0.0,1,1,1,29451.45,0
9102,15198419,Lima,672,Spain,Female,55,2,34094.5,2,1,1,48981.64,0
9103,15058141,Fischer,646,France,Male,58,6,30952.68,1,0,1,152712.89,0
9104,15497007,Dubois,707,Germany,Female,41,6,0.0,1,1,0,60557.24,1
9105,15705808,Müller,646,France,Male,53,4,7635.58,1,1,1,47208.96,0
9106,15044850,Robert,788,France,Female,45,1,19064.45,2,1,1,157737.96,0
9107,15140839,Fischer,632,France,Female,42,6,0.0,2,1,1,82050.88,0
9108,15502378,Pereira,636,Spain,Female,41,4,204108.13,1,1,1,97342.71,0
9109,15685606,Fischer,700,France,Male,39,1,9730.02,2,1,0,193490.48,0
9110,15678132,Oliveira,632,Germany,Male,20,3,208427.43,1,1,0,128358.49,1
9111,15804340,Fischer,639,Spain,Male,34,3,83480.95,1,1,1,63637.8,0
9112,15091956,Silva,621,Germany,Female,47,6,0.0,1,1,1,49338.77,0
9113,15108229,Thomas,850,Germany,Male,35,4,90492.89,2,0,0,103840.09,0
9114,15337668,Souza,850,France,Female,23,5,49924.21,3,1,1,160652.62,1
9115,15132992,Bernard,601,France,Female,33,4,120124.31,1,1,0,41631.61,1
9116,15029072,Oliveira,514,France,Male,30,6,82579.16,1,1,1,110632.23,0
9117,15029611,Robert,652,Germany,Female,49,6,186291.34,1,1,0,138356.17,1
9118,15990595,Martin,726,Spain,Female,39,4,87238.15,2,0,1,31815.14,0
9119,15295811,Dubois,711,Spain,Male,20,2,0.0,2,0,1,150278.67,0
9120,15617647,Santos,790,Spain,Male,45,4,244843.02,1,1,1,171902.33,0
9121,15522946,Robert,745,Spain,Female,54,2,5871.32,1,1,1,143407.21,0
9122,15834601,Robert,583,France,Female,22,8,223603.68,1,1,0,37365.18,1
9123,15129832,Pereira,726,Germany,Female,37,8,0.0,2,0,0,60133.27,0
9124,15101357,Gomes,642,Spain,Male,76,4,0.0,1,1,0,47444.44,1
9125,15317257,Schmidt,487,France,Male,35,0,112911.79,2,1,1,178742.98,0
9126,15205157,Meyer,753,Spain,Male,70,3,234295.24,1,1,0,134547.96,1
9127,15112890,Souza,677,France,Male,37,7,156638.09,2,0,1,109968.9,0
9128,15843157,Fischer,739,Germany,Female,36,3,0.0,1,0,1,109050.5,0
9129,15658580,Santos,801,Germany,Male,32,5,68714.32,2,0,0,155893.59,0
9130,15161768,Weber,570,Spain,Female,28,2,0.0,2,0,0,90122.96,0
9131,15290628,Silva,551,France,Female,58,6,70307.22,1,1,0,55942.25,1
9132,15895522,Alves,577,Germany,Male,65,7,225466.67,1,1,1,130544.69,1
9133,15530008,Martin,741,Germany,Female,70,5,0.0,1,1,0,175268.1,1
9134,15239031,Pereira,601,France,Male,58,5,73750.4,2,0,0,100470.78,0
9135,15051049,Costa,469,Spain,Female,55,3,28966.41,1,1,0,79615.61,1
9136,15582884,Dubois,559,Germany,Male,45,5,0.0,1,1,0,14539.47,0
9137,15155926,Pereira,494,Germany,Female,57,4,235430.3,3,0,0,198526.47,1
9138,15996111,Alves,699,France,Female,37,6,3642.74,2,0,0,77190.5,0
9139,15056970,Müller,624,France,Male,33,8,170601.43,2,1,1,176494.07,0
9140,15476329,Alves,658,Germany,Male,50,6,78171.46,2,0,1,111924.42,0
9141,15870519,Alves,626,France,Male,54,4,0.0,1,0,1,19642.85,0
9142,15832480,Meyer,432,France,Male,41,8,83429.68,2,0,1,78347.63,0
9143,15606752,Ferreira,577,Spain,Male,60,5,0.0,2,1,0,57148.12,0
9144,15081593,Souza,654,Germany,Male,31,1,0.0,2,0,0,86797.03,0
9145,15558358,Ferreira,611,Germany,Female,42,6,0.0,1,0,0,88698.21,1
9146,15708639,Gomes,763,France,Female,64,6,0.0,3,0,0,131021.33,1
9147,15844979,Gomes,709,France,Female,19,2,76600.59,2,0,0,130712.77,0
9148,15658620,Schmidt,643,France,Male,58,5,0.0,1,0,1,147918.71,0
9149,15780599,Gomes,751,France,Female,43,7,247865.83,1,1,1,176874.28,0
9150,15190296,Oliveira,755,Germany,Male,43,2,0.0,2,0,1,114958.41,0
9151,15476560,Schmidt,708,Germany,Male,52,5,235161.93,1,0,1,64174.73,1
9152,15196660,Meyer,657,France,Male,38,3,19879.43,1,0,0,184784.31,0
9153,15322978,Silva,623,France,Female,32,6,0.0,2,0,0,169237.87,0
9154,15218510,Müller,654,France,Female,49,5,0.0,1,1,0,87828.35,1
9155,15355573,Pereira,694,France,Male,22,4,130369.83,2,1,1,91726.55,0
9156,15847565,Santos,682,France,Female,44,0,107391.05,2,1,1,95696.7,0
9157,15448963,Martin,525,Spain,Female,37,8,0.0,2,1,0,87451.29,0
9158,15415596,Müller,673,Germany,Female,51,4,52907.51,1,0,1,187999.63,1
9159,15638100,Costa,828,Germany,Female,27,6,60459.81,1,0,1,50397.58,0
9160,15984604,Ferreira,533,France,Female,31,3,8101.99,2,1,0,139322.0,0
9161,15763014,Pereira,682,Spain,Male,66,6,0.0,2,0,1,42491.71,0
9162,15942924,Bernard,742,Germany,Male,59,2,0.0,1,1,0,17629.64,1
9163,15718860,Silva,655,Spain,Male,43,2,142303.26,1,1,0,28198.92,0
9164,15429288,Gomes,827,France,Female,46,3,83713.09,2,1,0,18441.08,0
9165,15420421,Meyer,503,Spain,Male,33,1,0.0,1,0,0,164773.91,0
9166,15985925,Bernard,662,Spain,Male,40,4,133204.13,1,1,1,198509.28,0
9167,15730117,Oliveira,482,Spain,Female,19,4,0.0,1,1,1,189454.56,0
9168,15101452,Bernard,417,France,Female,56,2,54051.3,2,1,0,15158.36,0
9169,15133760,Müller,588,France,Female,33,4,0.0,2,0,0,164889.8,0
9170,15028033,Fischer,667,France,Male,50,2,174232.49,1,1,0,74685.1,0
9171,15555372,Weber,667,France,Male,33,7,71104.05,2,0,0,27389.42,0
9172,15785779,Silva,730,Spain,Male,34,4,63785.49,1,0,0,87149.37,0
9173,15173231,Oliveira,534,France,Female,49,8,90727.44,2,1,1,109619.37,0
9174,15627412,Fischer,615,France,Male,52,3,46457.79,1,0,0,97833.39,1
9175,15977620,Schmidt,580,France,Female,36,3,139747.21,1,0,0,31657.35,1
9176,15883862,Robert,476,France,Female,35,3,0.0,2,0,1,188469.55,0
9177,15659611,Santos,722,France,Male,26,3,139693.32,1,1,0,183887.56,0
9178,15802900,Fischer,667,Spain,Female,28,6,2795.34,1,0,1,142771.85,0
9179,15148944,Souza,731,Germany,Male,50,3,0.0,1,1,0,63631.13,0
9180,15508883,Gomes,591,France,Male,34,3,79971.97,2,1,1,136309.06,0
9181,15205099,Meyer,840,France,Male,30,0,0.0,2,1,0,44304.79,0
9182,15053700,Alves,588,France,Female,57,8,26089.59,2,1,0,71453.04,0
9183,15142923,Thomas,620,France,Male,48,7,65134.6,2,1,1,188824.26,0
9184,15644015,Pereira,660,Germany,Male,19,3,12207.21,2,1,1,16156.03,0
9185,15314764,Martin,708,Germany,Male,23,4,0.0,2,0,0,71236.95,0
9186,15118094,Pereira,622,Germany,Male,21,4,91031.92,1,1,0,102442.31,0
9187,15500974,Meyer,688,Germany,Male,37,1,59126.27,1,1,0,169609.98,0
9188,15625063,Meyer,671,France,Male,44,4,0.0,1,1,0,177366.22,0
9189,15335074,Müller,821,Spain,Female,46,2,91160.6,1,1,0,138958.05,1
9190,15498609,Costa,747,Spain,Male,30,4,115130.21,1,1,0,79387.25,0
9191,15318511,Alves,737,Spain,Male,45,1,0.0,1,1,1,196047.53,0
9192,15964985,Lima,488,France,Male,35,5,130451.55,2,0,1,16127.66,0
9193,15028262,Müller,615,Spain,Male,31,0,0.0,2,1,0,193133.21,0
9194,15995144,Oliveira,706,Spain,Female,60,5,91058.97,1,1,1,190025.19,0
9195,15774275,Martin,727,Spain,Male,36,5,203460.77,1,1,1,85872.27,0
9196,15970752,Lima,538,France,Male,26,5,0.0,2,0,1,48146.51,0
9197,15353552,Souza,615,Germany,Female,59,4,85425.15,2,1,0,162182.18,1
9198,15511034,Santos,634,Spain,Female,32,1,0.0,2,1,0,139172.13,0
9199,15156363,Weber,545,Germany,Male,37,0,25073.76,1,0,1,132004.04,0
9200,15047747,Bernard,525,Germany,Female,44,3,53547.21,2,0,1,164927.36,0
9201,15000808,Robert,695,Spain,Female,41,6,97443.83,2,1,1,52655.31,0
9202,15640885,Martin,696,France,Female,60,5,0.0,1,1,1,45347.45,0
9203,15753154,Lima,604,Germany,Male,33,2,0.0,2,1,0,182653.05,0
9204,15877700,Weber,609,France,Female,32,5,16107.35,1,1,0,100945.9,1
9205,15316357,Oliveira,500,Spain,Female,18,5,0.0,1,1,0,141041.64,0
9206,15940849,Schmidt,723,France,Male,46,2,46309.58,2,0,1,65612.88,0
9207,15810034,Santos,647,France,Male,40,6,104742.1,2,1,0,105746.56,0
9208,15514244,Müller,609,Germany,Male,41,6,97052.97,1,1,1,55620.56,0
9209,15460670,Santos,654,Spain,Female,23,2,0.0,2,1,1,125809.72,0
9210,15957214,Ferreira,691,Germany,Male,28,5,88257.34,1,1,1,41419.82,0
9211,15256777,Costa,667,Spain,Female,32,3,21862.04,2,1,1,39619.81,0
9212,15117421,Meyer,793,Spain,Male,79,1,0.0,1,1,1,140569.4,0
9213,15701205,Weber,581,France,Male,60,6,73370.52,2,0,0,86902.31,0
9214,15813635,Oliveira,699,France,Female,63,6,170904.54,1,0,1,173625.64,1
9215,15148998,Lima,753,France,Male,38,3,136778.07,1,0,0,76531.72,0
9216,15558298,Costa,705,France,Female,24,4,216397.21,3,1,1,79682.4,1
9217,15340866,Müller,559,Germany,Male,33,4,0.0,2,1,1,52588.37,0
9218,15919569,Thomas,761,Spain,Female,41,2,62748.22,2,0,1,161720.17,0
9219,15417131,Pereira,653,Spain,Male,29,2,0.0,1,1,0,188846.42,0
9220,15294773,Lima,731,France,Female,37,6,211402.04,2,1,1,81240.38,0
9221,15033189,Dubois,744,France,Female,21,6,0.0,2,0,0,92561.61,0
9222,15304695,Gomes,709,Germany,Male,36,6,152625.57,3,0,0,70920.42,1
9223,15702021,Santos,576,Germany,Male,31,1,24463.21,1,0,0,12403.6,0
9224,15068411,Weber,665,France,Male,27,7,133220.86,1,1,0,160348.04,0
9225,15901037,Santos,771,Spain,Female,39,8,152326.97,2,1,0,78743.56,0
9226,15974796,Müller,641,Spain,Female,39,6,0.0,1,1,0,190645.52,0
9227,15389881,Oliveira,653,France,Male,44,3,236335.37,2,1,1,35135.07,0
9228,15822751,Alves,445,Spain,Male,48,4,165041.44,3,1,0,150381.91,1
9229,15010476,Martin,703,France,Female,25,6,66464.8,2,1,1,181662.53,0
9230,15216014,Lima,600,Germany,Male,56,3,56883.13,1,1,0,134673.08,1
9231,15806117,Silva,714,France,Female,28,2,25010.38,2,1,1,123026.61,0
9232,15873450,Alves,570,France,Female,37,6,23560.05,2,0,1,86551.37,0
9233,15534323,Gomes,707,Spain,Female,45,2,0.0,1,1,0,94136.71,0
9234,15092430,Müller,668,France,Male,67,7,65988.56,2,0,1,131494.61,0
9235,15043099,Schmidt,817,Germany,Male,49,5,0.0,2,1,1,98682.03,0
9236,15452819,Santos,727,France,Male,27,4,0.0,1,1,1,197662.05,0
9237,15572734,Santos,577,France,Male,50,6,87991.29,2,1,0,98371.76,0
9238,15406797,Martin,528,France,Female,37,0,29871.08,1,1,1,180352.77,0
9239,15162679,Thomas,624,France,Male,49,5,67069.49,2,0,1,60970.61,0
9240,15019320,Martin,842,Germany,Male,40,5,96240.15,1,1,0,136940.69,0
9241,15691561,Müller,682,France,Male,43,4,0.0,2,1,0,193990.15,0
9242,15966199,Dubois,658,Germany,Female,21,2,0.0,2,1,1,195596.09,0
9243,15463748,Gomes,850,Germany,Male,45,6,81303.2,2,1,1,79229.71,0
9244,15242245,Costa,697,Germany,Male,49,2,58918.06,1,0,0,80887.62,1
9245,15990015,Alves,602,France,Male,22,4,0.0,2,1,1,41093.89,0
9246,15936308,Souza,558,Spain,Male,51,2,76951.43,2,1,1,27623.56,0
9247,15717563,Dubois,788,France,Male,48,8,0.0,1,1,1,60428.2,0
9248,15912987,Fischer,708,France,Female,39,2,0.0,2,1,1,108764.12,0
9249,15733877,Lima,528,France,Male,24,6,0.0,1,1,0,131284.7,0
9250,15969646,Oliveira,547,France,Male,46,3,66717.9,2,1,0,27870.4,0
9251,15462696,Robert,718,France,Male,32,3,136598.35,2,1,1,129626.28,0
9252,15899738,Weber,575,Germany,Female,55,4,240472.65,1,0,1,84753.71,1
9253,15018523,Ferreira,577,France,Female,30,6,0.0,1,1,1,29044.77,0
9254,15141023,Souza,757,France,Male,27,5,0.0,1,1,0,15957.38,0
9255,15217722,Bernard,738,Spain,Female,73,7,0.0,2,1,1,170645.95,0
9256,15293133,Weber,795,France,Female,64,0,220047.02,1,0,0,168353.23,1
9257,15919963,Bernard,689,France,Male,30,8,212076.68,1,0,1,181846.36,0
9258,15341837,Lima,558,France,Female,46,1,142349.99,1,0,1,179807.54,0
9259,15021235,Bernard,650,Spain,Female,35,6,50485.77,1,1,0,195367.87,0
9260,15126638,Dubois,725,France,Female,46,2,0.0,1,0,1,66739.06,0
9261,15621488,Lima,850,France,Female,56,6,237588.25,1,1,0,75432.77,1
9262,15921703,Lima,699,Germany,Male,24,6,0.0,2,1,0,131730.64,0
9263,15227994,Pereira,730,Germany,Female,32,4,183917.11,2,1,0,88052.47,0
9264,15242966,Schmidt,703,Germany,Female,30,4,57923.22,2,1,0,127969.32,0
9265,15393428,Weber,597,Spain,Male,19,6,229317.94,1,0,1,62394.45,0
9266,15095511,Silva,635,France,Male,19,7,0.0,1,1,1,170757.74,0
9267,15340437,Müller,557,France,Female,54,6,62709.51,1,1,0,136045.28,1
9268,15059411,Martin,726,France,Male,35,7,0.0,2,1,1,116046.87,0
9269,15691822,Weber,508,France,Male,44,5,50398.16,2,0,1,133835.61,0
9270,15360641,Müller,568,France,Male,54,5,0.0,1,0,1,28609.9,0
9271,15750593,Costa,650,France,Male,42,5,0.0,1,0,0,108281.38,0
9272,15727459,Ferreira,625,Germany,Male,33,4,196631.49,2,0,1,177375.09,0
9273,15203043,Silva,677,Germany,Female,24,5,0.0,2,1,1,118839.94,0
9274,15824420,Bernard,392,France,Female,46,5,223823.08,2,0,1,48951.14,0
9275,15492233,Müller,570,Germany,Female,25,6,548.2,1,0,1,23125.61,0
9276,15503315,Meyer,717,France,Female,59,8,1447.95,1,0,1,179577.95,0
9277,15049645,Ferreira,850,France,Male,38,3,0.0,2,1,0,184289.84,0
9278,15629743,Bernard,635,Germany,Male,43,4,0.0,1,1,0,186472.91,0
9279,15741625,Martin,540,France,Female,49,0,169199.83,2,0,0,154772.52,0
9280,15612676,Oliveira,686,France,Female,41,4,151850.58,2,0,0,72248.9,0
9281,15596873,Fischer,472,France,Female,34,2,0.0,2,0,1,123536.81,0
9282,15275825,Costa,596,Spain,Male,38,6,0.0,1,1,1,101321.91,0
9283,15889062,Alves,673,Germany,Male,54,6,0.0,1,1,1,171748.96,0
9284,15819578,Lima,614,France,Male,25,6,138082.65,1,1,1,126340.23,0
9285,15144796,Müller,660,Spain,Male,18,4,76797.88,2,1,0,141851.89,0
9286,15314291,Pereira,759,Germany,Male,41,4,119213.82,1,0,1,102470.97,0
9287,15501099,Dubois,820,Germany,Male,60,5,129012.41,2,0,1,137974.87,0
9288,15923430,Costa,849,Spain,Female,33,4,189930.24,1,1,1,109475.08,0
9289,15203412,Oliveira,681,France,Male,41,6,92223.88,2,1,0,180632.38,0
9290,15854255,Meyer,430,France,Male,49,7,0.0,3,0,1,57775.39,1
9291,15723029,Alves,761,Germany,Male,26,4,93069.49,1,0,1,117544.06,0
9292,15339042,Martin,584,Germany,Male,50,2,0.0,1,0,0,28627.35,0
9293,15225544,Silva,554,Germany,Male,56,2,187275.29,2,1,0,47512.06,1
9294,15886598,Alves,543,Germany,Male,61,3,0.0,3,1,0,85279.55,1
9295,15214716,Robert,776,Spain,Male,22,4,68396.56,2,0,1,113978.95,0
9296,15850427,Fischer,611,Spain,Female,48,2,0.0,1,1,0,118185.85,0
9297,15233362,Schmidt,401,Spain,Male,36,4,196778.34,2,0,1,17158.03,0
9298,15867224,Costa,783,Spain,Male,23,2,0.0,1,1,0,142017.85,0
9299,15955160,Fischer,700,Spain,Female,47,2,237971.34,2,0,1,167179.65,0
9300,15234220,Silva,718,France,Male,25,6,48478.4,1,1,1,41233.08,0
9301,15703752,Thomas,666,France,Male,32,9,0.0,2,1,0,128707.78,0
9302,15305364,Weber,647,France,Male,39,2,0.0,2,0,0,185496.05,0
9303,15799493,Gomes,609,Spain,Male,31,3,249568.82,1,1,1,124523.18,0
9304,15414192,Meyer,781,Germany,Female,44,3,16380.49,1,1,1,38477.5,0
9305,15506640,Meyer,677,Germany,Male,40,2,57531.21,2,0,1,30341.84,0
9306,15040972,Silva,781,France,Male,43,2,0.0,1,1,0,49732.7,0
9307,15160144,Oliveira,660,France,Female,31,2,0.0,2,1,1,68583.94,0
9308,15613367,Thomas,628,Germany,Female,50,7,68979.35,2,0,1,77454.91,0
9309,15869990,Souza,802,France,Male,59,5,21715.62,1,0,0,108468.43,1
9310,15468901,Santos,580,France,Male,36,3,34153.27,2,1,1,135307.5,0
9311,15071628,Lima,468,France,Male,49,3,75746.41,1,1,1,42708.82,0
9312,15626441,Santos,625,France,Male,45,5,0.0,2,1,1,115288.1,0
9313,15450194,Weber,562,Germany,Female,42,5,0.0,1,1,0,132860.82,1
9314,15381460,Alves,594,France,Female,37,2,66052.69,1,1,1,86334.06,0
9315,15418372,Santos,604,Germany,Female,50,3,0.0,3,1,1,101910.43,1
9316,15013980,Meyer,671,France,Male,23,3,93594.26,1,1,1,152067.74,0
9317,15800106,Martin,569,Spain,Female,34,1,64165.25,2,1,1,165515.16,0
9318,15297789,Pereira,647,France,Male,49,3,0.0,1,0,0,89526.31,0
9319,15396405,Weber,639,Germany,Male,23,4,0.0,1,1,1,62370.55,0
9320,15978824,Müller,645,Germany,Male,44,5,0.0,1,1,1,110776.31,0
9321,15158898,Fischer,610,France,Male,46,4,163726.88,3,1,0,105050.47,1
9322,15169891,Martin,628,Spain,Male,49,8,0.0,1,0,0,123673.44,0
9323,15743650,Gomes,609,Germany,Female,20,5,178738.82,2,1,1,79209.02,0
9324,15323200,Gomes,597,France,Female,61,7,0.0,1,0,0,165386.3,1
9325,15823174,Alves,539,France,Female,48,7,24683.48,2,0,1,118588.64,0
9326,15364587,Meyer,633,Spain,Male,38,6,150974.08,1,0,0,117055.57,0
9327,15262090,Robert,677,Spain,Female,31,3,70691.56,1,0,0,58277.24,0
9328,15862516,Fischer,586,France,Male,47,4,0.0,2,0,0,104982.46,0
9329,15074377,Souza,526,France,Female,58,0,82306.4,2,1,0,182558.05,0
9330,15074731,Thomas,686,Spain,Female,49,4,0.0,1,1,1,115897.67,0
9331,15183176,Fischer,490,Germany,Female,44,3,0.0,1,1,0,32784.17,1
9332,15781204,Gomes,655,Spain,Male,33,2,40950.9,2,1,1,109765.58,0
9333,15943908,Schmidt,673,France,Male,33,6,113735.14,1,0,0,46853.21,0
9334,15044406,Ferreira,604,Germany,Male,40,5,40059.46,1,1,1,183753.96,0
9335,15075682,Thomas,850,France,Male,44,9,87957.53,1,0,0,111511.96,0
9336,15441463,Alves,710,France,Male,32,4,0.0,1,1,1,149836.2,0
9337,15784282,Santos,695,Germany,Male,35,3,38932.66,2,1,1,22991.5,0
9338,15356813,Pereira,587,Spain,Male,31,3,0.0,2,0,0,88000.55,0
9339,15705301,Dubois,649,France,Male,52,4,0.0,1,1,0,123986.8,1
9340,15663723,Fischer,807,France,Male,41,3,70642.32,2,1,0,32618.59,0
9341,15851561,Dubois,830,Germany,Male,38,9,0.0,2,0,1,22723.73,0
9342,15569921,Pereira,592,Germany,Male,54,2,56888.41,1,1,0,184303.46,1
9343,15181556,Pereira,520,Spain,Male,30,0,147879.71,1,1,0,32965.2,0
9344,15148261,Gomes,650,Spain,Male,23,2,0.0,2,0,0,110017.85,0
9345,15010725,Martin,756,France,Female,23,7,132567.11,2,0,1,189602.74,0
9346,15396573,Santos,715,Spain,Male,22,5,118574.1,1,1,0,14091.14,0
9347,15180178,Gomes,599,Spain,Female,22,6,235879.77,1,0,1,172435.49,0
9348,15774642,Lima,554,Spain,Male,48,3,195040.33,2,1,0,50811.61,0
9349,15756863,Lima,749,Germany,Male,43,5,0.0,1,0,0,187231.48,0
9350,15032817,Bernard,636,Spain,Male,42,5,73167.6,1,1,1,105173.73,0
9351,15321309,Schmidt,717,France,Female,50,3,36041.12,2,1,0,39016.99,0
9352,15649004,Oliveira,673,France,Female,48,6,178074.7,2,1,1,108365.32,0
9353,15076805,Gomes,691,Spain,Female,33,5,59899.77,2,0,1,130096.71,0
9354,15110036,Alves,832,France,Female,49,3,76524.51,1,1,1,127207.38,0
9355,15966136,Martin,850,France,Male,43,0,188844.16,1,1,1,150560.08,0
9356,15052276,Santos,670,Spain,Male,76,2,0.0,1,1,1,198171.19,0
9357,15342693,Oliveira,797,Spain,Male,40,5,161270.23,1,1,0,74218.41,0
9358,15316485,Costa,667,France,Male,22,5,0.0,2,1,1,128745.1,0
9359,15863804,Bernard,782,Spain,Female,45,4,86717.2,2,1,1,23576.03,0
9360,15850654,Oliveira,473,Germany,Female,42,2,71116.49,1,1,1,110036.18,1
9361,15885924,Robert,749,Germany,Female,39,4,0.0,1,1,0,195264.61,1
9362,15547030,Lima,727,Spain,Male,44,2,30001.02,1,1,0,96344.67,0
9363,15761436,Thomas,567,France,Male,29,5,2485.41,2,0,1,155894.67,0
9364,15570771,Dubois,584,France,Male,72,6,0.0,2,0,0,84743.69,0
9365,15513006,Robert,590,France,Female,25,4,91084.14,1,0,0,191439.24,0
9366,15930725,Robert,714,Germany,Female,21,2,54178.74,2,1,1,84247.23,0
9367,15414588,Martin,671,Germany,Male,22,6,0.0,2,1,1,164667.53,0
9368,15649714,Meyer,807,Spain,Female,36,3,0.0,2,0,1,159556.79,0
9369,15895632,Robert,433,Spain,Male,20,5,103860.08,1,1,0,39953.84,0
9370,15009846,Bernard,649,Germany,Female,46,1,0.0,2,1,0,171190.02,0
9371,15272298,Costa,657,Spain,Female,57,6,0.0,3,1,1,144676.82,1
9372,15603575,Robert,585,France,Male,35,4,122535.2,2,0,1,43553.4,0
9373,15288256,Schmidt,667,France,Female,44,4,224140.77,1,1,1,58151.0,0
9374,15695384,Souza,558,Spain,Male,18,8,183248.07,1,1,0,74582.86,0
9375,15202543,Costa,850,France,Male,37,4,119564.2,1,1,1,13642.03,0
9376,15924629,Thomas,675,France,Male,37,0,0.0,1,0,0,123105.55,0
9377,15706725,Alves,614,Germany,Male,35,8,86016.7,2,1,1,139252.79,0
9378,15794882,Oliveira,740,France,Male,44,0,0.0,2,1,1,80572.75,0
9379,15416329,Lima,660,Spain,Female,27,4,181800.74,1,1,1,73111.09,0
9380,15031570,Santos,850,France,Male,55,5,50166.4,2,1,0,150434.39,0
9381,15930707,Dubois,609,France,Male,48,7,27963.56,1,1,0,71911.09,0
9382,15765293,Robert,533,France,Female,45,5,57475.07,1,1,0,29011.08,1
9383,15427390,Lima,565,Germany,Male,75,6,0.0,2,1,0,114313.28,1
9384,15858266,Oliveira,652,France,Male,76,6,63172.06,1,1,1,160603.54,0
9385,15089389,Meyer,626,Germany,Male,45,2,0.0,1,1,0,123927.16,0
9386,15110317,Schmidt,506,Spain,Male,44,5,0.0,1,1,1,143956.79,0
9387,15576182,Robert,790,Spain,Female,37,5,0.0,2,1,1,158335.95,0
9388,15298049,Gomes,797,France,Male,50,2,56569.3,2,0,1,187277.3,0
9389,15956738,Schmidt,624,France,Female,45,2,57471.83,1,0,1,164723.36,0
9390,15616419,Bernard,477,Germany,Female,74,6,98579.81,1,1,0,95088.89,1
9391,15790685,Ferreira,436,Spain,Male,32,8,0.0,2,0,0,65638.8,0
9392,15047740,Thomas,707,Spain,Male,35,6,0.0,1,1,1,13450.06,0
9393,15532332,Ferreira,433,France,Female,32,6,0.0,1,1,0,83285.39,1
9394,15963936,Lima,732,Germany,Male,58,2,49873.24,1,0,1,50771.94,0
9395,15566860,Weber,850,France,Male,25,2,60657.35,1,1,1,134936.67,0
9396,15050409,Lima,681,France,Male,39,5,151418.48,1,0,1,85095.4,0
9397,15766091,Weber,684,France,Male,40,0,105759.71,2,1,0,162936.47,0
9398,15402492,Schmidt,586,France,Male,27,5,66256.34,2,0,1,199171.78,0
9399,15933210,Ferreira,618,France,Female,31,2,104935.92,2,1,0,160213.85,0
9400,15489951,Silva,668,France,Female,45,4,25898.23,2,0,0,156583.54,0
9401,15529639,Robert,637,Germany,Male,21,3,219498.99,1,0,0,98585.86,1
9402,15178761,Schmidt,701,France,Male,45,1,0.0,1,1,0,85100.6,0
9403,15771453,Souza,691,Germany,Male,66,5,0.0,2,1,1,30042.69,0
9404,15742094,Weber,519,France,Male,67,3,0.0,1,0,1,126149.1,0
9405,15190043,Oliveira,708,France,Male,45,0,0.0,1,1,1,71604.89,0
9406,15625782,Meyer,652,France,Female,45,4,0.0,2,1,0,103666.16,0
9407,15169740,Santos,553,France,Female,36,5,0.0,1,1,0,110006.74,0
9408,15858063,Silva,525,Germany,Female,66,2,0.0,2,1,1,112746.95,0
9409,15413611,Pereira,528,France,Male,31,5,90774.31,1,0,0,84339.73,0
9410,15223614,Ferreira,647,Germany,Female,40,3,173850.23,1,1,0,84044.07,1
9411,15496927,Alves,596,France,Male,20,3,0.0,3,0,0,29938.31,1
9412,15441243,Bernard,672,Germany,Female,31,6,62715.39,2,1,0,82020.47,0
9413,15505357,Silva,502,Spain,Male,28,4,0.0,2,1,1,159879.53,0
9414,15450811,Robert,670,France,Female,48,3,89555.7,2,1,1,73077.94,0
9415,15917500,Pereira,779,France,Male,49,6,76602.36,1,1,1,96281.18,0
9416,15432223,Thomas,850,France,Female,46,7,0.0,1,1,1,97076.12,0
9417,15826655,Silva,718,Germany,Female,38,3,242172.05,1,1,1,155602.13,1
9418,15161848,Meyer,749,France,Male,59,0,0.0,1,0,1,80893.79,0
9419,15247983,Meyer,652,Germany,Female,28,4,80354.5,1,0,0,43576.71,1
9420,15273952,Thomas,586,Germany,Male,32,6,37443.86,1,1,0,18110.8,0
9421,15736072,Silva,473,Spain,Male,43,5,108806.78,1,1,1,155335.2,0
9422,15591251,Müller,576,Germany,Male,56,5,12668.98,2,1,1,96924.52,0
9423,15720741,Martin,695,Germany,Male,38,5,243975.31,2,1,1,95362.12,0
9424,15842558,Santos,697,France,Female,41,8,136975.19,1,1,0,72428.0,1
9425,15722473,Pereira,645,Spain,Male,49,6,0.0,1,0,0,21527.16,0
9426,15833311,Santos,651,Spain,Male,57,2,54750.55,1,1,0,151162.17,1
9427,15677452,Souza,485,France,Female,22,4,26287.85,2,1,0,157715.23,0
9428,15559216,Robert,707,Spain,Female,35,4,223509.61,1,1,0,189013.47,1
9429,15853956,Alves,486,France,Female,32,4,173007.42,1,1,1,92194.65,0
9430,15768731,Silva,728,Spain,Male,28,8,86609.72,2,1,0,40109.38,0
9431,15803586,Müller,549,Spain,Male,25,3,86872.81,1,1,0,87835.39,0
9432,15635104,Martin,562,France,Female,66,5,0.0,1,1,0,84374.49,1
9433,15071824,Pereira,503,Germany,Female,37,7,0.0,1,1,0,113990.09,1
9434,15991956,Costa,510,France,Female,61,0,21548.91,2,1,1,45805.52,0
9435,15125218,Meyer,623,France,Male,40,7,64893.81,1,0,0,79126.98,0
9436,15025750,Müller,753,France,Male,56,6,52999.92,2,0,1,187269.5,0
9437,15163080,Alves,517,Germany,Female,45,2,224554.2,1,1,1,170353.32,1
9438,15536446,Gomes,576,France,Female,23,3,178819.58,1,1,1,34076.21,0
9439,15434911,Dubois,440,France,Male,49,3,0.0,1,1,0,19937.49,0
9440,15836865,Alves,720,Germany,Male,40,2,50841.22,1,0,0,120112.28,0
9441,15151910,Santos,647,France,Male,36,5,203035.99,1,1,1,174150.44,0
9442,15683094,Santos,691,France,Male,35,8,167819.38,2,1,1,114898.35,0
9443,15250071,Fischer,597,France,Female,36,2,0.0,1,1,1,73569.75,0
9444,15226637,Santos,539,France,Female,47,2,224337.4,2,1,1,197598.19,0
9445,15680651,Costa,568,France,Female,59,3,148511.84,2,1,1,11672.42,0
9446,15589775,Dubois,577,France,Female,34,8,0.0,1,1,1,27067.22,0
9447,15784403,Costa,777,Spain,Male,60,5,81635.97,2,0,0,19993.85,0
9448,15982734,Oliveira,517,Germany,Male,73,2,0.0,2,0,1,29118.01,0
9449,15858708,Dubois,583,France,Female,18,6,228613.95,2,0,1,110131.21,0
9450,15548598,Alves,604,France,Female,21,7,127252.97,2,1,1,65480.68,0
9451,15978933,Oliveira,701,France,Female,39,4,154065.15,2,1,0,192102.8,0
9452,15891383,Weber,704,Germany,Male,46,2,164382.15,2,0,1,159231.31,0
9453,15389651,Souza,441,France,Female,37,3,0.0,1,1,0,50103.76,1
9454,15520742,Alves,605,France,Female,33,2,0.0,2,1,1,78171.5,0
9455,15545062,Gomes,627,Spain,Male,42,2,0.0,2,1,1,175456.01,0
9456,15792656,Lima,500,France,Female,49,2,0.0,1,1,0,43923.03,1
9457,15117597,Fischer,709,France,Female,19,7,0.0,4,1,0,143802.21,1
9458,15694941,Dubois,744,Spain,Female,51,1,49354.6,1,1,0,117613.5,1
9459,15696601,Dubois,850,Germany,Female,46,4,0.0,2,0,1,115477.77,0
9460,15703325,Santos,601,France,Female,40,0,0.0,1,1,1,129947.97,0
9461,15561674,Lima,800,Germany,Female,50,3,96759.04,1,0,0,81430.18,1
9462,15832637,Ferreira,690,France,Male,30,5,98105.12,2,1,0,129812.6,0
9463,15003439,Robert,655,Germany,Male,40,2,85852.37,2,0,1,153638.25,0
9464,15525819,Bernard,547,France,Male,25,9,0.0,2,1,1,110399.17,0
9465,15978536,Fischer,667,Spain,Male,24,0,3377.05,1,0,0,95579.04,0
9466,15750391,Schmidt,637,Spain,Female,40,2,56841.42,2,1,0,26830.36,0
9467,15387346,Thomas,688,Spain,Male,26,6,88829.6,2,0,1,15265.23,0
9468,15946421,Souza,710,Spain,Female,47,8,71816.24,1,0,0,69365.11,1
9469,15375623,Martin,822,Germany,Female,46,8,227518.22,1,1,1,17299.6,1
9470,15979321,Meyer,653,France,Female,25,6,54699.83,2,1,1,192138.92,0
9471,15133320,Ferreira,625,France,Female,30,8,0.0,1,1,1,14797.47,0
9472,15472883,Oliveira,655,Germany,Male,59,6,102609.42,2,1,0,190785.47,1
9473,15936278,Pereira,516,Spain,Female,21,1,248.96,2,0,0,137395.71,0
9474,15928166,Martin,473,France,Female,34,6,0.0,2,0,1,31711.08,0
9475,15167269,Thomas,687,Spain,Female,43,4,0.0,1,1,0,59486.36,0
9476,15746816,Müller,711,Spain,Female,53,4,0.0,1,1,1,195834.32,0
9477,15889569,Pereira,533,Spain,Female,55,0,51689.74,1,1,0,12373.8,1
9478,15903874,Costa,567,Spain,Female,43,5,121700.74,1,1,1,15867.82,0
9479,15664982,Weber,712,France,Female,33,5,0.0,2,1,1,178303.23,0
9480,15732866,Santos,749,France,Male,41,6,69772.84,1,1,0,104819.58,0
9481,15170582,Alves,676,France,Female,31,3,0.0,2,1,0,24586.04,0
9482,15853508,Schmidt,534,France,Female,32,2,27549.68,2,1,1,164397.02,0
9483,15080673,Müller,663,Germany,Male,49,4,0.0,2,1,1,88782.42,0
9484,15169834,Fischer,712,Spain,Male,41,3,0.0,2,0,0,94359.59,0
9485,15960086,Bernard,787,Spain,Female,28,6,81124.0,1,0,1,172085.8,0
9486,15543419,Martin,629,Germany,Female,27,2,228326.4,2,1,1,16754.95,0
9487,15127370,Weber,610,France,Male,54,2,99189.51,2,1,0,177975.56,0
9488,15269628,Weber,760,France,Female,53,4,52719.12,1,1,0,157368.0,1
9489,15714549,Meyer,692,France,Male,44,5,0.0,2,1,1,48786.77,0
9490,15998228,Bernard,607,France,Female,31,3,3207.89,2,1,1,86586.82,0
9491,15083909,Oliveira,721,France,Male,53,2,239931.11,2,1,1,121224.06,0
9492,15553253,Alves,756,France,Male,44,4,30743.13,2,0,0,55149.46,0
9493,15097072,Thomas,523,France,Male,45,8,0.0,1,1,0,61068.48,0
9494,15086926,Fischer,631,France,Female,38,8,0.0,1,1,1,108943.67,0
9495,15783145,Silva,581,Germany,Female,38,5,55131.05,1,0,1,123698.55,0
9496,15083063,Fischer,715,France,Female,32,6,0.0,2,1,0,80009.62,0
9497,15257823,Bernard,580,France,Male,39,2,0.0,2,1,0,191952.43,0
9498,15204480,Martin,599,France,Male,39,3,0.0,1,1,1,41960.01,0
9499,15028361,Costa,646,Spain,Female,47,5,0.0,1,1,0,74996.76,0
9500,15413202,Gomes,753,France,Male,22,6,0.0,2,0,0,156612.49,0
9501,15915552,Oliveira,682,Germany,Female,53,2,43675.73,1,0,1,128802.31,1
9502,15325565,Dubois,603,Germany,Female,18,4,0.0,2,1,0,32691.3,0
9503,15862529,Pereira,806,Germany,Male,48,2,19692.88,1,1,0,64914.53,1
9504,15738938,Pereira,681,Spain,Female,44,5,212143.6,1,1,1,104395.82,0
9505,15298570,Ferreira,766,France,Female,45,6,22322.76,1,1,1,96738.66,0
9506,15446149,Schmidt,721,France,Female,36,6,170167.95,2,0,0,85029.72,0
9507,15609828,Robert,798,France,Male,36,6,0.0,1,0,0,13375.46,0
9508,15967347,Lima,651,Germany,Male,56,2,105296.1,1,0,0,58617.86,1
9509,15115675,Thomas,759,France,Male,62,6,18678.98,2,0,0,48737.34,0
9510,15618057,Thomas,711,France,Male,49,3,0.0,1,0,1,18564.65,0
9511,15617515,Robert,617,Germany,Male,60,6,0.0,1,1,1,84864.07,0
9512,15084193,Lima,640,Germany,Female,18,2,82988.99,1,1,0,25818.4,1
9513,15982043,Müller,615,France,Male,55,4,129669.24,2,0,0,28967.57,0
9514,15089733,Thomas,586,Germany,Male,73,5,0.0,2,1,1,188585.42,0
9515,15448602,Costa,669,Germany,Male,50,0,140395.99,3,1,1,128226.79,1
9516,15085256,Alves,684,France,Male,43,7,100101.29,2,1,0,105930.7,0
9517,15962594,Meyer,734,France,Male,41,4,189691.05,1,1,1,57652.45,0
9518,15887210,Weber,671,Germany,Female,38,2,223462.77,1,1,1,60181.0,1
9519,15561686,Oliveira,650,Germany,Female,55,2,91646.96,2,1,1,73359.64,0
9520,15272197,Müller,633,France,Male,45,5,142262.95,2,0,0,25744.19,0
9521,15494833,Souza,739,France,Male,46,1,162518.97,2,1,1,140376.08,0
9522,15605094,Oliveira,776,Germany,Male,47,4,61467.02,2,1,0,65437.23,0
9523,15330519,Weber,695,Spain,Female,60,4,202482.15,2,0,1,186625.86,0
9524,15431728,Robert,660,Germany,Female,45,2,168760.57,2,1,1,76188.36,0
9525,15237006,Martin,435,France,Male,32,2,0.0,2,1,0,166299.67,0
9526,15142805,Santos,791,France,Male,37,4,0.0,1,1,0,53858.27,0
9527,15153498,Martin,545,Spain,Male,61,3,165937.98,1,1,0,196317.35,1
9528,15518357,Pereira,577,France,Female,43,2,6171.7,1,1,0,78600.54,1
9529,15879751,Santos,801,Spain,Male,77,2,207808.21,2,1,0,190468.73,1
9530,15001155,Alves,652,Spain,Male,58,4,89292.88,1,1,1,166370.44,0
9531,15291867,Gomes,763,France,Male,42,2,0.0,1,1,1,49971.3,0
9532,15173408,Gomes,606,Spain,Female,31,8,10838.98,2,1,1,184527.1,0
9533,15274668,Martin,486,France,Female,32,6,121082.76,1,1,0,28535.26,1
9534,15694188,Meyer,648,Spain,Male,48,3,17201.24,1,1,1,47487.07,0
9535,15070278,Fischer,713,France,Female,37,3,19400.74,3,1,0,115307.11,1
9536,15885930,Martin,666,France,Male,56,7,0.0,2,0,1,176635.56,0
9537,15478666,Silva,653,Germany,Male,47,4,0.0,1,1,1,86671.32,0
9538,15056680,Santos,523,Spain,Male,34,6,0.0,2,1,0,42736.52,0
9539,15683645,Martin,632,France,Female,45,6,0.0,2,0,0,17254.62,0
9540,15750141,Gomes,670,Germany,Female,48,1,176630.81,2,1,0,154718.38,1
9541,15883164,Robert,820,France,Male,37,6,52239.93,1,1,0,136682.06,0
9542,15370536,Oliveira,751,France,Male,33,4,0.0,2,1,1,111084.22,0
9543,15657783,Souza,626,France,Female,59,5,132906.75,2,0,1,43345.0,0
9544,15024393,Schmidt,626,France,Female,32,2,78748.0,1,1,1,49212.86,0
9545,15469801,Pereira,610,France,Male,36,0,36554.8,2,0,0,129056.12,0
9546,15798681,Oliveira,576,France,Female,34,3,63197.8,1,1,0,199793.24,1
9547,15368395,Robert,809,France,Male,34,2,0.0,2,1,0,36928.81,0
9548,15550936,Martin,658,France,Female,42,4,120145.56,2,1,0,188922.3,0
9549,15097374,Dubois,742,France,Male,29,1,0.0,1,1,0,188086.15,0
9550,15175222,Pereira,565,Spain,Male,53,7,71825.39,1,1,0,176576.41,1
9551,15186624,Bernard,798,France,Male,32,2,220843.29,2,0,1,112604.0,0
9552,15852073,Dubois,534,Spain,Female,49,6,92264.28,1,0,0,98301.36,1
9553,15307304,Alves,745,Germany,Male,24,8,82853.4,1,1,1,24714.11,0
9554,15675556,Lima,627,Germany,Female,79,2,53963.0,2,0,0,24468.31,1
9555,15810666,Fischer,770,Germany,Male,36,3,0.0,2,1,1,47800.12,0
9556,15710430,Pereira,554,Spain,Male,60,6,130837.31,1,1,1,102680.93,0
9557,15511442,Lima,773,France,Male,54,6,87163.25,2,1,1,98779.54,0
9558,15679832,Alves,688,Germany,Female,44,0,0.0,1,0,1,74964.15,0
9559,15913531,Müller,508,Germany,Male,57,1,73351.32,2,1,1,150802.1,0
9560,15487687,Lima,752,Germany,Female,30,2,196598.05,1,1,0,25359.13,1
9561,15236876,Robert,606,Spain,Female,44,5,209690.41,1,0,0,170289.84,1
9562,15631708,Martin,601,France,Female,39,1,136508.22,2,1,1,16997.64,0
9563,15124781,Martin,649,Germany,Female,60,5,0.0,1,1,1,185627.04,1
9564,15168715,Lima,724,Germany,Female,61,3,0.0,3,1,1,152103.06,1
9565,15078383,Bernard,502,France,Female,51,5,208678.46,2,0,1,130183.99,0
9566,15575334,Silva,613,France,Male,22,6,60649.14,2,1,0,40848.46,0
9567,15295760,Pereira,681,Germany,Female,38,6,110524.91,2,1,0,69758.37,0
9568,15803384,Martin,649,Spain,Male,32,0,0.0,2,0,0,103730.61,0
9569,15709126,Bernard,582,France,Female,25,8,218496.3,1,0,0,155911.13,1
9570,15078978,Bernard,558,Spain,Male,26,5,63629.63,2,1,0,50437.0,0
9571,15102910,Pereira,804,France,Male,35,7,68260.34,2,0,1,169025.64,0
9572,15232462,Gomes,664,France,Male,77,5,66899.65,2,0,1,162501.85,0
9573,15516266,Alves,528,France,Male,46,4,152243.52,1,1,0,128328.59,0
9574,15516279,Robert,668,France,Male,44,6,0.0,1,0,0,139538.41,0
9575,15533573,Robert,692,France,Male,31,2,243765.71,2,0,0,51985.52,0
9576,15719925,Alves,720,France,Female,48,1,52177.81,1,0,0,63857.23,1
9577,15863876,Meyer,616,Germany,Male,68,1,135515.48,2,0,1,143196.49,0
9578,15202861,Dubois,638,Germany,Female,48,6,0.0,1,0,0,22471.31,1
9579,15641044,Martin,779,France,Female,18,7,0.0,2,0,0,102165.56,0
9580,15347569,Oliveira,790,France,Female,43,6,0.0,1,1,0,102799.07,1
9581,15672750,Santos,755,France,Male,73,7,59594.97,1,0,0,72810.85,1
9582,15138589,Meyer,513,Germany,Male,34,9,0.0,2,1,0,92423.34,0
9583,15592368,Alves,548,France,Male,45,4,166288.95,2,1,1,188901.59,0
9584,15977531,Müller,610,France,Male,19,2,0.0,2,1,0,178290.04,0
9585,15928573,Silva,619,Spain,Female,19,5,24536.89,2,1,1,55355.31,0
9586,15962038,Schmidt,749,Spain,Male,54,3,0.0,1,1,1,193212.4,0
9587,15343652,Oliveira,751,France,Male,38,3,0.0,1,1,1,115385.68,0
9588,15248686,Costa,803,France,Male,33,6,232918.64,2,1,0,27789.19,0
9589,15229903,Dubois,619,France,Male,38,1,117858.0,1,1,0,99576.33,0
9590,15224659,Souza,530,Spain,Male,76,0,143862.34,2,1,0,86599.18,1
9591,15743658,Gomes,605,Germany,Male,24,5,0.0,2,1,1,191938.24,0
9592,15626324,Martin,697,France,Female,57,3,146016.67,2,1,1,142929.23,0
9593,15962425,Thomas,850,Germany,Female,31,3,183630.22,2,0,0,158730.91,0
9594,15743419,Gomes,600,France,Female,59,3,0.0,1,1,0,138786.93,1
9595,15429823,Santos,675,France,Female,61,5,209149.11,2,0,0,85714.44,1
9596,15355784,Robert,741,France,Male,39,2,0.0,2,1,0,38005.0,0
9597,15629052,Oliveira,564,France,Male,24,6,0.0,2,1,1,100323.45,0
9598,15679534,Oliveira,637,France,Female,26,7,239983.51,2,0,1,80219.72,0
9599,15187997,Fischer,543,France,Male,41,6,224990.02,1,1,1,24154.41,0
9600,15044747,Robert,662,France,Male,18,7,10845.87,1,1,1,84006.02,0
9601,15314158,Souza,706,France,Female,39,8,91281.97,2,1,0,115426.64,0
9602,15866068,Thomas,566,Spain,Female,39,3,0.0,1,1,1,118876.36,0
9603,15076384,Oliveira,607,France,Male,39,6,141664.8,1,1,1,199092.54,0
9604,15572221,Pereira,828,France,Male,22,4,215784.18,1,1,1,83633.43,0
9605,15998943,Meyer,645,Germany,Male,57,3,0.0,1,1,0,69562.15,1
9606,15427351,Dubois,575,Spain,Female,55,6,90110.75,1,1,1,126910.93,0
9607,15367989,Silva,609,Spain,Male,32,2,224666.18,2,1,1,139482.75,0
9608,15513353,Lima,666,France,Female,42,2,214030.89,2,1,0,21866.55,0
9609,15574673,Oliveira,623,France,Male,42,5,111528.63,1,1,1,19214.43,0
9610,15692475,Santos,714,Germany,Male,50,3,0.0,2,1,0,60148.86,0
9611,15820494,Alves,694,Germany,Female,45,3,123855.24,1,0,1,52172.19,1
9612,15511608,Santos,610,France,Female,45,7,76829.26,2,1,0,180435.75,0
9613,15712215,Fischer,756,Spain,Female,47,2,0.0,1,1,0,181864.08,0
9614,15240259,Ferreira,624,France,Female,45,6,68830.93,1,0,0,124453.28,1
9615,15120393,Souza,722,Spain,Male,37,3,240788.48,2,1,1,179094.81,0
9616,15556270,Costa,481,Spain,Female,34,7,143428.54,1,1,1,27023.95,0
9617,15875355,Pereira,645,Germany,Male,34,4,175734.15,1,1,1,74646.37,0
9618,15986484,Thomas,666,Spain,Female,43,4,0.0,1,1,1,62870.97,0
9619,15441162,Dubois,789,Germany,Male,36,4,0.0,1,0,1,29683.22,0
9620,15770214,Pereira,650,France,Male,46,6,146605.97,1,0,0,120998.28,0
9621,15191637,Martin,772,France,Male,32,0,132470.52,1,0,1,120815.82,0
9622,15947910,Lima,706,France,Male,54,5,23997.79,2,0,1,99656.94,0
9623,15778983,Martin,542,France,Female,20,2,0.0,1,1,1,182260.89,0
9624,15322821,Souza,471,Germany,Male,49,7,184437.9,1,1,0,112371.75,1
9625,15120984,Meyer,848,France,Female,48,3,0.0,1,1,1,115111.87,0
9626,15966188,Lima,831,France,Female,31,3,249824.56,3,1,0,12045.76,1
9627,15609280,Alves,722,Germany,Female,34,5,92432.53,1,0,1,96191.16,0
9628,15314251,Silva,619,Spain,Male,59,6,53309.18,1,1,1,45327.59,0
9629,15953109,Thomas,622,France,Male,36,5,88281.34,2,0,1,109150.74,0
9630,15426461,Martin,662,France,Male,52,3,20879.54,2,0,1,126578.81,0
9631,15248536,Martin,594,France,Female,52,5,0.0,2,1,0,141643.76,0
9632,15005522,Meyer,448,Germany,Female,44,1,57268.6,1,1,1,139567.34,1
9633,15377225,Weber,784,France,Male,54,8,29110.28,1,1,1,64718.62,0
9634,15104644,Oliveira,764,Germany,Male,46,4,43670.96,1,1,0,110305.61,1
9635,15651458,Robert,443,France,Female,49,3,65050.66,1,1,0,119631.95,1
9636,15168954,Alves,652,France,Male,78,6,0.0,2,0,1,171049.65,0
9637,15180864,Gomes,814,Spain,Female,32,3,0.0,2,1,1,70215.92,0
9638,15862350,Silva,738,France,Female,26,9,0.0,2,0,1,40846.44,0
9639,15269627,Robert,722,France,Female,38,5,1760.36,2,1,0,136760.31,0
9640,15523270,Schmidt,490,France,Female,47,5,0.0,1,0,0,155301.74,1
9641,15185727,Pereira,573,France,Female,36,2,0.0,1,1,1,192778.36,0
9642,15617265,Weber,650,France,Male,57,5,0.0,1,0,0,99418.81,1
9643,15978560,Thomas,775,France,Male,40,2,60875.94,1,0,1,150411.73,0
9644,15894120,Schmidt,694,France,Male,54,6,66180.67,4,0,1,106636.1,1
9645,15246036,Martin,709,France,Male,31,2,0.0,2,1,0,36885.35,0
9646,15861851,Alves,850,Germany,Male,31,3,0.0,1,1,1,184455.6,0
9647,15688056,Martin,763,Spain,Female,26,4,50677.52,2,1,1,129429.57,0
9648,15738858,Martin,817,Germany,Male,36,6,9567.14,1,1,1,17390.49,0
9649,15411146,Weber,735,Germany,Male,44,5,0.0,1,0,1,96262.64,0
9650,15030289,Alves,798,France,Female,71,6,50716.04,2,1,1,55074.32,0
9651,15330030,Schmidt,657,France,Female,39,2,0.0,1,1,1,178814.22,0
9652,15514365,Schmidt,679,France,Male,42,2,0.0,1,1,0,101052.8,0
9653,15836145,Ferreira,593,France,Male,36,3,0.0,1,1,0,98815.98,0
9654,15347513,Dubois,639,France,Female,18,0,0.0,2,1,1,71353.26,0
9655,15456861,Alves,606,Germany,Male,45,6,0.0,1,1,1,19995.59,0
9656,15391605,Oliveira,678,Germany,Male,25,3,220362.42,2,1,1,64536.53,0
9657,15421016,Martin,628,Spain,Female,51,1,120049.17,1,1,1,116486.85,1
9658,15299732,Oliveira,652,France,Male,46,7,138974.75,1,1,1,73131.12,0
9659,15372591,Ferreira,563,Germany,Male,34,8,71947.97,1,1,0,21980.82,0
9660,15820062,Martin,708,Spain,Male,45,5,11151.08,2,0,0,159193.3,0
9661,15414265,Alves,777,Germany,Male,20,3,0.0,2,1,1,116517.35,0
9662,15726792,Pereira,569,France,Female,42,4,0.0,1,1,0,47642.83,1
9663,15165420,Müller,517,France,Female,60,3,25900.0,2,1,0,115635.9,0
9664,15307846,Lima,693,France,Female,60,5,0.0,2,1,1,142024.67,0
9665,15915446,Meyer,586,France,Male,36,3,0.0,1,1,1,135690.53,0
9666,15436418,Santos,453,Germany,Male,31,0,211624.62,1,1,1,132485.85,0
9667,15465519,Dubois,812,France,Male,47,0,9081.43,1,1,1,41192.45,0
9668,15070827,Oliveira,515,France,Female,68,5,0.0,2,0,1,17936.73,0
9669,15561158,Thomas,827,Germany,Female,53,3,0.0,1,1,0,40103.06,1
9670,15407228,Pereira,487,Spain,Male,38,2,0.0,2,1,1,113148.65,0
9671,15246824,Pereira,597,France,Male,59,4,64133.77,1,0,1,118935.0,0
9672,15702168,Gomes,786,Germany,Male,54,3,94873.31,1,1,1,137965.8,0
9673,15096559,Silva,505,France,Male,31,1,3867.95,2,1,1,96727.83,0
9674,15669497,Meyer,626,France,Male,60,2,85971.88,2,1,1,190767.77,0
9675,15933904,Ferreira,469,France,Female,40,6,107092.33,2,0,0,91598.4,0
9676,15730086,Fischer,738,Germany,Female,38,6,0.0,1,0,1,107623.4,0
9677,15486965,Meyer,637,Spain,Male,31,7,0.0,1,1,0,119125.85,0
9678,15083149,Pereira,615,France,Male,41,4,0.0,1,0,0,135014.34,0
9679,15880833,Martin,652,Germany,Female,51,8,0.0,1,1,1,15038.67,1
9680,15398840,Oliveira,611,France,Male,41,2,123696.94,2,1,1,111856.52,0
9681,15204865,Ferreira,662,Germany,Male,21,5,0.0,1,1,0,162672.13,0
9682,15129043,Meyer,715,France,Female,33,5,0.0,2,1,1,66115.1,0
9683,15009025,Costa,662,France,Male,44,0,238990.11,1,1,0,77288.13,0
9684,15009040,Gomes,675,Spain,Male,50,3,45619.35,2,1,0,105520.78,0
9685,15967907,Lima,555,Germany,Female,50,8,77121.22,1,0,0,77452.96,1
9686,15237981,Silva,677,France,Male,26,6,57590.26,2,1,0,44667.71,0
9687,15023982,Meyer,617,France,Male,50,1,237695.44,1,1,1,129920.8,0
9688,15626053,Bernard,584,France,Female,58,4,72199.98,1,0,1,191427.54,0
9689,15657337,Santos,664,France,Male,49,5,41318.83,2,0,1,86921.16,0
9690,15245955,Thomas,647,Spain,Female,42,8,181536.78,2,1,1,102600.9,0
9691,15435686,Müller,786,Spain,Female,52,6,117811.74,1,1,0,26110.66,1
9692,15733126,Ferreira,781,France,Female,47,5,197735.46,1,1,1,82205.6,0
9693,15719860,Santos,542,France,Female,49,7,0.0,2,1,1,106091.26,0
9694,15071996,Silva,664,Spain,Female,46,5,0.0,2,1,0,53551.34,0
9695,15362370,Thomas,482,France,Male,38,8,0.0,2,1,1,195333.84,0
9696,15387330,Martin,682,Germany,Female,46,4,90472.9,2,1,0,16762.55,0
9697,15179253,Gomes,475,France,Male,59,6,0.0,1,1,1,174706.06,0
9698,15772131,Martin,707,Germany,Male,34,5,0.0,2,0,1,123312.46,0
9699,15910956,Müller,850,Germany,Female,54,4,225327.66,1,1,1,82160.77,1
9700,15287759,Santos,677,Spain,Male,43,3,159623.28,1,0,1,74739.3,0
9701,15889973,Oliveira,611,Spain,Male,36,7,16281.32,2,1,1,19634.37,0
9702,15089840,Martin,647,France,Male,42,3,0.0,1,1,0,49684.48,0
9703,15792618,Alves,685,Germany,Female,36,2,0.0,1,1,0,101648.77,1
9704,15123782,Thomas,539,Spain,Male,59,5,73144.97,3,1,1,171330.31,1
9705,15949453,Ferreira,590,France,Male,43,4,97744.09,1,1,1,162532.67,0
9706,15496997,Gomes,590,France,Female,52,3,96220.09,1,1,1,117220.99,0
9707,15046372,Ferreira,579,France,Female,50,7,147937.0,2,1,1,63928.81,0
9708,15976064,Lima,825,France,Male,43,3,241350.35,1,0,1,84023.06,0
9709,15248488,Dubois,605,France,Female,67,1,156871.84,2,0,0,15136.14,1
9710,15696219,Silva,674,Germany,Male,18,0,0.0,1,1,0,156422.1,0
9711,15404165,Alves,691,France,Female,45,7,105460.55,1,1,0,176061.78,1
9712,15245893,Alves,789,Spain,Female,30,4,97037.67,1,1,1,43254.04,0
9713,15890743,Müller,789,France,Male,55,2,0.0,1,0,0,167608.56,1
9714,15501847,Meyer,661,France,Female,41,5,78936.17,1,0,1,141445.46,0
9715,15501921,Costa,665,France,Female,68,4,44611.48,1,1,1,189279.92,1
9716,15504550,Pereira,694,France,Female,53,9,0.0,2,1,1,56378.89,0
9717,15891169,Martin,681,France,Female,21,7,0.0,2,0,0,151762.36,0
9718,15522589,Souza,552,France,Male,27,3,94074.15,1,1,1,122644.24,0
9719,15367536,Ferreira,722,France,Male,46,5,0.0,1,0,1,194107.78,0
9720,15685752,Meyer,689,Germany,Female,49,3,59304.89,2,0,0,142068.53,0
9721,15963027,Fischer,522,Spain,Male,20,3,117467.83,1,1,1,101725.64,0
9722,15148933,Silva,579,France,Female,18,3,57874.77,2,0,0,141711.57,0
9723,15415925,Alves,644,Germany,Male,49,5,203717.88,2,0,1,199417.75,0
9724,15262018,Costa,524,Germany,Female,18,4,0.0,2,0,1,161084.88,0
9725,15082385,Müller,631,France,Female,59,6,114594.09,2,1,1,189230.25,0
9726,15910132,Robert,351,Spain,Male,58,2,200050.04,1,0,1,193087.78,0
9727,15094582,Schmidt,628,Spain,Female,55,4,70777.88,1,1,1,163541.6,0
9728,15037982,Martin,479,France,Female,30,6,44427.29,2,1,0,52012.45,0
9729,15877214,Alves,629,France,Male,28,0,0.0,2,0,1,164137.64,0
9730,15656829,Müller,633,France,Male,48,5,47300.19,2,1,0,26775.11,0
9731,15598097,Souza,706,France,Male,78,6,82907.53,2,0,1,83944.73,0
9732,15951045,Robert,715,Germany,Male,32,3,31104.13,2,0,0,195843.82,0
9733,15739217,Meyer,648,France,Male,39,7,158498.21,1,1,0,107542.28,0
9734,15354364,Pereira,784,Spain,Female,26,6,94592.96,2,0,0,111542.09,0
9735,15338590,Pereira,668,Germany,Female,46,5,0.0,1,0,1,148643.52,0
9736,15795267,Pereira,637,Germany,Male,45,2,246577.59,1,1,1,67696.91,0
9737,15453986,Robert,716,Germany,Male,23,5,136687.17,2,1,0,20035.82,0
9738,15574556,Souza,729,France,Male,34,6,75061.93,2,1,0,51169.36,0
9739,15896104,Meyer,648,France,Male,43,6,0.0,1,0,0,159637.22,0
9740,15997932,Pereira,595,Germany,Female,41,5,85576.75,1,1,1,80383.38,0
9741,15097972,Lima,524,France,Female,48,6,23766.72,1,1,0,35115.96,1
9742,15188067,Thomas,521,France,Female,60,8,0.0,2,0,0,130988.32,0
9743,15351696,Fischer,850,Spain,Male,48,0,158349.82,1,1,0,109702.0,0
9744,15843707,Müller,450,Germany,Female,49,5,92096.14,1,1,0,95907.4,1
9745,15003818,Müller,518,France,Male,56,6,21.82,1,1,1,55191.18,0
9746,15952275,Meyer,507,Germany,Male,55,5,88279.8,1,0,1,152354.71,0
9747,15469203,Silva,809,Spain,Male,35,3,158412.77,2,1,1,116900.53,0
9748,15979808,Alves,557,France,Male,27,6,0.0,2,1,0,196817.88,0
9749,15671731,Robert,524,France,Male,53,7,0.0,2,1,0,174108.0,0
9750,15140277,Weber,464,Spain,Male,34,5,132404.87,2,1,0,56375.3,0
9751,15053991,Oliveira,638,France,Male,55,4,0.0,2,0,1,111842.42,0
9752,15710706,Costa,533,France,Female,24,3,96416.0,1,0,0,111279.72,0
9753,15442193,Gomes,545,France,Female,60,3,78882.35,2,1,0,39335.32,0
9754,15770300,Souza,776,Spain,Male,41,6,177493.7,2,0,0,164629.98,0
9755,15165038,Thomas,709,France,Male,53,5,8647.43,2,1,1,74898.53,0
9756,15535233,Fischer,581,France,Female,39,2,187441.61,2,0,0,38260.97,0
9757,15581572,Robert,620,France,Female,71,2,0.0,2,0,1,57096.67,0
9758,15321136,Gomes,850,Spain,Male,36,1,0.0,1,1,1,194794.72,0
9759,15654597,Santos,500,France,Male,36,5,0.0,2,1,0,117774.78,0
9760,15461814,Santos,570,Germany,Female,21,3,0.0,2,1,0,15496.7,0
9761,15290473,Gomes,616,Spain,Male,70,0,131353.35,2,0,1,110943.33,0
9762,15268378,Gomes,594,France,Male,39,3,216835.95,1,1,0,195822.53,0
9763,15678143,Ferreira,560,Spain,Male,46,6,0.0,1,0,1,28789.96,0
9764,15870724,Müller,526,Spain,Female,41,2,92534.09,2,1,1,83187.38,0
9765,15117078,Pereira,570,Spain,Female,56,5,0.0,1,0,1,86785.15,0
9766,15824787,Silva,710,France,Female,43,4,0.0,1,0,0,40046.43,1
9767,15742490,Souza,680,Germany,Female,50,4,82328.11,1,1,1,91971.18,0
9768,15343913,Costa,562,Spain,Female,50,5,218478.52,1,0,1,32028.9,0
9769,15859135,Robert,447,Spain,Male,49,4,76973.47,1,1,1,142497.83,0
9770,15543268,Pereira,716,France,Female,38,1,0.0,3,0,1,186451.33,1
9771,15027657,Pereira,595,Spain,Male,28,5,186680.8,2,0,0,89454.13,0
9772,15843136,Weber,519,France,Male,18,3,135376.58,1,1,0,195311.85,0
9773,15112251,Müller,660,France,Female,40,2,74023.73,2,1,0,116415.53,0
9774,15361827,Thomas,595,France,Male,42,7,39397.6,2,1,0,18039.04,0
9775,15757251,Fischer,677,Spain,Male,47,6,4627.45,1,0,1,42997.9,0
9776,15691864,Fischer,716,France,Male,64,3,52976.79,2,1,1,30769.32,0
9777,15796751,Weber,502,Germany,Female,36,4,196984.88,1,1,1,144475.29,1
9778,15362854,Oliveira,731,Spain,Male,43,8,210187.72,2,1,1,149362.88,0
9779,15314523,Meyer,709,France,Female,43,2,105038.32,2,1,0,86663.76,0
9780,15266341,Müller,642,Germany,Male,31,8,0.0,2,1,0,168022.37,0
9781,15408781,Dubois,643,France,Female,49,5,5284.73,2,1,0,176898.97,0
9782,15052664,Oliveira,653,France,Male,62,4,114647.76,2,0,1,60907.66,0
9783,15696550,Fischer,623,Germany,Female,18,8,85213.73,2,1,0,172087.73,0
9784,15429248,Oliveira,518,Spain,Female,49,3,241884.98,2,0,1,163263.98,0
9785,15594999,Dubois,551,Germany,Male,30,3,235894.19,1,0,1,88692.8,0
9786,15550488,Robert,598,Spain,Male,35,3,197049.04,1,1,1,81605.96,0
9787,15352088,Bernard,812,France,Female,43,6,0.0,2,0,1,195694.27,0
9788,15464763,Pereira,648,France,Female,58,3,144621.27,4,1,0,89289.79,1
9789,15486532,Fischer,663,Germany,Male,41,1,102667.22,2,1,0,67786.39,0
9790,15143378,Souza,459,France,Male,36,5,149485.43,2,0,0,125865.49,0
9791,15758902,Müller,779,France,Female,57,2,0.0,1,0,1,176384.35,0
9792,15910368,Weber,567,Germany,Male,32,0,185811.98,2,1,1,128932.68,0
9793,15295816,Oliveira,662,France,Male,46,2,121367.14,2,1,1,178937.95,0
9794,15493449,Pereira,576,France,Female,36,6,40973.51,1,0,0,162594.11,1
9795,15456866,Souza,762,Germany,Male,59,8,31495.51,2,1,0,179275.24,0
9796,15870178,Martin,850,Germany,Male,57,5,0.0,2,1,1,158224.67,0
9797,15890489,Silva,697,Spain,Male,51,3,24991.98,1,1,1,124932.39,0
9798,15734600,Souza,553,Germany,Female,36,4,0.0,2,0,0,22311.58,0
9799,15484208,Weber,664,France,Male,47,2,62018.1,1,1,1,79431.62,0
9800,15012721,Alves,640,Spain,Female,50,7,79488.18,2,0,1,21010.46,0
9801,15127753,Pereira,676,Spain,Male,43,5,125203.52,1,1,1,185011.0,0
9802,15794186,Lima,588,France,Female,43,1,63290.41,2,0,1,189705.64,0
9803,15259568,Weber,490,France,Male,27,3,144506.85,1,0,1,40462.85,0
9804,15591393,Bernard,546,Germany,Male,40,4,101577.41,2,1,1,129107.94,0
9805,15086762,Meyer,554,Germany,Female,39,6,0.0,1,1,1,167103.67,0
9806,15384881,Costa,504,Spain,Male,60,7,164607.26,2,0,0,26548.3,0
9807,15100757,Costa,708,Germany,Male,58,2,0.0,1,1,1,194016.59,0
9808,15184002,Schmidt,604,Germany,Female,21,6,0.0,1,1,1,126597.42,0
9809,15950657,Fischer,788,Spain,Male,72,1,66924.59,1,0,0,80398.62,1
9810,15017398,Weber,723,Germany,Male,33,2,15117.2,1,1,1,117545.12,0
9811,15265019,Dubois,578,France,Female,39,0,200057.37,2,0,1,118106.34,0
9812,15284619,Schmidt,584,Spain,Male,39,1,32850.02,2,1,0,33684.78,0
9813,15617501,Fischer,821,France,Male,55,0,1278.88,1,0,0,118975.95,1
9814,15687229,Meyer,590,Spain,Female,42,2,215568.44,1,0,1,137959.98,0
9815,15211098,Silva,642,Spain,Male,33,7,0.0,1,1,0,54869.81,0
9816,15477647,Müller,677,Germany,Female,41,3,153762.98,2,1,1,17041.79,0
9817,15652139,Weber,839,Germany,Male,37,4,0.0,1,1,0,107306.28,0
9818,15957926,Costa,499,France,Male,33,4,16235.83,1,0,0,27402.54,0
9819,15944027,Oliveira,760,France,Female,38,9,167248.37,2,1,1,60996.86,0
9820,15020837,Bernard,658,France,Male,36,3,4872.49,1,0,1,103421.07,0
9821,15241391,Oliveira,707,Germany,Male,59,3,110739.46,1,1,0,20622.04,1
9822,15094636,Robert,554,Germany,Female,46,8,11782.9,2,1,0,184151.73,0
9823,15720591,Meyer,718,Germany,Male,31,5,0.0,2,1,0,79924.56,0
9824,15970213,Weber,599,France,Male,36,3,247083.32,2,1,1,97666.14,0
9825,15546929,Alves,619,France,Male,22,3,0.0,1,1,1,116884.27,0
9826,15302348,Oliveira,689,Spain,Male,34,1,242420.63,1,0,1,108101.23,0
9827,15927198,Oliveira,698,France,Female,42,4,56931.67,2,1,1,51851.29,0
9828,15770419,Oliveira,434,Germany,Female,33,6,114541.7,2,0,0,39246.67,1
9829,15127676,Lima,650,Spain,Male,44,4,46724.62,1,1,1,45141.96,0
9830,15504827,Santos,574,Germany,Male,31,7,165271.95,2,0,0,81382.87,0
9831,15602559,Santos,730,France,Male,36,4,132175.89,1,1,1,145792.33,0
9832,15830735,Meyer,669,Spain,Female,68,3,0.0,1,1,1,136883.34,1
9833,15511574,Ferreira,519,France,Male,34,2,83999.5,1,1,0,125974.53,0
9834,15452539,Schmidt,582,Spain,Male,36,2,96366.45,2,1,1,42850.57,0
9835,15794106,Oliveira,783,France,Female,36,3,149812.76,2,1,1,29254.94,0
9836,15594330,Martin,663,France,Female,40,9,9478.71,2,1,0,45475.49,0
9837,15116697,Meyer,757,Spain,Male,37,3,83665.02,1,1,1,161480.17,0
9838,15754455,Thomas,670,France,Female,31,4,97529.23,1,1,1,160403.36,0
9839,15139999,Alves,671,Germany,Female,53,3,73344.87,1,1,1,139878.95,1
9840,15003279,Dubois,631,Spain,Male,60,2,82142.49,2,1,0,181145.56,0
9841,15363353,Meyer,477,Spain,Male,41,5,48596.41,1,1,0,20565.18,0
9842,15276245,Müller,697,Spain,Male,38,4,197906.92,2,1,0,133952.11,0
9843,15917537,Meyer,685,France,Male,49,1,0.0,1,1,0,167230.76,0
9844,15084972,Thomas,663,Germany,Male,34,7,0.0,1,1,0,109687.16,0
9845,15795411,Müller,744,France,Male,28,4,133620.07,1,0,1,89263.06,0
9846,15216731,Martin,739,France,Female,35,3,240056.17,3,1,0,139996.57,1
9847,15791892,Schmidt,587,Spain,Female,43,6,197285.09,1,1,0,145437.85,1
9848,15378604,Weber,550,France,Female,20,2,0.0,1,0,0,139429.84,0
9849,15604040,Costa,650,Germany,Female,25,4,84268.66,1,1,1,192436.73,0
9850,15102872,Silva,793,Germany,Female,36,4,0.0,1,1,0,193874.31,1
9851,15508167,Martin,661,Germany,Female,37,6,69150.3,2,1,0,130145.66,0
9852,15431225,Fischer,664,Spain,Female,31,3,0.0,1,0,1,193403.46,0
9853,15679824,Müller,591,France,Female,23,6,0.0,2,1,0,186326.03,0
9854,15215152,Souza,578,Germany,Male,40,5,0.0,2,0,1,54475.46,0
9855,15452659,Ferreira,636,Spain,Female,39,6,169609.26,2,0,1,149132.39,0
9856,15237596,Santos,710,France,Male,27,8,0.0,1,1,0,72329.96,0
9857,15302040,Alves,650,France,Female,40,6,0.0,1,1,0,162057.59,0
9858,15219979,Ferreira,535,Germany,Male,30,3,0.0,1,1,1,68132.05,0
9859,15496281,Schmidt,696,France,Male,42,5,71772.65,1,1,1,55058.62,0
9860,15195566,Bernard,647,France,Male,32,6,0.0,1,1,1,194577.32,0
9861,15507463,Lima,584,Spain,Male,37,4,78379.07,4,0,0,62722.59,1
9862,15982904,Müller,850,Germany,Male,28,5,71738.62,1,0,0,144032.68,0
9863,15249643,Dubois,785,Spain,Female,33,2,71319.38,2,1,0,21971.15,0
9864,15876235,Alves,495,Spain,Male,32,6,163731.21,2,1,1,105746.69,0
9865,15323795,Dubois,850,Germany,Male,75,6,83889.93,1,0,1,108813.33,1
9866,15727719,Souza,689,France,Male,59,7,0.0,1,1,1,153457.67,0
9867,15111274,Santos,737,France,Female,21,5,51687.56,1,0,0,140533.36,0
9868,15326973,Ferreira,660,France,Male,45,7,0.0,3,1,0,131365.67,1
9869,15914123,Ferreira,650,Spain,Male,36,2,86218.73,1,1,1,65238.15,0
9870,15683584,Schmidt,644,France,Male,29,6,182934.46,1,1,0,93198.72,0
9871,15410716,Martin,680,France,Male,45,8,0.0,2,1,1,123963.15,0
9872,15276561,Thomas,571,Germany,Female,30,6,203101.03,1,0,0,85966.28,1
9873,15318615,Alves,545,France,Female,39,5,83548.63,2,1,1,177711.07,0
9874,15011904,Souza,673,France,Female,50,7,216952.67,2,0,1,183376.3,0
9875,15849066,Ferreira,593,Germany,Female,43,1,111074.14,2,1,1,107498.39,0
9876,15719845,Bernard,653,France,Female,65,0,94209.38,1,1,0,33740.2,1
9877,15186925,Müller,661,France,Female,53,8,0.0,2,0,1,57011.01,0
9878,15776516,Bernard,730,France,Female,52,5,128156.01,1,0,0,189313.0,1
9879,15689184,Ferreira,614,Germany,Male,39,2,182828.13,1,1,0,162065.06,1
9880,15720113,Ferreira,590,Germany,Female,24,3,179405.34,2,0,1,147835.57,0
9881,15870046,Costa,606,France,Male,43,6,171743.47,2,1,0,82371.77,0
9882,15819960,Bernard,595,Germany,Male,63,6,3071.35,2,1,0,78070.49,1
9883,15463619,Santos,695,France,Male,40,2,0.0,2,1,1,116660.29,0
9884,15741818,Ferreira,594,Spain,Female,70,4,51265.72,1,0,1,117907.48,1
9885,15277840,Gomes,818,France,Male,23,6,0.0,1,0,1,125296.61,0
9886,15657666,Costa,557,Germany,Male,32,8,75886.02,1,1,0,119713.73,0
9887,15234838,Weber,602,Spain,Male,30,5,52150.04,2,1,0,71583.98,0
9888,15922301,Meyer,464,Spain,Male,39,5,92212.56,1,0,1,45611.23,0
9889,15294674,Meyer,584,France,Male,56,4,0.0,2,1,1,194476.81,0
9890,15683078,Alves,666,France,Male,31,4,222959.58,1,0,1,28909.65,0
9891,15233676,Dubois,657,Germany,Female,54,1,41472.67,1,0,1,165657.54,1
9892,15182975,Alves,596,France,Female,47,3,73750.74,1,0,0,48681.89,1
9893,15498516,Lima,724,Spain,Male,32,4,0.0,2,1,1,191252.67,0
9894,15871209,Santos,601,Germany,Female,59,3,120902.62,1,1,0,105664.17,1
9895,15615234,Costa,524,Germany,Female,24,3,43041.61,1,1,1,75274.33,0
9896,15731641,Alves,689,France,Male,58,8,116626.0,2,1,1,184716.96,0
9897,15763234,Robert,668,Germany,Female,33,0,134838.37,1,1,0,75739.08,1
9898,15737058,Souza,609,Germany,Male,39,3,219178.62,2,0,1,111083.28,0
9899,15907629,Costa,629,Spain,Male,44,5,73643.01,2,1,1,162276.83,0
9900,15181845,Souza,699,France,Female,59,3,97567.71,2,1,0,152384.13,0
9901,15504988,Ferreira,813,France,Female,47,5,145411.77,1,1,0,180258.23,1
9902,15382696,Souza,603,France,Female,49,3,69256.16,1,1,0,80810.95,1
9903,15240480,Meyer,824,France,Female,57,5,162583.72,3,1,0,50007.3,1
9904,15527397,Pereira,783,Germany,Female,37,6,95506.0,1,1,1,93455.95,0
9905,15650960,Alves,600,Spain,Female,54,5,66012.91,1,0,1,140242.2,0
9906,15870108,Thomas,620,France,Female,40,0,29186.08,2,0,0,60967.47,0
9907,15541692,Robert,850,Spain,Female,19,6,149294.69,1,1,1,139258.95,0
9908,15453358,Thomas,515,France,Male,31,2,98224.51,2,1,0,43556.89,0
9909,15639477,Martin,592,France,Male,31,5,0.0,2,1,1,198925.13,0
9910,15551926,Fischer,584,France,Male,35,5,0.0,2,0,1,114881.75,0
9911,15882892,Costa,423,France,Male,33,6,0.0,1,1,0,26204.51,0
9912,15627322,Meyer,767,Spain,Female,22,4,0.0,1,1,1,33832.12,0
9913,15083470,Gomes,724,France,Male,44,3,156335.5,2,1,1,122802.01,0
9914,15208294,Souza,692,Germany,Female,47,4,53784.35,2,1,1,116162.65,0
9915,15219201,Alves,744,France,Female,45,4,0.0,2,0,0,89525.89,0
9916,15937566,Alves,680,Spain,Male,35,6,242621.83,1,1,1,125703.76,0
9917,15665222,Silva,748,France,Female,56,2,56655.62,2,1,1,30041.76,0
9918,15689000,Ferreira,825,France,Female,21,6,0.0,1,0,1,34698.95,0
9919,15746369,Thomas,664,France,Male,42,3,20278.11,1,1,0,66461.66,0
9920,15045099,Thomas,850,France,Male,34,6,26064.71,4,1,1,166887.68,1
9921,15647740,Meyer,647,France,Female,45,3,0.0,1,0,0,56707.9,1
9922,15916057,Souza,521,Spain,Female,33,5,45280.7,3,1,0,150538.87,1
9923,15432253,Gomes,675,Germany,Male,52,6,59069.21,2,0,0,120585.5,0
9924,15210039,Thomas,799,Germany,Male,60,5,52578.53,2,1,0,76031.53,0
9925,15028562,Dubois,716,Germany,Female,45,5,0.0,2,0,1,35318.72,0
9926,15682281,Oliveira,639,France,Male,29,5,157699.28,1,1,1,148782.64,0
9927,15497903,Thomas,730,France,Male,34,5,214937.51,2,1,0,93530.21,0
9928,15089133,Weber,660,Spain,Female,56,6,142054.15,2,0,1,126116.98,0
9929,15614553,Schmidt,590,Spain,Male,32,6,156932.9,2,1,1,95544.62,0
9930,15721398,Lima,835,Spain,Male,75,2,60644.68,1,1,0,141652.21,1
9931,15306542,Müller,753,Spain,Female,33,2,0.0,2,0,0,22078.44,0
9932,15956648,Pereira,760,France,Male,67,8,129020.44,2,1,0,20765.73,1
9933,15618806,Santos,716,France,Female,60,6,68938.66,2,1,1,61105.81,0
9934,15109812,Meyer,850,France,Male,42,5,175734.95,2,0,1,162391.05,0
9935,15113411,Bernard,742,France,Male,27,0,20626.04,2,1,1,91965.51,0
9936,15052632,Müller,513,France,Female,39,6,157542.54,1,0,1,195653.57,0
9937,15657954,Costa,665,France,Male,60,6,0.0,1,0,0,158659.86,1
9938,15903653,Thomas,694,Germany,Male,60,8,0.0,1,1,1,126892.29,0
9939,15032165,Pereira,685,Spain,Female,39,0,165722.04,1,0,0,60064.65,1
9940,15862169,Souza,712,Germany,Female,34,0,89835.52,1,0,1,61315.63,0
9941,15302905,Silva,595,Spain,Female,55,4,0.0,1,1,0,75711.22,1
9942,15074485,Dubois,687,France,Male,44,6,0.0,1,1,0,171231.43,0
9943,15684723,Dubois,621,France,Male,54,9,0.0,1,1,0,162050.12,1
9944,15216351,Dubois,586,Germany,Male,53,3,169541.56,1,1,1,150080.3,1
9945,15991636,Silva,798,France,Female,58,0,82954.29,2,1,0,110512.97,0
9946,15731987,Silva,516,France,Male,26,2,148888.7,4,1,0,81232.6,1
9947,15749822,Schmidt,487,France,Female,19,7,9708.74,1,1,1,150215.23,0
9948,15015134,Silva,558,France,Female,19,4,0.0,2,1,0,74257.86,0
9949,15181739,Oliveira,622,Germany,Male,74,6,66500.85,1,1,1,157745.95,1
9950,15444040,Schmidt,820,France,Male,38,4,223031.36,2,0,1,40168.69,0
9951,15833948,Meyer,678,Germany,Male,25,0,135131.87,1,1,1,129448.74,0
9952,15794055,Santos,696,Germany,Male,38,5,0.0,2,1,1,30113.79,0
9953,15990966,Lima,587,France,Male,32,4,0.0,1,1,0,116459.62,0
9954,15149299,Santos,714,France,Male,52,4,0.0,1,0,1,30159.57,0
9955,15716722,Pereira,781,France,Female,48,8,0.0,2,1,0,180429.91,0
9956,15322990,Bernard,538,France,Male,49,4,65577.84,2,1,0,87587.14,0
9957,15990454,Silva,687,Germany,Male,30,6,246208.16,1,1,1,131071.29,0
9958,15791600,Meyer,691,Spain,Male,51,1,9500.68,1,0,0,75970.9,1
9959,15645195,Weber,747,Germany,Female,31,4,157187.53,2,1,1,113977.46,0
9960,15505783,Souza,477,France,Male,46,5,45582.55,1,1,0,147141.94,0
9961,15695227,Ferreira,586,Germany,Male,19,2,93457.28,2,1,1,75990.09,0
9962,15530611,Martin,612,Germany,Female,18,3,102512.59,2,1,1,51635.83,0
9963,15157382,Alves,723,France,Male,27,6,0.0,2,0,1,142315.11,0
9964,15399983,Fischer,745,Germany,Male,48,2,63922.38,1,0,1,35803.42,0
9965,15424212,Pereira,521,France,Female,41,2,90733.44,2,1,0,166925.08,0
9966,15443801,Thomas,484,Germany,Female,23,3,21366.6,1,1,1,116386.78,0
9967,15415567,Silva,796,Germany,Male,38,6,533.72,2,1,0,38757.92,0
9968,15527594,Lima,589,France,Female,58,6,75014.76,1,1,1,99403.97,0
9969,15636477,Meyer,825,Germany,Male,19,6,98637.25,2,1,1,78764.58,0
9970,15596745,Müller,707,France,Male,37,3,91552.86,2,1,1,41230.84,0
9971,15498386,Robert,635,France,Female,37,1,10442.06,2,1,1,18908.77,0
9972,15695292,Lima,735,Spain,Male,51,0,8705.22,1,1,0,95862.8,1
9973,15829834,Dubois,769,Spain,Male,39,5,85481.12,1,1,1,134335.58,0
9974,15813323,Oliveira,625,France,Male,75,5,6945.57,2,1,1,178890.6,0
9975,15423329,Müller,595,France,Male,38,3,212878.89,2,1,0,74318.58,0
9976,15754146,Fischer,657,France,Male,37,4,145653.84,1,1,1,68932.22,0
9977,15536354,Costa,772,France,Female,21,3,0.0,2,1,0,111328.53,0
9978,15317594,Pereira,618,Spain,Female,42,3,0.0,2,1,1,118537.33,0
9979,15090444,Souza,622,Spain,Female,32,6,0.0,1,1,1,38389.3,0
9980,15428897,Pereira,595,Germany,Female,47,6,0.0,1,0,1,25738.7,0
9981,15674449,Thomas,558,France,Male,38,0,60574.1,2,1,1,45136.98,0
9982,15155036,Gomes,685,Germany,Male,31,8,0.0,2,1,1,127292.23,0
9983,15948155,Martin,593,France,Male,57,3,106175.73,2,1,1,85220.19,0
9984,15730642,Oliveira,790,Spain,Female,45,7,76742.15,2,1,1,29278.99,0
9985,15059550,Bernard,798,Spain,Female,19,4,0.0,1,1,0,158812.4,0
9986,15686756,Gomes,477,Germany,Male,43,4,0.0,1,0,0,131028.29,1
9987,15604261,Gomes,662,France,Female,43,4,0.0,1,1,1,168924.04,0
9988,15125894,Weber,770,France,Male,28,7,121793.99,1,0,1,69194.82,0
9989,15290543,Fischer,718,France,Female,35,2,218196.74,2,1,0,118468.46,0
9990,15412263,Costa,785,Spain,Male,31,5,63063.32,1,1,1,144435.2,0
9991,15941293,Martin,576,France,Male,40,3,2655.3,2,1,0,184866.49,0
9992,15049981,Santos,490,France,Male,55,7,35283.98,1,0,0,21443.25,1
9993,15579411,Schmidt,659,France,Female,22,2,74696.84,1,0,1,184513.62,0
9994,15325929,Santos,682,Spain,Male,19,5,66359.16,1,1,1,47068.48,0
9995,15242245,Dubois,754,France,Male,35,4,0.0,2,1,0,88050.68,0
9996,15226753,Meyer,627,Spain,Male,77,5,31475.98,2,0,0,35307.02,0
9997,15198450,Schmidt,825,Spain,Female,41,2,161794.09,1,1,1,177822.38,0
9998,15774860,Dubois,713,Spain,Female,24,3,16027.98,3,0,0,63716.77,1
9999,15364184,Gomes,603,France,Female,33,1,92805.43,1,0,1,125779.36,0
10000,15695286,Oliveira,509,France,Female,39,8,102937.86,2,1,1,100456.86,0
